0,0.0577540397644043,1.1001200675964355,70.5088988917341,70.5088988917341,-18.863625763848617,-18.863625763848617
0,37.91574478149414,71.56287121772766,68.33880882298881,68.33880882298881,96.29867601845359,96.29867601845359
1,38.56441926956177,75.46789288520813,65.47681061144146,62.61481239989412,87.8432008477038,79.387725676954
2,38.98151636123657,78.85364532470703,63.69360659660952,60.12719856694562,91.12783331711704,97.6970982559435
3,37.78216814994812,76.35232377052307,62.34575016618059,58.302180874893814,89.1625613149451,83.26674530842925
0,0.043524980545043945,1.4217429161071777,66.3371738871131,66.3371738871131,10.143400986247471,10.143400986247471
0,0.036479949951171875,1.2602553367614746,66.3371738871131,66.3371738871131,10.143400986247471,10.143400986247471
0,0.03733563423156738,1.2544238567352295,66.3371738871131,66.3371738871131,10.143400986247471,10.143400986247471
0,0.03565526008605957,1.2559130191802979,66.3371738871131,66.3371738871131,10.143400986247471,10.143400986247471
0,0.22222495079040527,1.7072250843048096,74.03137954298037,74.03137954298037,99.09891737564725,99.09891737564725
1,0.20770692825317383,1.2448391914367676,77.65412709760753,81.27687465223467,92.49955091814724,85.90018446064721
2,0.21657156944274902,1.2326178550720215,77.12843955414411,76.07706446721727,80.86084484197833,57.5834326896405
3,0.2109520435333252,1.2466540336608887,76.71597137714525,75.47856684614871,81.54911088400527,83.61390901008608
4,0.22182703018188477,1.248694658279419,76.54875221731132,75.87987557797555,85.73040064864487,102.45555970720332
5,0.21900367736816406,1.288362979888916,74.48907726203379,64.19070248564614,92.0187355115769,123.46040982623713
6,0.21814322471618652,1.2435779571533203,74.46998496854063,74.35543120758169,94.11219495630148,106.67295162464889
7,0.22958993911743164,1.2701928615570068,72.92827411288987,62.136298123334555,101.08907411531919,149.92722822844323
8,0.24211621284484863,1.241267204284668,71.56060249141501,60.6192295196162,101.53862270242513,105.13501139927268
9,0.2327737808227539,1.238454818725586,69.28076806956831,48.762258272948024,106.53917584349065,151.5441541130802
10,0.23977184295654297,1.2542767524719238,67.63039803278275,57.52767917512478,109.78105109590379,131.51766989977872
11,0.23073744773864746,1.243656873703003,63.09009301702724,35.873824494679425,117.59116763490348,164.00134985064415
12,0.23555421829223633,1.233116865158081,60.291373580958386,48.08987010652866,123.26914800840044,114.36323642460971
13,0.2398970127105713,1.2324752807617188,58.05309697441057,53.0958007806708,132.06213002988036,171.54372922488545
14,0.22473978996276855,1.2309091091156006,56.211414894714025,57.463054781010015,136.22908770680633,144.1251364764632
15,0.24981307983398438,1.2318336963653564,54.95520931212857,51.62864665979157,137.05430089070302,131.7125416652038
16,0.25217223167419434,1.2209908962249756,53.38208052476578,58.62414333395379,138.93057458328724,125.43568855049122
17,0.24926233291625977,1.2349073886871338,53.43816463930273,62.69713926870404,141.76582730822562,178.27975547782717
18,0.22751569747924805,1.263453722000122,52.083685301874326,47.074436145332115,141.36812568269642,101.15799514398078
19,0.23567819595336914,1.2319259643554688,52.99876113541486,57.91301660835338,143.96689951956435,177.53189248175914
0,0.21910977363586426,1.6846790313720703,74.03137954298037,74.03137954298037,99.09891737564725,99.09891737564725
1,0.21484923362731934,1.257154941558838,77.65412709760753,81.27687465223467,92.49955091814724,85.90018446064721
2,0.2250974178314209,1.2531039714813232,77.12843955414411,76.07706446721727,80.86084484197833,57.5834326896405
3,0.2117929458618164,1.2221121788024902,76.71597137714525,75.47856684614871,81.54911088400527,83.61390901008608
4,0.21877217292785645,1.227353811264038,76.54875221731132,75.87987557797555,85.73040064864487,102.45555970720332
5,0.21889328956604004,1.2309458255767822,74.48907726203379,64.19070248564614,92.0187355115769,123.46040982623713
6,0.21735024452209473,1.228492021560669,74.46998496854063,74.35543120758169,94.11219495630148,106.67295162464889
7,0.2234787940979004,1.217043161392212,72.92827411288987,62.136298123334555,101.08907411531919,149.92722822844323
8,0.2396395206451416,1.2280540466308594,71.56060249141501,60.6192295196162,101.53862270242513,105.13501139927268
9,0.23316645622253418,1.232389211654663,69.28076806956831,48.762258272948024,106.53917584349065,151.5441541130802
0,0.21587777137756348,1.7255632877349854,74.03137954298037,74.03137954298037,99.09891737564725,99.09891737564725
1,0.2076129913330078,1.227036952972412,77.65412709760753,81.27687465223467,92.49955091814724,85.90018446064721
2,0.21735525131225586,1.243030071258545,77.12843955414411,76.07706446721727,80.86084484197833,57.5834326896405
3,0.2110309600830078,1.2332792282104492,76.71597137714525,75.47856684614871,81.54911088400527,83.61390901008608
4,0.22015810012817383,1.2492337226867676,76.54875221731132,75.87987557797555,85.73040064864487,102.45555970720332
5,0.21926164627075195,1.2463982105255127,74.48907726203379,64.19070248564614,92.0187355115769,123.46040982623713
6,0.21859097480773926,1.2365119457244873,74.46998496854063,74.35543120758169,94.11219495630148,106.67295162464889
7,0.22418642044067383,1.2523243427276611,72.92827411288987,62.136298123334555,101.08907411531919,149.92722822844323
8,0.24023938179016113,1.236412763595581,71.56060249141501,60.6192295196162,101.53862270242513,105.13501139927268
9,0.23470282554626465,1.2384278774261475,69.28076806956831,48.762258272948024,106.53917584349065,151.5441541130802
0,0.21771502494812012,1.6758382320404053,74.03137954298037,74.03137954298037,99.09891737564725,99.09891737564725
1,0.20987892150878906,1.244135856628418,77.65412709760753,81.27687465223467,92.49955091814724,85.90018446064721
2,0.21885943412780762,1.2363338470458984,77.12843955414411,76.07706446721727,80.86084484197833,57.5834326896405
3,0.21325325965881348,1.234118938446045,76.71597137714525,75.47856684614871,81.54911088400527,83.61390901008608
4,0.2207202911376953,1.255817174911499,76.54875221731132,75.87987557797555,85.73040064864487,102.45555970720332
5,0.22172117233276367,1.248136281967163,74.48907726203379,64.19070248564614,92.0187355115769,123.46040982623713
6,0.22138404846191406,1.250795841217041,74.46998496854063,74.35543120758169,94.11219495630148,106.67295162464889
7,0.22775483131408691,1.2553489208221436,72.92827411288987,62.136298123334555,101.08907411531919,149.92722822844323
8,0.24262595176696777,1.2513489723205566,71.56060249141501,60.6192295196162,101.53862270242513,105.13501139927268
9,0.23465204238891602,1.2623300552368164,69.28076806956831,48.762258272948024,106.53917584349065,151.5441541130802
0,0.21803855895996094,1.6823408603668213,74.03137954298037,74.03137954298037,99.09891737564725,99.09891737564725
1,0.20783233642578125,1.2231125831604004,77.65412709760753,81.27687465223467,92.49955091814724,85.90018446064721
2,0.2161998748779297,1.2274971008300781,77.12843955414411,76.07706446721727,80.86084484197833,57.5834326896405
3,0.21270227432250977,1.2282440662384033,76.71597137714525,75.47856684614871,81.54911088400527,83.61390901008608
4,0.2189939022064209,1.2304601669311523,76.54875221731132,75.87987557797555,85.73040064864487,102.45555970720332
5,0.2200930118560791,1.2403838634490967,74.48907726203379,64.19070248564614,92.0187355115769,123.46040982623713
6,0.21851110458374023,1.2382359504699707,74.46998496854063,74.35543120758169,94.11219495630148,106.67295162464889
7,0.22710585594177246,1.2707843780517578,72.92827411288987,62.136298123334555,101.08907411531919,149.92722822844323
8,0.2451183795928955,1.2540359497070312,71.56060249141501,60.6192295196162,101.53862270242513,105.13501139927268
9,0.2429189682006836,1.2875161170959473,69.28076806956831,48.762258272948024,106.53917584349065,151.5441541130802
10,0.24467206001281738,1.262199878692627,67.63039803278275,57.52767917512478,109.78105109590379,131.51766989977872
11,0.2724792957305908,1.2699689865112305,63.09009301702724,35.873824494679425,117.59116763490348,164.00134985064415
12,0.23739266395568848,1.2371530532836914,60.291373580958386,48.08987010652866,123.26914800840044,114.36323642460971
13,0.24655508995056152,1.263969898223877,58.05309697441057,53.0958007806708,132.06213002988036,171.54372922488545
14,0.23475885391235352,1.2843291759490967,56.211414894714025,57.463054781010015,136.22908770680633,144.1251364764632
15,0.2581186294555664,1.2767751216888428,54.95520931212857,51.62864665979157,137.05430089070302,131.7125416652038
16,0.2566826343536377,1.3132238388061523,53.38208052476578,58.62414333395379,138.93057458328724,125.43568855049122
17,0.2567322254180908,1.2614479064941406,53.43816463930273,62.69713926870404,141.76582730822562,178.27975547782717
18,0.22578191757202148,1.2405579090118408,52.083685301874326,47.074436145332115,141.36812568269642,101.15799514398078
19,0.23656940460205078,1.27882981300354,52.99876113541486,57.91301660835338,143.96689951956435,177.53189248175914
0,7.848663806915283,14.543131113052368,73.41671456882554,73.41671456882554,98.94379853166294,98.94379853166294
1,7.62945032119751,14.619310855865479,68.8223145207001,64.22791447257467,94.30375128347109,89.66370403527924
2,7.620028972625732,14.265483140945435,66.48625954657159,61.81414959831455,93.26072192767079,91.1746632160702
3,7.628594160079956,13.968451023101807,63.3785741531127,54.055517972736055,95.46030181374307,102.05904147195992
4,7.626513957977295,13.964160919189453,58.80576136286415,40.51451020186994,98.54662058602634,110.89189567515939
5,7.831296920776367,14.28268313407898,54.789333028353674,34.70719135580127,107.1273975854743,150.0312825827142
6,7.826191663742065,14.455254077911377,50.88256660753001,27.441968082588005,113.06754695044734,148.70844314028557
7,7.7313573360443115,14.50615906715393,48.186078778011975,29.310663971385786,116.17968779685782,137.96467372173112
8,7.713911294937134,14.264189958572388,45.94419635814276,28.00913699918908,119.86388032669008,149.33742056534817
9,7.880235195159912,14.491314888000488,44.24877441832531,28.98997695996824,122.94497154072974,150.67479246708675
10,7.928810119628906,14.897126197814941,39.99055710518581,30.83454143743051,127.86264559816361,148.12053910600156
0,0.04929494857788086,1.454967975616455,36.99615556362654,36.99615556362654,50.63768221072624,50.63768221072624
0,0.11230802536010742,1.3420979976654053,68.00851819167274,68.00851819167274,123.00432629566534,123.00432629566534
1,0.10077595710754395,0.9036521911621094,62.58851727698283,57.16851636229292,131.8505175848925,140.69670887411962
2,0.10273432731628418,0.9033260345458984,56.981091661134464,45.766240429437744,136.97220484067944,147.21557935225331
3,0.10242462158203125,0.9084808826446533,56.86751972168421,56.52680390333344,141.2047678538823,153.9024568934909
4,0.10419106483459473,0.9090099334716797,58.39132845909023,64.48656340871432,137.2101722660369,121.23178991465532
5,0.09376645088195801,0.9064891338348389,58.340166034982424,58.08435391444341,127.65829548216209,79.89891156278802
6,0.10498166084289551,0.9176902770996094,58.41853498095371,58.88874865678142,125.43110926743962,112.06799197910485
7,0.10364341735839844,0.9102272987365723,57.85364313421111,53.899400207012874,126.38529039015357,133.06455824915128
8,0.09946918487548828,0.9132399559020996,58.618130703920706,64.73403126159744,129.22641535015342,151.9554150301522
9,0.10483026504516602,0.9134459495544434,59.59360738562962,68.37289752100983,130.48572575972543,141.81951944587337
10,0.0984961986541748,0.9084787368774414,59.649186793401874,68.5643122693954,131.70353587268113,135.1824274252226
11,0.10381054878234863,0.9127967357635498,60.97363165584035,70.41296498667757,128.86051932505157,112.26654339782391
12,0.1038670539855957,0.9109067916870117,63.17444940310149,67.77441790204915,124.7172126805854,105.78251290759177
13,0.10654354095458984,0.909926176071167,63.6534785273624,61.317095145942645,121.39184185312709,120.64874861890755
14,0.10565328598022461,0.9146325588226318,61.56908627099326,43.64264084502278,124.960293803594,156.91630941932453
15,0.09899783134460449,0.9075000286102295,62.234715811914235,64.74064932365334,131.62357598666148,146.53173339346245
16,0.10665225982666016,0.9155709743499756,61.89113610756884,55.45295161332741,133.9193076726233,135.0253088387234
17,0.10109138488769531,0.9191360473632812,62.7762968921905,62.75100805322943,131.35325182213958,107.40399974431392
18,0.11827206611633301,0.9087357521057129,61.42125604461695,51.183622785861935,138.93132662934354,227.7361631021918
19,0.10676908493041992,0.9111180305480957,59.124978096968036,45.410118044520715,140.37417233166553,156.24797646909366
20,0.11008977890014648,0.9083418846130371,58.246218415278534,59.776715452500355,135.38021121243943,85.2428162329616
21,0.10414290428161621,0.910367488861084,57.31687020614885,61.119482895380614,140.49638420022933,163.42827327572274
22,0.10669589042663574,0.9171428680419922,54.417402730703884,38.77974314759963,143.6421522233576,137.24019313887442
23,0.1129763126373291,0.914315938949585,54.385006716621675,60.993135005120536,142.60617272146607,110.28895359999218
24,0.12758183479309082,0.9123718738555908,53.78040122489095,37.596585927715616,139.78523882604145,128.7069704650783
25,0.12117600440979004,0.9093883037567139,51.98192672548474,46.755904329591175,145.37766302466122,202.45597537966
26,0.10950708389282227,0.9042329788208008,52.48606444226438,60.49432878112377,136.6625250836953,47.87392942906422
27,0.11513519287109375,0.9096152782440186,50.0932347069187,38.82271069977263,142.81391639615518,168.9179128689126
28,0.12553048133850098,0.9789609909057617,49.16637470240973,41.915022740772315,138.0691157173543,180.28815631418303
29,0.11315393447875977,0.907764196395874,49.656043733857544,50.30680835899876,131.9234870861501,94.79169015705169
30,0.12369227409362793,0.9164490699768066,48.870905916343176,51.92533727735673,134.24759753357583,108.48392070721896
31,0.14330840110778809,0.9559576511383057,47.687745231259925,49.28787604454807,136.85216644776474,189.47396241761203
32,0.1415848731994629,0.926414966583252,48.18780919061764,43.780382741176865,149.0263233287864,258.98176194909104
33,0.10856175422668457,0.9106051921844482,47.60084232782712,55.12346637721528,148.14508921533732,101.4766124655013
34,0.11549091339111328,0.9173388481140137,50.01649292770172,61.753091926461636,141.98782516901895,67.13433000189426
35,0.11720490455627441,0.9118101596832275,47.583279300790956,22.423768060483503,145.1913181773486,234.49090546295668
36,0.10797381401062012,0.9139199256896973,46.01120545363638,44.77359030957795,154.18704601390215,137.83120779459972
37,0.11723947525024414,0.9172401428222656,47.69309738549713,55.64163001838021,152.7099303154862,154.14675588475333
38,0.12406086921691895,0.9122378826141357,48.20234279301624,47.007476815963386,149.52153530024225,148.40420616174356
39,0.10773897171020508,0.9151639938354492,47.4618133432147,42.90151386098344,157.42464279674073,173.82276512203666
40,0.10416102409362793,0.9097089767456055,47.87414974436986,56.04870128890819,167.33879917861773,207.62548452598867
41,0.13647198677062988,0.9124488830566406,47.73093025106688,47.85568111151831,174.2490199878052,258.57617050948716
42,0.1034078598022461,0.9183449745178223,48.198417691933045,48.45525714983846,161.97023718975024,136.19393396854116
43,0.15427374839782715,0.9348537921905518,47.339240087441965,46.53169033230454,160.7756437290406,89.53067785840513
44,0.09516406059265137,0.9138081073760986,46.099351545470796,49.354206506749975,168.10931760953048,140.47106880679263
45,0.11059880256652832,0.914757251739502,47.87655822772728,40.195834883048335,157.5339443604392,128.73717297204402
46,0.11663126945495605,0.9160029888153076,47.86380790033222,44.64608703562733,159.63605856004318,158.85234979063964
47,0.13064932823181152,0.9190559387207031,44.71769600933444,24.180511108402392,162.8688692451477,186.47486273579833
48,0.10259795188903809,0.9129729270935059,45.10977783500456,50.92829507266461,156.53088565322352,85.02437024250175
49,0.11823606491088867,0.9163651466369629,45.243405476842355,44.23779027936139,158.51254249909644,193.63933358076562
50,0.11311793327331543,0.9189801216125488,44.3680995083743,47.295641604227626,153.75189927445405,160.01905227956482
51,0.13047122955322266,0.9099221229553223,44.24054577402189,46.58014376799423,147.86755029520788,199.73268071702554
52,0.11985921859741211,0.9123842716217041,43.57115674677216,41.76136687734123,143.45229219905684,92.04135300703122
53,0.11482810974121094,0.9099259376525879,43.2296567519909,43.11669038449191,152.34464529314852,178.4542087993218
54,0.10394883155822754,0.9167661666870117,42.11762236174417,38.23386260428265,154.03363170900698,157.36093296537717
55,0.10365915298461914,0.9182260036468506,42.68239644345613,45.84357570016792,154.6765403771492,135.16625965346606
56,0.11881494522094727,0.9130630493164062,43.35607123698936,51.382834970959664,157.5092534214311,187.17948023345895
57,0.11786246299743652,0.9234530925750732,44.818094731510186,38.80074605361062,153.42747802023837,145.65710872387092
58,0.11439776420593262,0.9149882793426514,44.933728097785675,52.08462873541958,164.65800197712088,197.3296098113268
59,0.10498809814453125,0.9142529964447021,46.21610050355626,57.0615143370672,158.55872226919428,132.6465365014996
60,0.14898896217346191,0.9334273338317871,45.939939142406445,44.53402799272949,162.99416127288092,204.373442316431
61,0.11185598373413086,0.9107916355133057,46.00666641410202,47.24741648495003,159.55879400972694,165.37900808548613
62,0.11516976356506348,0.9113140106201172,45.58786116279438,37.573314364264824,164.38525908822112,140.3060037919726
63,0.13244915008544922,0.9148499965667725,46.218980405209486,49.4278828086429,155.30257501879697,87.62736810508022
64,0.11260175704956055,0.913693904876709,46.87853744148692,44.829432967056974,158.32910941036917,187.62627688109933
65,0.12316107749938965,0.9110441207885742,47.63288629012247,53.387064186523446,165.7762060380688,209.6372259304625
66,0.11027693748474121,0.9133040904998779,46.448765849515,39.541630564884926,159.68811901963971,126.29861004916813
67,0.11932516098022461,0.9105997085571289,48.10624288042176,55.375516362678226,161.62259204477493,165.00183897522297
68,0.11515283584594727,0.9167289733886719,48.259983023520604,53.622030166408024,161.17640540052943,192.86774336887208
69,0.10493326187133789,0.908782958984375,46.46917708835683,39.15345498542945,161.3915771553946,134.79825405015072
70,0.10894489288330078,0.9116718769073486,48.34802711508524,63.322528260013584,151.73383696168668,107.79604037935226
71,0.10576033592224121,0.9142420291900635,48.72790421403196,51.04618747441719,147.22113217110157,120.25196017963505
72,0.12311220169067383,0.918287992477417,51.070645021625836,61.000722440203596,149.66516321817576,164.74631426271438
73,0.12114977836608887,0.9123282432556152,52.03353617078862,59.05679430027078,162.35946397495835,214.570375672906
74,0.10895514488220215,0.9204998016357422,50.31770931206953,27.671164379866156,158.5169993670657,149.20163080217267
75,0.1134791374206543,0.9135019779205322,50.499825165417896,55.208222720007015,155.40230269678014,178.49025922760677
76,0.1290137767791748,0.9117987155914307,49.227664472295025,26.82002363365624,169.75406547899746,269.8162378713419
77,0.12038207054138184,0.9142076969146729,48.28332655520194,45.93213719174736,169.46207014729575,162.08188565820575
78,0.13133478164672852,0.9104995727539062,47.48246832431461,45.61344785753474,169.3716891480167,191.9639333760815
79,0.11691904067993164,0.9145991802215576,48.6551576098021,50.880347840304424,174.75302987603706,188.6116613303546
80,0.10577988624572754,0.9097859859466553,48.37933091852515,60.564261347243985,179.86769325360873,158.9426741550687
81,0.11449933052062988,0.9131667613983154,47.13968363939033,38.64971468306905,183.05481613417305,152.1231889852781
82,0.1390368938446045,0.9213807582855225,46.647148825499315,56.07537430129337,183.37073144563828,167.9054673773669
83,0.10840272903442383,0.9117722511291504,46.11661353677299,53.75144141300755,180.1984945769085,182.8480069856082
84,0.12459349632263184,0.9207813739776611,47.99459100330077,46.45093904514389,184.2148253022553,189.3649380556405
85,0.11942005157470703,0.9235842227935791,46.57654901263134,41.02780281331279,179.96083760834492,135.95038228850314
86,0.1109931468963623,0.9474117755889893,48.58331957133412,46.887729220684015,170.81958822543805,178.40374404227356
87,0.09923076629638672,0.9168643951416016,49.429313851616406,54.39207999457025,172.81121890867385,181.99819249056316
88,0.12855792045593262,0.9170801639556885,48.43680894574338,35.68839879880443,176.9373735419429,233.22547970877193
89,0.10922813415527344,0.9112241268157959,48.491996549235864,51.4322238752293,176.6932237967562,186.17016387848804
90,0.11429715156555176,0.9110531806945801,48.04180281440105,56.06232399889584,174.88689103523703,140.87934653987674
91,0.12730145454406738,0.909416913986206,49.863647225119706,56.86815879025561,169.65148022000852,99.76908083299298
92,0.13148236274719238,0.9133789539337158,49.90245803364873,56.46348238658356,171.30178307028024,184.40849588008416
93,0.10223531723022461,0.9102210998535156,49.57425079346087,50.469369011129004,166.42036120049502,134.03378828775612
94,0.12745165824890137,0.9185948371887207,49.27390708962432,43.44750200677838,170.29307387057833,228.0920647564733
95,0.10862231254577637,0.9128916263580322,49.089183954318784,39.180571460257454,172.65190783516937,159.5387219344135
96,0.11264896392822266,0.9166519641876221,50.19586753659726,57.95456504346877,165.32368198409972,105.12148553157745
97,0.10257458686828613,0.916085958480835,49.72197484529687,49.653153081566295,161.3716455818582,142.47782846814744
98,0.10827207565307617,0.9186117649078369,51.02422384157158,48.7108887615516,152.5460530863432,144.96955475362205
99,0.1129300594329834,0.919959306716919,52.46869634718668,65.87694893138033,150.49852454642968,165.69487847935312
100,0.10281205177307129,0.9209411144256592,51.661371002646455,47.989070553493534,151.19003335094072,147.7944345849874
101,0.11348199844360352,0.9205288887023926,51.40813979220725,54.335846685863515,156.0447183992838,148.3159313164234
102,0.1339740753173828,0.909355878829956,49.915501474981724,41.537099214328464,150.3192219562098,127.15353144934417
103,0.09797215461730957,0.91792893409729,48.95746712654578,40.889025526769494,148.9887801289936,120.72937001559401
104,0.12037897109985352,0.9140830039978027,49.775933208861225,51.63216282993281,142.14259636252507,159.63022709178807
105,0.10805106163024902,0.916611909866333,51.02408777423651,51.662117114010385,136.94593957758212,107.5721540849843
106,0.11709213256835938,0.9196591377258301,49.695187910984025,44.665566410943896,141.40924491437505,149.75453889950677
107,0.10943174362182617,0.9141042232513428,49.40941166410625,46.79539061278847,145.74446542749706,185.83003359936708
108,0.11562800407409668,0.9173827171325684,49.21567960441966,46.77356816468569,150.85988474452586,196.12374792391012
109,0.11486101150512695,0.9082820415496826,48.72877177395369,61.00787062672064,149.43501836076803,151.44621464177504
110,0.16875934600830078,0.9132318496704102,47.39170688213958,34.61842163535239,154.8953517281582,202.39776825888902
111,0.10859417915344238,0.9119348526000977,46.019508587585385,40.613863740321634,152.81882254256013,127.55063946044267
112,0.1310443878173828,0.9146666526794434,45.38014311506239,35.14344448909848,160.00372781593967,199.00258418313956
113,0.13672113418579102,0.9172759056091309,46.74058383921303,54.49343276827591,175.01786639924447,270.87075584864215
114,0.1201474666595459,0.912193775177002,45.13246134465858,35.55093788438832,174.4286674706488,153.7382378058314
115,0.12868833541870117,0.9159080982208252,44.84914606371461,48.82896430457072,177.30020981507292,136.2875775292252
116,0.10817408561706543,0.9145960807800293,46.29267730441631,59.100878817960854,179.02715893980348,167.02403014681238
117,0.10900235176086426,0.9172351360321045,46.34574865188391,47.32610408746447,176.1057141906408,156.61558610774046
118,0.10419893264770508,0.9174830913543701,44.63275144491658,29.64359609501234,166.48677798231856,99.93438584068784
119,0.10528373718261719,0.915320873260498,41.24809280787476,27.161284256302537,170.24601393543256,189.03857417291493
120,0.13766813278198242,0.9188709259033203,42.340906520310526,45.546558759709995,170.6212456900123,206.15008580468657
121,0.11083269119262695,0.962693452835083,43.104438635456745,48.2491848917838,172.5506936013551,146.84511857387056
122,0.13799428939819336,0.9200241565704346,42.69171610584619,31.016219192993013,172.92022661562822,202.69791432587078
123,0.10404014587402344,0.9174637794494629,42.76653991165947,55.241670826408665,162.67600590338822,168.42854872624173
124,0.10366320610046387,0.9083337783813477,44.60847983478678,53.97033711566145,163.26019013163852,159.58008008833517
125,0.11203217506408691,0.9726080894470215,44.554879508198596,48.29296103868889,167.99792956720052,183.66497188484513
126,0.1100149154663086,0.9078402519226074,44.35805703407245,57.13265407669937,163.286372416955,119.90845864435713
127,0.11108922958374023,0.9141852855682373,44.39443303769491,47.68986412368908,162.49247708874864,148.67663282567642
128,0.11553382873535156,0.913140058517456,46.8874417123984,54.57368284204723,166.44204703071463,139.430085260348
129,0.11746907234191895,0.9117300510406494,48.90559933819452,47.34286051426375,158.6238311115888,110.8564149816564
130,0.11848568916320801,0.9160311222076416,50.146500845153824,57.955573829302956,151.5257278805995,135.16905349479353
131,0.10969710350036621,0.9170560836791992,50.132844092312226,48.11261736336778,152.1623771003877,153.21161077175253
132,0.09969615936279297,0.9129316806793213,52.11430267234797,50.83080499335053,146.1070993764433,142.14513708642716
133,0.11429262161254883,0.9175200462341309,49.86853320578685,32.78397616079746,152.64716021322275,233.82915709403585
134,0.12116003036499023,0.9138844013214111,47.291671716001716,28.201722217810183,151.6823951261576,149.93242921768356
135,0.1090097427368164,0.9235610961914062,47.84451651230895,53.82140900176118,148.45836006485905,151.4246212718601
136,0.1127309799194336,0.9115400314331055,47.1481265063297,50.16875401690686,150.51985619245397,140.52341992030608
137,0.12703299522399902,0.914543867111206,46.74564168835597,43.665015943951765,160.8906858094803,252.38492899593933
138,0.11662983894348145,0.9152979850769043,46.12571488415704,48.37441480005799,161.75494923589815,148.07271952452692
139,0.10516643524169922,0.9164190292358398,46.113988956577984,47.22560123847316,167.63761764764504,169.68309909912514
140,0.11764049530029297,0.9208252429962158,45.10701973646097,47.885881628132765,173.09632184047845,189.75609542312785
141,0.1313610076904297,0.9156069755554199,43.67393556084548,33.78177560721287,177.32555141541462,195.50390652111423
142,0.11895537376403809,0.9137427806854248,42.33177198053177,37.40916919021338,178.38352296300297,152.7248525623108
143,0.12334704399108887,0.9136040210723877,43.48831761273351,44.34943248281493,174.776674541327,197.76067287727597
144,0.11855506896972656,0.9158720970153809,44.48389733164829,38.15751940695802,172.0726570387558,122.89225419197146
145,0.1233525276184082,0.9194767475128174,43.768113707941346,46.6635727646917,172.0529917373776,151.22796825807814
146,0.10197329521179199,0.9166090488433838,44.952484502300365,62.012461960497056,173.61535832769277,156.14708582345781
147,0.12734699249267578,0.9916009902954102,45.0956163189678,45.096334110626145,165.89715331791692,175.2028788981808
148,0.1309809684753418,0.9110748767852783,43.88765029519923,36.29475456237229,169.55233884781438,184.62457482350158
149,0.1102454662322998,1.0375938415527344,44.623051275344004,54.579611039920835,168.15881264222995,155.7478370432809
150,0.10912394523620605,0.9371461868286133,44.581924676826965,47.47461564296242,166.27401173779595,170.90808637878763
151,0.10724234580993652,0.9756996631622314,45.2186118293272,40.14864713221529,162.69445558584542,159.70834500160885
152,0.12131643295288086,0.9247291088104248,45.909456263634134,44.31761353328268,165.4001697600883,179.78199430473975
153,0.13626861572265625,0.9670250415802002,45.83987337622911,43.65360360876468,167.28015649118942,216.5605401882874
154,0.11580729484558105,1.005208969116211,47.478817947589036,54.54696512055728,172.50915667171915,175.1822559972685
155,0.13739013671875,0.9997620582580566,45.86940689250709,30.56946221387215,187.83952427181885,304.5316442590753
156,0.11755919456481934,0.9279711246490479,45.60997950611963,59.41818809662249,190.07109251603842,178.4627682656538
157,0.13263702392578125,0.9946849346160889,44.27513542359419,31.747893285371813,197.00339798028872,244.52593354068358
158,0.1138603687286377,0.939885139465332,45.53219920930155,48.86539241944595,193.5630218508084,150.22081352869856
159,0.12221002578735352,0.935924768447876,42.84462297403048,27.70384868721002,194.27149578157815,162.83257635097812
160,0.11138391494750977,0.9317340850830078,41.91761528725925,38.20453877525014,192.9498413627407,157.69154219041312
161,0.13298487663269043,0.9490818977355957,41.64652805102809,37.43777476990367,196.83876962363541,198.597627610556
162,0.126784086227417,0.9291939735412598,42.04371544351645,48.28948745816626,191.88627495023044,130.25704757069025
163,0.12849187850952148,0.9259200096130371,41.978879690614164,43.00524607974195,191.5241209055729,212.93899974171174
164,0.12930631637573242,0.9573888778686523,39.285907433455904,27.617242548974584,189.3357330969367,153.29837791090645
165,0.11867022514343262,0.9310619831085205,40.35651395020044,41.27552738131752,182.43152479188066,235.48956120851466
166,0.11359524726867676,0.9344367980957031,38.32421069096651,39.09515550428324,180.52947703365322,159.44229068337967
167,0.12442207336425781,0.9227249622344971,38.03264679533249,28.832254329031574,171.74560469089826,156.68721011313414
168,0.09831809997558594,0.9154648780822754,38.19009016034344,50.43982606955541,170.00935390541736,132.85830567388928
169,0.10210156440734863,0.9119608402252197,41.190226577264916,57.70521285642485,168.9656966041909,152.39600333871363
170,0.13632678985595703,0.917349100112915,40.74035367295055,33.705809732106474,174.47438025590446,212.77837870754874
171,0.12824726104736328,0.9267137050628662,41.216668535677414,42.20092339717231,176.66250395463356,220.4788645978474
172,0.10334420204162598,0.9173870086669922,41.271988881285885,48.84269091425097,181.0037274659066,173.66928268342002
173,0.11808609962463379,0.9084348678588867,41.85061918391286,48.79154910601172,173.83028277968145,141.20455287946038
174,0.12414789199829102,0.9126741886138916,43.582131106304395,44.93236177288995,177.22612961210638,187.25684623515593
175,0.12602543830871582,0.9229612350463867,44.953565340344355,54.98986972171694,169.88313868966253,162.0596519840763
176,0.12197494506835938,0.9183788299560547,43.93342950679493,28.8937971687891,169.4384362323165,154.9952661099191
177,0.1368095874786377,0.9506292343139648,43.931587924599576,28.813838507077996,165.71296916674126,119.43253945738158
178,0.11215686798095703,0.9211001396179199,43.387891907627804,45.00286589983772,173.59270150484926,211.65562905496958
179,0.11628890037536621,0.9415128231048584,42.464058772459744,48.46688150474422,173.3933873044597,150.4028613348179
180,0.12083196640014648,1.1040732860565186,43.05216171517563,39.586839159265296,165.77457665280784,136.59027219103024
181,0.11714959144592285,0.959197998046875,43.873564022726356,50.4149464726796,158.90511463102146,151.78424437998336
182,0.12010502815246582,0.9563429355621338,42.65244216483015,36.63147233528889,156.77232194589985,152.34135583220407
183,0.11741900444030762,0.9411211013793945,42.30042232487392,45.271350706449546,160.03890929302312,173.8704263506931
184,0.12021088600158691,0.9472341537475586,41.475641851937375,36.68455704352444,160.43408615628664,191.20861486779097
185,0.14609122276306152,0.9458272457122803,38.304232353343224,23.275774735775475,168.38644620432888,241.5832524644989
186,0.1283261775970459,0.923748254776001,40.1680196327121,47.53166996247781,169.3654725751232,164.78552981786234
187,0.11420106887817383,0.9216961860656738,40.255847424261574,29.6921164225728,173.43044153043343,160.08222901048362
188,0.11766409873962402,0.9250261783599854,39.45320287594815,36.97642041670336,171.04275248458345,187.77873859646982
189,0.13353896141052246,0.9521188735961914,38.88579760654751,42.79282881073789,178.2430724685198,222.40606117418167
190,0.11026954650878906,0.9230098724365234,39.953919640670065,50.268059500490835,177.83881788856712,132.54772639150303
191,0.12459802627563477,0.9171371459960938,40.373330833460706,54.60905840058601,177.47961590411117,148.19222453542415
192,0.11494922637939453,0.9217326641082764,41.09402418816546,43.838405882336474,184.6320986254513,223.86618304560534
193,0.11012697219848633,0.9761898517608643,41.60281347563549,50.359243581149805,181.63740575377818,143.92349763396209
194,0.10480618476867676,0.9173069000244141,42.49598401161701,45.61626240333971,170.5810955716351,80.64551304636015
195,0.1346442699432373,0.9251189231872559,43.662565292329965,34.941587542905,166.36962433098893,199.4685400580372
196,0.11660909652709961,0.9223415851593018,44.71612615287967,58.06727856797481,164.63633704565387,147.45265696451162
197,0.12678766250610352,0.9253888130187988,46.19129491767655,44.44380407054162,170.69231385995707,220.64199715351552
198,0.14295315742492676,0.9160287380218506,46.25801909183935,37.64366215833137,171.04660744518497,191.3216744487487
199,0.1205294132232666,0.914099931716919,46.884963841916836,49.06227631151267,168.19280525074583,193.86803922979055
200,0.10911130905151367,0.9184219837188721,46.30055398483561,44.42396092967866,173.92437526211006,189.86342650514524
201,0.13286209106445312,0.9190208911895752,45.13389206143417,42.94243916657162,176.1818714227547,170.7671861418707
202,0.11859679222106934,0.927166223526001,43.31775272009746,25.677012468969323,178.39212762516829,245.96874506974103
203,0.10933232307434082,0.9177505970001221,41.04502493400233,27.63196572019847,180.4805865813573,164.80808719585207
204,0.11902880668640137,0.9166293144226074,40.70057273600031,42.17174042331962,184.4636385082785,120.47603231557272
205,0.12985467910766602,0.9225559234619141,41.4225380893611,42.16124107651277,180.17884982031333,156.62065317838517
206,0.11114692687988281,0.9136672019958496,39.52233663788589,39.06526405322284,181.25112832310694,158.17544199244793
207,0.1373744010925293,0.916060209274292,39.23014677857644,41.521905477447014,172.34724500315042,131.60316395394992
208,0.12098288536071777,0.9198873043060303,38.64422628114879,31.78445718405483,168.0206648727565,148.05587314480948
209,0.10315680503845215,0.9223172664642334,37.68020314059537,39.422044905978495,164.13041229688645,154.96551347109022
210,0.10428977012634277,0.9166712760925293,36.98555114204409,37.47744094416593,160.8565876283254,157.1251798195348
211,0.1292707920074463,0.9149107933044434,37.49714632698749,48.05839101600562,156.5633173178461,127.83448303707753
212,0.13528895378112793,0.9183523654937744,39.69427911150514,47.648340314145784,153.2767184541272,213.10275643255227
213,0.12819790840148926,0.9178130626678467,40.967222813157164,40.361402736718716,151.46221934539875,146.6630961085673
214,0.15116381645202637,0.9189655780792236,40.713204056722205,39.63155285897005,153.25245750120584,138.37841387364392
215,0.12919950485229492,0.9204130172729492,41.23400146212844,47.36921513057513,154.8511711891993,172.60779005831958
216,0.1188957691192627,0.9209949970245361,40.36400519895159,30.36530142145429,152.86753813770332,138.33911147748847
217,0.13618803024291992,0.9216921329498291,40.40311018079494,41.91295529588059,168.09300974012027,283.857879978119
218,0.13117146492004395,0.9226219654083252,40.57385809465897,33.49193632269521,175.57537042151156,222.87947995872253
219,0.14607691764831543,0.9200923442840576,40.49055614116211,38.589025371009704,189.19016855517071,291.1134948076815
220,0.13330936431884766,0.9269354343414307,41.34738692286935,46.045748761238386,193.5687783249992,200.91127751782
221,0.12820816040039062,0.9235460758209229,39.192188009676336,26.50640188407546,198.9645491828557,181.7921916156425
222,0.12340283393859863,0.920158863067627,38.03980496144651,36.124509831847604,200.75482344631254,231.0054990671207
223,0.12176012992858887,0.9250359535217285,37.924870716942735,39.212060291680906,203.3494419205893,172.6092808513351
224,0.13622140884399414,0.9265031814575195,38.6409951321615,46.79279701115769,207.11065885522993,175.99058322005007
225,0.11211252212524414,0.9150450229644775,39.377108468788016,54.73034849684031,204.4245817470572,145.74701897659256
226,0.12575864791870117,0.9165129661560059,39.21622009415011,28.756417675075266,204.05275610627316,134.6208550696478
227,0.11129021644592285,0.9178440570831299,37.89118759354116,28.662630289791064,191.7267499283925,160.5978181993121
228,0.1186215877532959,0.9146008491516113,38.82773005973665,42.85736098465017,192.57909767954396,231.4029574702372
229,0.13192462921142578,0.9705650806427002,38.5413974322036,35.725699095679204,183.28264525658534,198.14897057809551
230,0.1525712013244629,0.9242498874664307,38.29210794278403,43.55285386704261,186.27159493742988,230.80077432626524
231,0.12239766120910645,0.9275002479553223,38.58651310850973,29.45045354133248,175.3517973324685,72.59421556602875
232,0.10696792602539062,0.943472146987915,38.64899018610997,36.74928060785004,168.1328227025533,158.81575276796903
233,0.10684609413146973,0.9943959712982178,39.672026072334695,49.4424191539281,165.22951792771286,143.57623310293044
234,0.14584803581237793,0.9602351188659668,38.66335085722426,36.70604486005335,162.82484658085565,151.9438697514779
235,0.13798141479492188,0.9296228885650635,36.15090920537201,29.60593197831784,168.50898407097844,202.58839387782007
236,0.1228644847869873,0.9386987686157227,36.54411858193901,32.68851144074522,175.74316177949422,206.96263215480587
237,0.12243080139160156,0.9201638698577881,37.571944394353245,38.94088841393342,183.64008302834614,239.5670306878315
238,0.15478825569152832,0.9211912155151367,36.52408759954015,32.378793036519184,187.4195215003806,269.1973421905818
239,0.11493802070617676,0.9205710887908936,36.803856853761474,38.5233916378924,180.94875833540513,133.4413389283409
240,0.11618518829345703,0.9164106845855713,36.8890587870751,44.404873200178955,177.6503102663849,197.81629363606265
241,0.12633919715881348,0.9236290454864502,36.641848822410374,26.978353894685274,185.8613610104499,154.70472300667873
242,0.12995052337646484,0.924943208694458,37.60607050802115,46.391497463957734,184.67354363728248,146.93757903629492
243,0.1300506591796875,0.9357531070709229,35.37262250020335,27.10793907575006,186.86904096882395,165.53120641834528
244,0.12682199478149414,0.9219939708709717,36.65223051259714,49.50212498399131,186.44194535174995,147.67291358073786
245,0.11733317375183105,0.9288475513458252,37.65103521327877,39.59397898513413,180.6907317887786,145.07625824810646
246,0.13873600959777832,0.9144949913024902,37.35557953146322,29.733954622589685,182.03859449672362,220.44125923425625
247,0.15799474716186523,0.9366168975830078,37.875444144243644,44.13953454173776,178.99827207356628,209.1638064562581
248,0.1143181324005127,0.9135243892669678,39.1500526366542,45.12487796062468,171.75747234875476,196.78934494246633
249,0.14261674880981445,0.9231910705566406,39.240593515338716,39.428800424737595,175.08329503461349,166.69956578692816
250,0.13464832305908203,0.9363431930541992,38.779162080536985,39.790558852161624,166.51291372051168,112.1124804950447
251,0.1322641372680664,0.970909833908081,40.53005052036322,44.487238292947524,171.0942842843199,200.51842864476112
252,0.132737398147583,0.9213700294494629,39.214436614074245,33.23535840106803,182.40063967677946,260.00113296089035
253,0.12200117111206055,0.9280948638916016,39.85882512246107,33.55182415961837,188.41398702016215,225.66467985217247
254,0.14534521102905273,0.9219238758087158,38.793053854029054,38.84441229967121,199.68328585161447,260.3659018952608
255,0.14088749885559082,0.9233658313751221,37.16946025327338,23.358042977577284,215.60783241270664,304.3217238590281
256,0.12890625,0.9213759899139404,38.5808066318246,43.84741840810194,213.41626426003214,198.5255777075113
257,0.12890100479125977,0.9244420528411865,37.56395357764569,33.97100399994862,214.17477546672973,216.7489185232337
258,0.13653182983398438,0.9341609477996826,35.53963641547154,24.88170633888325,213.98762493745306,194.91783964970003
259,0.15545105934143066,0.9225211143493652,35.060155585004274,34.633992120064896,222.33723146462967,250.19563105869406
260,0.15222692489624023,0.9260177612304688,34.688843869345774,36.07744169557664,232.19086830638562,210.64884891260408
261,0.14226698875427246,0.9387264251708984,33.406701597258134,31.665815572071104,236.36820715214913,242.29181710239618
262,0.142625093460083,0.9232361316680908,33.4825972269022,33.994314697508706,230.41861746537612,200.50523609316048
263,0.12878108024597168,0.9187929630279541,32.56074619208305,24.33331381142685,229.3020731219758,214.49923641816955
264,0.11827659606933594,0.9203860759735107,32.468765876769474,37.92460914653541,219.56635543271187,163.0087250026209
265,0.14940285682678223,0.915325403213501,32.72143518604301,25.88473607031263,203.25095622870967,141.1677318190066
266,0.14670419692993164,0.9275863170623779,31.141079841071196,28.043864958383836,211.12632351139888,277.2792505344032
267,0.14891433715820312,0.916489839553833,30.44241873195289,26.984392908765606,208.92028992627405,194.6885826719854
268,0.1227726936340332,0.9199268817901611,31.296924740392978,33.42676642328413,210.37380517570642,209.4529921440237
269,0.15558099746704102,0.9186713695526123,31.425812102517774,35.92286574131283,201.92818759065747,165.73945520820462
270,0.14397788047790527,0.9156069755554199,31.398270100344973,35.80202167384866,213.08541994846536,322.2211724906833
271,0.13582897186279297,0.9217550754547119,30.860420301854752,26.287317587168904,215.3769796257173,265.207413874915
272,0.13220763206481934,0.9270262718200684,31.42749816076948,39.66509328665596,219.23825254531522,239.11796528913987
273,0.1440296173095703,0.9231991767883301,32.97196886327365,39.778020836468585,211.24680076730533,134.58471863807097
274,0.12792301177978516,0.9189600944519043,31.935572514096414,27.56064565476299,213.46390857646696,185.17980309423749
275,0.16089892387390137,0.9229838848114014,32.9089407872055,35.61841880140349,231.88711013235343,325.3997473778708
276,0.13875985145568848,0.9216289520263672,32.7975228331777,26.929685418105905,222.60024496643368,184.41059887520572
277,0.1401529312133789,0.9314112663269043,32.98810526914143,28.8902172684028,225.62531320088496,224.9392650164982
278,0.14297890663146973,0.9230928421020508,32.312847974788404,26.67419347975396,220.3429153001877,156.62901313705123
279,0.15141081809997559,0.9279978275299072,31.640389972346714,29.198285716895853,226.3689467152169,225.9997693584968
280,0.13339614868164062,0.9159743785858154,30.225461244251665,21.652734392898175,221.53616330634924,273.8933384020062
281,0.12094402313232422,0.928354024887085,32.00651793872918,44.0978845319441,211.14158558515223,161.2616366629448
282,0.14902949333190918,0.918632984161377,30.4567487961705,24.167401861069134,211.8099305684892,245.8014151225098
283,0.14034485816955566,0.9137370586395264,29.038349105806628,25.594023932829856,220.32283142914244,219.71372724460343
284,0.13623714447021484,0.9192168712615967,28.888516978663183,26.062324383328516,221.75689660338134,199.52045483662633
285,0.14716601371765137,0.9186902046203613,27.85947901415675,25.328039156339198,207.15715571391493,179.40233848320668
286,0.14843416213989258,0.9186000823974609,28.014313297686158,28.478028253399994,212.5253359856822,238.0924015928787
287,0.1326124668121338,0.9177849292755127,28.76094434689198,36.35652776046099,209.20643436043792,191.75024876405507
288,0.13484621047973633,0.9194250106811523,29.819859587127233,37.26334588210653,210.551364703846,170.0783165711321
289,0.12462615966796875,0.919511079788208,29.6586388971643,27.586078817266458,201.3687083959777,134.17320627981422
290,0.1410965919494629,0.9056396484375,31.29431447099497,38.009490131204956,190.9109436188564,169.31569063079309
291,0.16109919548034668,0.9173378944396973,30.012632469152408,31.28106451351841,203.8579106046504,290.73130652088486
292,0.15593385696411133,0.9211182594299316,31.09923266413705,35.03340381091558,208.76267210100673,294.84903008607273
293,0.1419367790222168,0.9246761798858643,31.945131521959393,34.05301251105334,204.7848741035194,179.9357472697302
294,0.13379716873168945,0.9229879379272461,31.527196858289642,21.882977746630928,212.83135527170316,279.9852665184639
295,0.12135481834411621,0.9180998802185059,32.58696829129896,35.92575348643242,203.82256966019582,89.31448236813327
296,0.13802695274353027,0.9291093349456787,33.16362275010634,34.24457284147378,203.7714062073422,237.58076706434264
297,0.13317251205444336,0.920861005783081,32.10068981356402,25.727198395037767,202.87243117448068,182.76049843543979
298,0.13132190704345703,0.9148566722869873,30.59399848075183,22.196432553984636,212.67148437015302,268.0688485278555
299,0.1748790740966797,0.96732497215271,31.008130499781608,31.727399007564216,221.64247052346286,223.8830678129124
0,0.17074918746948242,1.3159408569335938,30.828190532032878,30.828190532032878,290.33769622132127,290.33769622132127
1,0.1276106834411621,0.8995440006256104,31.99244763122707,33.15670473042126,257.3605564467405,224.38341667215974
2,0.11140775680541992,0.9043021202087402,37.837125229857044,49.526480427116994,218.97178903690352,142.19425421722963
3,0.14001774787902832,0.9008419513702393,34.97046248809485,26.370474262808287,221.5566698828723,229.31131242077868
4,0.15569376945495605,0.900665283203125,32.36563919461478,21.94634602069449,227.81290906518672,252.83786579444416
5,0.15535664558410645,0.9059557914733887,31.525406169011234,27.324241040993506,225.93918041520593,216.57053716530217
6,0.16544747352600098,0.9084794521331787,31.81551900247444,33.55619600325366,225.1599115141853,220.48429810806138
7,0.13535308837890625,0.9275829792022705,31.028083795253718,25.516037344708668,229.8340886093746,262.5533282756998
8,0.12504315376281738,0.9104311466217041,32.796967573469715,46.948037799197664,221.3557299314433,153.52886050799324
9,0.13238286972045898,0.9035496711730957,32.922114350915834,34.048435347930905,224.3029186439404,250.82761705641383
10,0.12736010551452637,0.9065988063812256,32.56080172870889,27.21506430996344,213.44613253572092,181.76983513912666
11,0.11942434310913086,0.9116940498352051,33.05244839174853,38.07317136081764,206.57201719548158,155.64226326976626
12,0.12990880012512207,0.9178879261016846,31.122647655756587,30.228473067197626,206.01084335976603,136.5825158600743
13,0.1346132755279541,0.9014461040496826,30.930660346752138,24.450601172763818,204.57519289412468,214.95480776436503
14,0.16068124771118164,0.9095869064331055,31.99055347685988,32.54527732177188,201.50514524488426,222.13738930203982
15,0.14047002792358398,0.9138331413269043,33.349145616623815,40.91016243863284,189.238980988748,93.90889460393987
16,0.14082622528076172,0.9068953990936279,32.58530212378345,25.91776107485005,198.083706134026,308.93154956084123
17,0.13942384719848633,0.9072051048278809,32.48640750979341,24.527091204808244,197.95549686927706,261.27123562821043
18,0.11360597610473633,0.9074208736419678,30.572393497505153,27.807897676315058,201.4178652740552,188.15254455577445
19,0.20311784744262695,0.9119088649749756,29.834677353823245,26.671273911111893,202.46002966700593,261.2492609859215
20,0.1902449131011963,0.9027547836303711,29.685421011263475,25.722500884365644,214.46193335532388,301.78887202230567
21,0.13857412338256836,0.9079608917236328,28.823264984100142,29.451611089184375,225.41520889430973,265.175018659625
22,0.1398322582244873,0.9064338207244873,29.436750296527332,36.36332619146955,233.11159983999164,213.54642531689325
23,0.15135622024536133,1.0825247764587402,29.459922336534316,24.682321572833615,236.4636118949225,248.4749283136739
24,0.13227081298828125,0.9929721355438232,29.964246114083455,37.58851509726329,234.81759519003685,205.67722225318317
25,0.1759023666381836,1.0102300643920898,28.86612720543605,29.928973352158767,255.31786766987088,298.9116194022806
26,0.15551471710205078,1.104970932006836,28.760143882822927,24.857927848718887,248.48664671385822,240.6193400007142
27,0.17949986457824707,1.010624647140503,30.28160784850064,39.741730861585296,239.97938931995736,176.19866168920174
28,0.14226722717285156,0.9566571712493896,30.44638213536864,29.455640544995042,235.05197307944985,138.87838215070013
29,0.15637803077697754,0.9081940650939941,30.835411007159713,30.561562629022667,243.3568701591251,344.29823178267304
30,0.13920116424560547,0.9271221160888672,30.6297201433898,23.66559224666652,237.27983627520462,241.01853318310106
31,0.14642119407653809,0.9059484004974365,30.18456713341687,25.000080989455036,235.50703091991804,247.44696510675934
32,0.13127493858337402,0.9075796604156494,30.752241138341468,42.04006624071555,233.84340883356626,196.91020445337574
33,0.145341157913208,0.9190051555633545,32.743600248309136,44.59591267251026,240.79770187554504,318.0178587334614
34,0.14612388610839844,0.9092721939086914,33.31219261118256,43.27443872599752,245.5499657879205,253.19986137693797
35,0.17308902740478516,0.92317795753479,33.462733341558526,31.434380655918446,234.83967932885994,191.80875481167496
36,0.13600420951843262,0.9047610759735107,35.05470557692433,40.777650202376876,224.0053233711886,132.27578042400077
37,0.14833927154541016,0.9152476787567139,34.51229676497053,34.317642742047354,233.2329414362364,268.4748423396795
38,0.13388419151306152,0.9010381698608398,34.837784142455945,32.71051431984919,245.5915489656863,262.4644574451992
39,0.1263589859008789,0.8989930152893066,35.04150033974601,32.59872460192331,231.24346837878278,200.8174259136382
40,0.1231997013092041,0.909527063369751,36.242083078617384,35.671419635380296,226.0073471794908,188.65732119018094
41,0.15819191932678223,0.908836841583252,37.43518861954371,36.93113639871827,231.91616881574524,306.5351814693037
42,0.12964868545532227,0.9073529243469238,36.04906600521398,28.178840097418295,221.7510336707531,95.2588530034539
43,0.17319416999816895,0.9079220294952393,34.38129918762488,27.918244496619266,211.0420576598452,210.92809862438295
44,0.17029070854187012,0.9187870025634766,35.212210163633486,51.58354848608353,205.42160968972968,196.99538167578265
45,0.13312172889709473,0.9184393882751465,35.837855659932295,37.690835618906526,201.6852175604909,154.44483351928744
46,0.1396799087524414,0.9124400615692139,35.178298945501936,34.182083058073246,209.8709656669664,214.13326148875538
47,0.14629054069519043,0.908545732498169,34.70425021916301,29.577155478658142,205.96727744868048,229.43796015682068
48,0.1495225429534912,0.9109852313995361,34.131493174428186,26.982943872500968,200.59411906857622,208.7328736441563
49,0.1999657154083252,0.9164319038391113,33.45415047668946,25.825297624536145,200.8629138649431,203.50537387730697
50,0.13486409187316895,0.906376838684082,33.49856442069289,36.11555907541457,201.62871801866459,196.31536272739567
51,0.15248727798461914,0.9016609191894531,32.27810763252102,24.726568516999528,190.57041919905657,195.95219327322366
52,0.17888712882995605,0.9120950698852539,32.878428897082074,34.182052743028805,214.39705696448672,333.52523065775586
53,0.14840936660766602,0.9044089317321777,32.583011577794146,24.96407130373999,216.19421646725965,228.89969365211152
54,0.15845966339111328,0.912691593170166,30.683053154756777,32.58396425570989,221.26574124379513,247.71062944113794
55,0.12397575378417969,0.9121229648590088,29.823658601479686,29.096890086135524,227.39522450378226,215.73966611915887
56,0.1792151927947998,0.9072561264038086,30.449637850149617,40.44187554477257,239.03419629743902,330.5229794253227
57,0.14830970764160156,0.9039175510406494,31.306185214664065,38.14262912380266,232.66408401975565,165.73683737998675
58,0.13437891006469727,0.9163541793823242,32.642877672412915,40.34986844998946,224.63927063107263,128.48473975732608
59,0.14407992362976074,0.9063558578491211,33.873404187353955,38.13056277394659,227.00647799578624,227.1774475244436
60,0.141221284866333,0.9093098640441895,35.23755938505708,49.75711105244585,230.46684079265555,230.9189906960889
61,0.1481478214263916,0.9114556312561035,35.41011030015096,26.452077667938283,231.87465382260567,210.0303235727246
62,0.14131999015808105,0.9112551212310791,35.065734164691754,30.738291388436743,210.0272970953716,115.05166338541507
63,0.14026093482971191,0.914240837097168,36.1423301161543,35.73003081836545,218.01495924407453,308.7763151391405
64,0.1457531452178955,0.910362958908081,35.6938995642448,28.09965873661494,210.04880675774956,168.04910457788898
65,0.1555182933807373,0.9119789600372314,35.24859156632359,24.64381010692344,216.7472651328065,282.7242498697275
66,0.1301579475402832,0.9047322273254395,34.72882352038052,35.24419508534184,204.37219439013816,206.7722719986395
67,0.13649868965148926,0.9029340744018555,34.40823831447382,34.93677706473563,206.84661729218004,190.48106640040555
68,0.1713268756866455,0.918795108795166,33.75869694761156,33.85445478136682,220.0666106888663,260.6846737241886
69,0.13010501861572266,0.9104161262512207,34.31717371850378,43.71533048286878,223.1041849993867,257.55319062964776
70,0.11684513092041016,0.9021539688110352,34.969748027704135,56.28285414444943,204.29621859000696,42.839326602291344
71,0.16362309455871582,0.9612300395965576,35.106723272333596,27.821830114232924,208.84721281534416,255.54026582609697
72,0.12133288383483887,0.9154050350189209,34.90321158478572,28.70317451295803,217.74912732398192,204.07080847179265
73,0.13362693786621094,0.9157302379608154,35.20485021012275,38.746417071735664,202.52406745892034,156.52571648852484
74,0.1355130672454834,0.9177658557891846,35.19261786306471,27.977335266034505,208.14044274320162,224.21285742070182
75,0.13031291961669922,0.9109342098236084,35.934639283680184,32.064024313078185,199.42706852823943,195.59050772010534
76,0.13223981857299805,0.9044291973114014,35.44629752875253,30.36077753606538,192.60597670487542,138.56135376499935
77,0.12971091270446777,0.9129419326782227,35.78204163990238,38.294218176234075,187.5270897315989,139.69219666764005
78,0.1426091194152832,0.9165089130401611,35.03637980996579,26.397836482000844,184.35392196661354,228.95299607433512
79,0.17223906517028809,0.9066638946533203,33.51189994653367,28.47053184854763,190.78450318964792,321.85900285999173
80,0.16268396377563477,0.9728009700775146,30.616759107085528,27.331445749968076,212.58055933761676,260.79988808197965
81,0.1518416404724121,0.9093155860900879,30.104617905807725,22.700418101454876,206.56445197246882,195.37919217461774
82,0.12331390380859375,0.908362865447998,29.927333975087453,26.93033520575529,204.430736941969,182.7336581667945
83,0.1703479290008545,0.9118242263793945,28.35148268626101,22.98790418347127,212.23866530143783,234.60500008321276
84,0.15029191970825195,0.9069511890411377,28.68150763302782,31.277584733702554,204.10994719745176,142.92567638084174
85,0.13303518295288086,0.9106898307800293,28.839236592370575,33.6413139065058,212.4411580212107,278.90261595769425
86,0.15127086639404297,0.9112341403961182,28.58931533544515,27.8615649668111,223.9238901778978,253.38867533187022
87,0.16669511795043945,0.916313886642456,28.537752791624865,37.77859273803121,240.2037705731289,302.4910006199513
88,0.16525602340698242,0.9144480228424072,28.72454131167989,28.26572168255106,247.02349230738778,297.15021341692426
89,0.13434147834777832,0.9098629951477051,28.814460495591096,29.369723687659764,237.25335873095233,224.15766709563715
90,0.15131378173828125,0.9070789813995361,29.721967008113687,36.406510875193916,237.83458433817145,266.61214415417044
91,0.13672494888305664,0.9071688652038574,32.32699257175701,48.75067373788811,222.47448760229167,41.778224815819875
92,0.15018367767333984,0.9136519432067871,32.53564167746244,29.016826262809644,223.90925189293026,197.08130107318058
93,0.18114662170410156,0.9091579914093018,32.81306873094558,25.76217471830268,226.4060777869658,259.5732590235683
94,0.15917730331420898,0.9157590866088867,32.716574538731706,30.312642811563837,236.16042292599042,240.46912777108741
95,0.14073872566223145,0.9106533527374268,33.10089272577947,37.48449577698338,228.28483254327708,200.1467121305611
96,0.1686558723449707,0.9073207378387451,33.26809296137308,29.533567322747103,229.02541739984275,260.79452389752737
97,0.13947772979736328,0.9091236591339111,31.94126715229467,24.510334647247223,226.97476910316269,281.9845176531501
98,0.1589212417602539,0.9095401763916016,32.101973094405636,29.87278110366074,216.7092729066606,194.49525145190358
99,0.17763209342956543,0.9051918983459473,32.467700649471894,33.02699923832239,215.5268428227254,212.33336625628482
100,0.18792128562927246,0.9094209671020508,32.736999496732324,39.09949934779809,211.81449301284587,229.48864605537554
101,0.14899754524230957,0.9112718105316162,31.66463126594284,38.026991429993345,220.60871182807756,129.72041296813646
102,0.15430903434753418,0.91448974609375,31.577049603228698,28.141009635668198,231.82109327769768,309.20511556938175
103,0.1514291763305664,0.9141209125518799,32.09499147431107,30.941593429126527,231.81060453185796,259.4683715651712
104,0.14008116722106934,0.906724214553833,32.383920593668506,33.201934005137986,228.1719962372891,204.0830448253992
105,0.1565690040588379,0.9120151996612549,31.799304973285103,31.638339573149445,240.43401218542994,322.766871611969
106,0.15163564682006836,0.9080162048339844,31.45794591814454,26.119976771341463,239.74446238781928,253.8990259214213
107,0.16945242881774902,0.9036810398101807,31.827228950013204,28.203164965933947,241.3840264340751,298.3801581157081
108,0.1611781120300293,0.9096879959106445,32.060070075868765,32.201192362216254,244.12244764295596,221.87946354071212
109,0.1530778408050537,0.914959192276001,31.5154476312133,27.580774791767723,241.59041076519787,187.01299747870422
110,0.1685335636138916,0.9122340679168701,30.522375102096742,29.16877405663253,249.651465985142,310.09919825481654
111,0.16891789436340332,0.9151685237884521,29.12506525747794,24.053892983805326,267.4503285086397,307.7090382031138
112,0.16272640228271484,0.9122219085693359,30.00121492906688,36.90250635155756,254.12221905995403,175.92402108252458
113,0.16847634315490723,0.9147837162017822,29.35099735917972,24.439417730254952,251.54687849850416,233.71496595067256
114,0.15205883979797363,0.9073913097381592,28.30146491311043,22.706609544445065,252.0933950803591,209.54821064394872
115,0.1670999526977539,0.9141051769256592,27.5582029716384,24.2057201584292,247.56222912438108,277.45521205218887
116,0.1780261993408203,0.9085783958435059,28.653774646100498,37.07569351596244,253.51689654545868,313.4457001321972
117,0.14886903762817383,0.9062910079956055,28.398675342834203,25.65217193327092,251.95021532441746,282.7133459052962
118,0.16566824913024902,0.9147109985351562,27.438669187606603,22.601130809940308,264.4354245454115,346.7315557506521
119,0.186753511428833,0.9137320518493652,28.842205433221533,41.61613724791705,277.1223645225326,313.88239724991473
120,0.15398097038269043,0.9082579612731934,29.421688175795094,34.96360148236812,270.4339049417156,243.21460244664695
121,0.17034482955932617,0.9102597236633301,29.662423645663342,26.461247682487794,264.5677318992863,249.04730777882116
122,0.1660771369934082,0.9068872928619385,29.340697554462913,33.685245439553285,266.9235376862686,199.48207895234816
123,0.1872551441192627,0.9082210063934326,29.236279053633247,23.395232721958266,276.9500923479244,333.9805125672298
124,0.1695537567138672,0.913646936416626,29.8305113090245,28.648932098357633,271.4755575113464,154.80286227816836
125,0.15790534019470215,0.9130659103393555,30.210685144072762,28.00745850891181,256.83226013444227,131.0222382831478
126,0.1884312629699707,0.9098131656646729,28.756738053218037,22.536222607415215,251.96390326297524,264.76213141752675
127,0.20049405097961426,0.91461181640625,29.946920645477,37.55399785586055,260.6041525270226,369.11583854577043
128,0.15580439567565918,0.9126689434051514,31.142383879387324,34.555763149043564,251.34806840452302,254.1707145256558
129,0.203934907913208,0.9105892181396484,29.69150844220506,27.107382876094327,238.73866217208578,187.78833492554264
130,0.14754128456115723,0.9120938777923584,29.68982686370864,34.94678569740401,241.65665179530106,272.39449867879944
131,0.17732596397399902,0.9160480499267578,29.41165057808675,23.67948482626882,238.7007088896583,219.48787872239413
132,0.15876197814941406,0.9103038311004639,28.35022966248399,23.071036283525693,243.54549690725216,247.92995912828678
133,0.15302395820617676,0.9110488891601562,28.59840547614604,25.876990858578793,228.33994763959907,181.9250198906983
134,0.17267966270446777,0.9105701446533203,28.31587652501513,25.823642587048536,234.50958900468004,216.4992759289779
135,0.15984177589416504,0.9076659679412842,28.767828671821384,32.52697997697429,245.9461595737167,245.3879439735153
136,0.15572690963745117,0.9063198566436768,29.284431101102264,27.70224690022404,232.13069099711765,126.60744565153638
137,0.17576932907104492,0.9145786762237549,28.272412201197522,27.433808856813148,210.47249254026065,152.5338539771996
138,0.14355993270874023,0.9207141399383545,27.66536076115334,28.48524874860174,200.4256845079148,153.70263420219752
139,0.1973438262939453,0.954723596572876,27.38861316045247,24.339906869085603,213.81579112091362,321.6894010555308
140,0.18399357795715332,0.9082539081573486,28.578390978550818,46.844563878387504,216.0962624672905,295.19921214256806
141,0.18114113807678223,0.911029577255249,28.88518369738182,26.747412014578813,222.97428682426875,288.2681222921768
142,0.19132018089294434,0.9079976081848145,29.467167600486118,28.890875314568696,228.35587765864526,301.7458674720514
143,0.13659071922302246,0.9099619388580322,29.993800312854525,31.143317982262886,225.27278698074352,151.09411311168157
144,0.2107100486755371,0.910435676574707,30.736251376783805,33.24815322634129,230.83320129622615,272.10341908380406
145,0.13956809043884277,0.9076187610626221,30.112302628229088,26.287492491427173,229.918454601345,236.24047702470398
146,0.1810767650604248,0.914315938949585,30.368043390990938,30.25965452784256,241.924521761539,246.6681172534761
147,0.1751110553741455,0.9110336303710938,31.331522966114584,37.06860460804958,256.93210147626195,302.6096511244298
148,0.19280743598937988,0.9104607105255127,30.768876797983427,22.85878706729014,274.255845757241,326.9400770119871
149,0.189589262008667,0.914910078048706,30.949281227815504,26.143951167406392,273.12192655045476,310.3502089876689
150,0.1452808380126953,0.9178228378295898,29.81471327167108,35.49888431694329,259.53576302580507,159.33757689607097
151,0.18980884552001953,0.9100639820098877,29.760827084094228,26.20855013881028,259.55636896456224,288.47418167974877
152,0.1710357666015625,0.9156754016876221,30.738203272947505,38.66463720310145,250.58815674879594,212.06374531438829
153,0.19542503356933594,0.9125099182128906,30.075752260943904,24.51880786222688,268.34055525466454,328.61809817036783
154,0.2041463851928711,0.9108378887176514,30.11737278226414,33.66435843954368,277.08948603355225,359.59272687268094
155,0.18185782432556152,0.9112181663513184,29.85347387731478,23.64850344193356,285.14292320133865,316.77484870256757
156,0.16025876998901367,0.9129989147186279,31.396459089737355,45.68950665206829,276.05377419271485,155.7766271672385
157,0.17583823204040527,0.9199419021606445,29.943421376697785,22.538227477653887,278.39826517411075,326.0545609383887
158,0.18992900848388672,0.9076764583587646,29.984783378506307,23.272407085375388,277.88124965873664,321.7699218582461
159,0.18297576904296875,0.910128116607666,29.588668741379472,22.182804796138058,281.32227055662565,344.7604179665587
160,0.15723872184753418,0.9142413139343262,28.312198329870494,22.734180201853444,289.49175593923314,241.03243072214573
161,0.20405936241149902,0.91139817237854,27.928944002663883,22.37600686674417,291.47813239927365,308.33794628015346
162,0.1900484561920166,0.9104800224304199,26.274507725872155,22.120274435184196,303.19483633748786,329.2307846965311
163,0.17356348037719727,0.9104578495025635,26.34488021591187,25.22253276262402,296.9280694445262,265.95042924075153
164,0.17685413360595703,0.9169330596923828,25.275738460914,22.972940889564974,292.5530453411911,315.8424858393297
165,0.19269561767578125,0.911484956741333,25.90948969827079,29.98601581550146,292.7478612457955,318.72300774861174
166,0.1978466510772705,0.913642168045044,24.56695053438499,32.26411501321029,312.75745969835737,355.87261169285694
167,0.197282075881958,0.9157693386077881,24.621865667921007,23.087378813014055,312.9555615606432,328.0355795612474
168,0.2013242244720459,0.9100558757781982,24.397376114583455,21.02751155199988,312.5491469782884,317.70577603469764
169,0.17999720573425293,0.9106831550598145,24.799722149735462,26.206265147658137,303.6610619037816,255.87956722149153
170,0.19188284873962402,0.9172546863555908,25.290053155870027,27.637490263199076,301.4991468974698,219.41328065902704
171,0.19969773292541504,0.9176437854766846,25.882397174540966,28.29944705345359,302.0361856643832,313.7083339492873
172,0.19876766204833984,0.9073319435119629,26.142508773302172,24.721390422796233,304.487842297831,353.74735103100875
173,0.18221569061279297,0.9165561199188232,27.029846456143208,34.095909591034406,304.28950519133616,263.9670581758033
174,0.18626976013183594,0.9112958908081055,27.241930191868363,25.093778246816512,297.6348903522255,249.2963374482236
175,0.19368720054626465,0.9135415554046631,26.528418429981645,22.85089819663424,290.19486842140816,244.3227884404384
176,0.1784501075744629,0.9221208095550537,25.55997671214365,22.579697834830387,279.5107084647615,249.03101212639
177,0.19225668907165527,0.909282922744751,25.438928079490267,21.87689248648021,278.45686264434204,317.49712135705283
178,0.18782615661621094,0.9115209579467773,27.0898096121509,37.536326878606225,275.61581020931186,289.29525168439557
179,0.1999037265777588,0.9118790626525879,27.00600329606358,25.36820198678493,280.90303760170343,308.7518411454079
180,0.20069122314453125,0.9190442562103271,26.269424741401554,20.2717047165788,287.90252740663317,289.4081787083244
181,0.18735122680664062,0.9148259162902832,25.89428141593652,24.54801379880321,288.2205633633257,316.8886935162126
182,0.204345703125,0.9132976531982422,25.748975689325324,23.268333156684335,282.94532272688093,300.99494466656034
183,0.18109607696533203,0.909433126449585,24.62112694199738,22.817422117754973,286.189684325901,296.4106741660045
184,0.19070029258728027,0.9113917350769043,25.805361468594555,36.936123512788235,292.88182531943016,316.2177473835151
185,0.19853663444519043,0.9111497402191162,26.206668013965906,26.863963650347767,297.9317580963208,294.8221162093444
186,0.1755979061126709,0.9121057987213135,26.454039764438004,25.05341533955137,288.5140442449382,154.8538736125641
187,0.19666504859924316,0.9118671417236328,27.414163268932594,31.47812753142609,294.14034296862525,373.76010859392323
188,0.17252039909362793,0.9059922695159912,26.186830639672042,25.263000586000725,281.4187162707125,162.07898470526825
189,0.20266366004943848,0.9530847072601318,26.26532756995736,26.1531712896381,281.6841676048346,311.40635448662897
190,0.19388985633850098,0.9101288318634033,26.676324462718828,24.381673644193445,283.7309863166587,309.8763658265658
191,0.2009580135345459,0.9132699966430664,26.39371073318993,21.721876503514288,286.56740752114484,345.2529055610735
192,0.2031559944152832,0.9039463996887207,27.20030205107222,31.33424633550718,295.8001758143676,393.32262759878836
193,0.1917724609375,0.9134221076965332,26.914278815623682,19.957189763269618,298.3409860794033,321.8187768163618
194,0.19379854202270508,0.9107224941253662,25.841723364496943,26.210569001520845,295.2915693638435,285.7235802279168
195,0.1908130645751953,0.9084279537200928,25.491448997542683,23.361219980805153,291.9846116885856,261.75253945676525
196,0.1869797706604004,0.9147927761077881,25.504187072184457,25.180796085969128,305.63721925519593,291.37994927866794
197,0.2029402256011963,0.9143714904785156,24.82224101798019,24.658666989383427,298.13647513403845,298.75266738234785
198,0.20284581184387207,0.9167582988739014,24.443602703412118,21.476617440320005,315.7605542548834,338.31977591371776
199,0.20252037048339844,0.905458927154541,23.93854613498967,21.102605605413615,316.2630213083015,316.4310250208106
200,0.19974803924560547,0.9172048568725586,23.463646112396383,19.63267341826058,314.063330281175,287.87945555530035
201,0.1956944465637207,0.962122917175293,23.342245040810134,20.507865787651767,310.58287485476,310.4483512969234
202,0.20561480522155762,0.915125846862793,22.147887675195157,19.39067267935748,304.52879726696347,332.78185172082317
203,0.2007756233215332,0.9067931175231934,22.665177118263,25.130084193947997,304.4573137112096,321.103941258823
204,0.20227718353271484,0.9139232635498047,22.732332783849827,26.882125657389143,303.8679729088057,279.8301722038783
205,0.20402216911315918,0.9051988124847412,22.73365861052464,23.374478247553238,308.79891923615213,311.0620027302289
206,0.18847012519836426,0.9167520999908447,22.755449762404986,25.39870760477263,301.0392193638374,213.78295055552047
207,0.20394301414489746,0.9142782688140869,22.834655136307408,25.450720728407614,302.7506966994999,315.86744073897285
208,0.20089316368103027,0.9127457141876221,23.37067386305615,26.83680470780746,299.54825686643346,306.29537758305366
209,0.20425105094909668,0.9146711826324463,24.22131575381346,29.60902451298668,297.0279429074036,291.2278854305116
210,0.2029883861541748,0.9117188453674316,24.35535169777045,20.97303285783047,300.68494551562117,324.44948163747654
211,0.20307564735412598,0.9108550548553467,24.323538050321147,20.18972931315875,298.5700528677406,289.29942481811713
212,0.20180392265319824,0.9192562103271484,24.40609649073229,20.216257083468907,298.3474380382397,330.55570342581456
213,0.20340418815612793,0.91414475440979,24.06631839952758,21.73230328190091,297.6325588783721,313.9551496601466
214,0.2022705078125,0.9127418994903564,23.549118549771855,21.710127159831906,303.53323226968604,338.83690611701843
215,0.18565034866333008,0.9122133255004883,23.36000280380782,21.48332078791288,302.8990027323165,304.719707356533
216,0.20265817642211914,0.9062013626098633,23.066431385954584,22.462993426240274,312.81604904587914,312.95341369114703
217,0.18113064765930176,0.9107470512390137,22.90384300667648,23.82483693562658,304.79815380735585,235.68848835374004
218,0.18027687072753906,0.9083809852600098,22.593160727383275,23.729981914875406,299.775790931568,256.0717488251753
219,0.19704055786132812,0.9155449867248535,21.546290434335354,19.14032158250749,299.01896390236607,283.65961513849265
220,0.19721126556396484,0.9136321544647217,21.48434557327067,20.35358424718362,301.02911760540604,344.5510186678762
221,0.19177699089050293,0.9102480411529541,21.83216299037809,23.667903484232934,301.0925412314698,289.933661078754
222,0.1877596378326416,0.9199590682983398,21.904443828578923,20.939065465477235,298.4359636693381,303.9899278044978
223,0.19868803024291992,0.9122848510742188,21.4208954811825,16.896819807936716,301.0997764322866,340.59327728963115
224,0.20278692245483398,0.9094491004943848,21.37375812360036,21.238753584010524,287.9446062058968,207.28520385312075
225,0.20126819610595703,0.9113061428070068,21.9534095001613,27.279834553522257,288.0897930667258,306.1715759648231
226,0.20361924171447754,0.9050760269165039,22.093555345676144,23.864451881388664,287.1779413710039,303.83489673392796
227,0.20029807090759277,0.9054861068725586,21.48909430939702,17.780226572835346,297.24253093135883,336.33438395728933
228,0.19278550148010254,0.9123406410217285,21.20518341778982,20.890872998803427,302.28277990102345,306.4742385218209
229,0.19969487190246582,0.9202530384063721,21.505449308842806,22.142980493037356,306.46559031638856,325.4877192921439
230,0.19275379180908203,0.9174950122833252,21.080614170582287,16.105232864578426,304.3347655162071,323.24277066606226
231,0.20173072814941406,0.906559944152832,20.8529420089008,21.39118186741807,306.4835435361505,311.42144127818744
232,0.17615866661071777,0.9608218669891357,20.73535220467477,19.763167423216892,307.97597424335873,318.9142348765806
233,0.20243096351623535,0.9157159328460693,20.95048326927023,19.048130453891353,305.78757277125106,318.7092625685548
234,0.2043306827545166,0.8965651988983154,20.984342074746444,21.5773416387726,315.7905445920772,307.3149220613815
235,0.17869091033935547,0.9149689674377441,20.895109037018415,26.387504176242004,308.85844247436904,236.85055478774174
236,0.20223593711853027,0.9158649444580078,20.503536720460836,19.948728715812884,310.45106445117244,319.76111650196225
237,0.19185423851013184,0.9125349521636963,21.326006834361543,26.004927711842424,300.36529704255815,235.47670987114662
238,0.20366764068603516,0.9120919704437256,21.45649820265952,22.19578668178319,298.62043607818606,289.0256288780992
239,0.18643689155578613,0.9094979763031006,21.597318694955373,23.551185415995857,297.8713173346896,317.99653185717955
240,0.21085906028747559,0.904609203338623,22.722285190553823,27.354897820562954,295.5425891015273,299.9554883344396
241,0.21132254600524902,0.9213747978210449,25.896438743310664,53.13271739498649,299.1721786570987,347.7173368339012
242,0.19141817092895508,0.9106321334838867,26.116881353866376,21.96759352877404,292.9446172353581,256.63862065917453
243,0.18002963066101074,0.9085190296173096,27.5913239417152,33.79255633237954,285.3346565842286,242.60965605725934
244,0.20039081573486328,0.9070169925689697,28.329708425340026,28.9611864750209,281.2984100196212,266.9524564153086
245,0.1994791030883789,0.9177231788635254,28.57467040051788,28.837123928020482,286.16747268861604,285.54118147768975
246,0.19087004661560059,0.9161529541015625,29.614755262609343,30.34957733672753,277.852715021735,236.61353983315132
247,0.19580984115600586,0.9101452827453613,29.630249154669762,26.15986663244664,284.5192642864924,302.1422025187212
248,0.20205140113830566,0.9066176414489746,30.091411849816986,26.807413633255408,282.29969616538006,266.8299476669754
249,0.20338892936706543,0.912445068359375,29.939385429120232,22.030921209028357,281.1749899977488,306.7494701808673
250,0.2508409023284912,0.9117681980133057,29.45618413814982,22.522884910858778,280.97977670529156,298.00335540986737
251,0.20559215545654297,0.910024881362915,26.221277564937715,20.78365166286548,277.1852868673674,309.7724384546596
252,0.2021350860595703,0.9129297733306885,26.218724261792886,21.942060497325734,281.05927698001653,295.37852178566527
253,0.19086766242980957,0.9097399711608887,25.853676885852384,30.14208257297453,288.2508376455185,314.5252627122791
254,0.1934676170349121,0.904409646987915,24.740646127228384,17.830878888780916,294.6298947156311,330.74302711643475
255,0.20339322090148926,0.9136936664581299,24.20381318654092,23.468794521145824,295.4299465483005,293.5416998043833
256,0.20340728759765625,0.9138960838317871,23.85901728209052,26.901618292223525,294.78805929341644,230.1946672843108
257,0.2061023712158203,0.9105284214019775,23.12399797464745,18.80967355801595,297.2337285035227,326.5988946197839
258,0.18780207633972168,0.9116568565368652,22.920348688314657,24.770920769927464,293.38084381891633,228.30110082091204
259,0.20036816596984863,0.9057111740112305,22.74164384115701,20.24387273745192,290.4702473228343,277.6435052200469
260,0.20457673072814941,0.9074740409851074,22.51036889350408,20.210135434329455,292.21955348183155,315.49641699984
261,0.2036294937133789,0.9158616065979004,22.794057349082586,23.620536218650496,290.8245002632942,295.8219062692858
262,0.19789505004882812,0.904768705368042,22.551650290439806,19.517989910897953,286.58920759439326,253.02559509665582
263,0.20387864112854004,0.9034035205841064,22.42270939219192,28.8526735904957,283.71233455065425,285.7565322748893
264,0.20581865310668945,0.9147617816925049,22.634088583568175,19.944670802543442,282.275286094129,316.3725425511824
265,0.20264697074890137,0.905278205871582,22.117418092576575,18.30208961122983,283.538393770227,306.17277656536316
266,0.17424440383911133,0.9100210666656494,22.098746197482942,26.714899341287197,278.1923459571033,176.73418915307371
267,0.2020866870880127,0.9165129661560059,22.669535749829528,24.51756908148179,274.88049305291094,293.4803655778604
268,0.2012474536895752,0.9212632179260254,22.198031906606452,20.055882337696772,282.6330310662815,305.8264809546178
269,0.19898772239685059,0.9131128787994385,22.26926702122025,20.956223883589868,285.5781304354965,307.09449891219674
270,0.2014787197113037,0.9135801792144775,22.666538451345524,24.182849735582185,283.90221960703013,298.737308715176
271,0.20441198348999023,0.9140591621398926,22.38365425314108,20.791694236606055,285.95548984430917,316.3546086420761
272,0.20235681533813477,0.9178590774536133,22.78152139315722,23.4966613110594,291.82435390678296,311.71423572139435
273,0.1959855556488037,0.9109041690826416,23.766227067681896,38.6997303357424,289.9179107298818,266.6921005058776
274,0.2038130760192871,0.9155399799346924,23.729247199705252,19.574872122777023,288.66238713749476,303.81730662731206
275,0.2037220001220703,0.9098029136657715,24.130219535766482,22.3118129718421,286.2323128237037,281.87203342745227
276,0.20127129554748535,0.9091429710388184,23.528377509095037,20.696479074572768,299.084196130637,305.25302222240714
277,0.2053687572479248,0.9130871295928955,22.893856774676994,18.17236173730133,300.20082092757946,304.64661354728406
278,0.20167303085327148,0.9113967418670654,23.188628800126438,23.003602592191243,295.98992475952696,263.7175192740932
279,0.20109128952026367,0.9124729633331299,24.042561978056305,29.495555662888528,293.5269465622491,282.4647169394182
280,0.20356297492980957,0.9144899845123291,23.677902315441123,20.536253109430398,294.49988842833045,308.4667273759896
281,0.21200084686279297,0.9148163795471191,24.526543683872852,29.278107920923325,300.49592244010216,376.3149487597931
282,0.19362378120422363,0.9559838771820068,24.847485223484924,26.706076707180127,299.47341423324883,301.4891536528611
283,0.2017347812652588,0.9120829105377197,22.862753135049985,18.85240945139302,304.32939124498523,315.2518706232414
284,0.19404029846191406,0.9107968807220459,22.900624092995532,19.95358170223247,304.6248762690662,306.77215686812167
285,0.19002604484558105,0.9117841720581055,22.984710018944913,23.152672231335927,298.2927331876819,218.55060261360939
286,0.20193719863891602,0.9176757335662842,22.83683111763992,19.217690061522863,298.091598836849,303.24167871407843
287,0.20253419876098633,0.9083747863769531,23.073864308707282,20.54269364797492,296.2885571328682,286.61619650747616
288,0.19386672973632812,0.91044020652771,22.905625789340746,21.32121739852589,303.4277419660592,335.10936760600356
289,0.2046680450439453,0.9137167930603027,22.11286346362699,21.56793240575098,306.2353626587579,310.5409238664041
290,0.20462512969970703,0.9084920883178711,23.01054156977525,29.51303417091295,306.35287829567767,309.6418837451875
291,0.20493793487548828,0.9144022464752197,21.846523496769404,17.6379271908649,300.0097381841084,312.8835476441009
292,0.19219732284545898,0.9103896617889404,21.310945425745565,21.35029599694174,298.1218672769122,282.6104445808987
293,0.20159387588500977,0.910546064376831,21.621375478045117,21.956709974388488,300.6073007118745,340.10620497286476
294,0.20213603973388672,0.9097797870635986,22.0299009833576,24.038836755357366,296.2384097659936,263.083247409312
295,0.20394015312194824,0.9611389636993408,21.719357933087394,20.04724172863387,307.8996942891621,335.1634478452953
296,0.20665764808654785,0.9081699848175049,22.091681640665648,22.940927137305373,307.5686369190195,299.9311050126524
297,0.2016003131866455,0.913287878036499,22.04609084645243,20.086785705842754,315.4939660241219,365.86948755849966
298,0.19809532165527344,0.9111785888671875,21.641282370998585,17.27313264398746,315.522350587168,335.3932132364645
299,0.2042686939239502,0.9123013019561768,21.392263473770747,19.07774343347257,316.0405651180084,315.7230691748082
0,0.21628379821777344,1.4415538311004639,22.381838240751314,22.381838240751314,300.701980533924,300.701980533924
1,0.20714426040649414,0.9245007038116455,22.75489758085957,23.127956920967826,307.291805118966,313.88162970400805
2,0.20760679244995117,0.9139688014984131,23.39167793690363,24.665238648991746,294.801315358737,269.820335838279
3,0.2143402099609375,0.9139409065246582,22.57718145279308,20.133692000461437,307.01027062546,343.6371364256291
4,0.205183744430542,0.9202861785888672,22.34440405792078,21.41329447843158,308.1725171249388,312.82150312285387
5,0.21074581146240234,0.918175220489502,22.343215368247055,22.337271919878425,308.9820457540741,313.02968889975034
6,0.2045917510986328,0.9175848960876465,22.02564970607658,20.12025573305375,311.57751856650106,327.1503554410631
7,0.20834136009216309,0.9199986457824707,22.798235081453022,28.206332709088088,309.9543583876635,298.5922371358005
8,0.20610880851745605,0.9210350513458252,23.021229640074427,24.805186109045685,310.0149968150948,310.50010423454523
9,0.20376276969909668,0.9164502620697021,22.788020672378057,20.689139963110698,312.0694739899665,330.55976856381216
10,0.19350957870483398,0.9233050346374512,22.794595612326063,22.447587640231387,305.4240692086306,234.24793272056525
11,0.20823192596435547,0.9289910793304443,22.26869385740269,17.868939371734086,306.3249502850974,322.8904404686755
12,0.19691681861877441,0.972214937210083,22.03751371320275,22.353437206992353,298.85373656168827,195.10819860418763
13,0.2087562084197998,0.9256014823913574,22.968147833486306,29.440033203297027,291.78851953330275,272.984966141774
14,0.20938801765441895,0.9193787574768066,23.024291498185566,21.974731125424164,293.25782648915657,327.51457268139234
15,0.2087709903717041,0.9251048564910889,22.59175777086987,18.01193464672145,294.68658429988983,327.3172670070828
16,0.2082080841064453,0.9237768650054932,22.46552290975431,18.85790712189817,293.7475791058302,317.7603035004669
17,0.20784997940063477,0.9189050197601318,21.514180811196855,18.692911723513518,293.9131519567387,300.24796564488537
18,0.2091960906982422,0.9220578670501709,22.866621592755177,38.329593924628924,292.72043819111684,298.5729665783265
19,0.19599223136901855,0.9220690727233887,22.728108716862277,19.304011204181734,286.5683484869211,269.03887152185416
20,0.2094099521636963,0.9256510734558105,22.25757585129555,17.74225898456406,294.6087774164656,314.65222201601046
21,0.20430278778076172,0.9188354015350342,22.538676805968556,20.679948918464152,297.0670468230749,347.47313453476914
22,0.20692753791809082,0.9171693325042725,22.12558888877539,18.22255803506066,309.5172906865032,319.61063723847036
23,0.19665789604187012,0.9158730506896973,21.229278572130486,20.476930036848024,308.71645113880373,264.97657066477933
24,0.203033447265625,0.9268980026245117,20.87143926311733,18.396338035292658,305.7171638259696,297.52169955305067
25,0.20970392227172852,0.9215471744537354,21.036865630850507,19.66619832405319,305.50086424816743,325.1542712290616
26,0.20930075645446777,0.9267327785491943,21.072938480072427,19.21863561411734,307.64545746187775,339.20623563757056
27,0.21100139617919922,0.977985143661499,20.947307527573543,17.43660219852471,309.31969374971914,316.99032852329924
28,0.21022677421569824,0.9207026958465576,20.48601559833143,33.7166746322078,312.9443405369767,334.81943445090127
29,0.21072888374328613,0.9278242588043213,20.449501253400946,18.938867754876874,317.54259116493074,315.0213778013954
30,0.20600342750549316,0.9290387630462646,20.51955740718143,18.442820522368898,314.16452129194965,280.8715232861986
31,0.20102930068969727,0.9185206890106201,20.273734389274587,18.221718739395712,314.6005343678712,351.83326529398516
32,0.1880638599395752,0.9191639423370361,20.57381724881462,21.223386630461015,307.7355727919428,250.96102147918617
33,0.1711122989654541,0.9214670658111572,21.128055919853146,26.01931674723325,296.8931830276292,156.55267302164378
34,0.2086658477783203,0.9125974178314209,21.36117342343702,20.72751307113139,299.75817298074537,326.1715990842115
35,0.2007899284362793,0.9248490333557129,21.336407554324502,19.41853963292802,300.0255330548868,327.82787197047656
36,0.1879727840423584,0.9281277656555176,21.73882938976191,23.242853968491403,281.5317195872165,154.26810096086692
37,0.2068474292755127,0.921273946762085,21.840205034800313,18.450358648908747,276.6816326435875,268.4894590870092
38,0.187363862991333,0.9253551959991455,21.985819417018053,35.1728184543852,264.5886072166391,213.88918018141743
39,0.2019052505493164,0.9191451072692871,22.60669607754402,25.147634360136514,255.1608529042513,220.74383467751744
40,0.20819497108459473,0.9250233173370361,22.66296731953002,19.00553294222891,257.1499840516888,300.7628347605736
41,0.2042250633239746,0.9240303039550781,23.53010405255299,26.89308606962542,254.10706914972326,321.40411627433014
42,0.20665526390075684,0.924752950668335,23.165106942974706,17.57341553467822,260.7735295729233,317.62562571118633
43,0.18571090698242188,0.9257450103759766,22.683680945574178,21.205056773227938,272.8410017964879,277.22739525729
44,0.20681428909301758,0.9214367866516113,23.22529376367917,26.143641252181347,270.70877170682905,304.849298187623
45,0.1938939094543457,0.925879716873169,23.596249179737175,23.128093793508075,262.33854622826993,244.12561718488473
46,0.20195984840393066,0.9289934635162354,24.010808859600868,27.388450767128315,281.12994979913293,342.1821366694974
47,0.18942570686340332,0.9242236614227295,25.225027351235358,30.59254356525361,276.2474771295739,219.6647323914184
48,0.20602083206176758,0.921616792678833,23.808502147372845,21.007566415760124,285.0375573120888,301.78998200656673
49,0.19008517265319824,0.9319212436676025,22.966962847213466,16.732241358542723,285.5576771850612,225.94503340724162
50,0.17213964462280273,0.9313929080963135,23.70717385872897,26.40764305738394,278.4834650748488,230.02071365845043
51,0.1878650188446045,0.9249758720397949,23.21468806030127,21.96822808534839,265.4666350275341,191.23581580118224
52,0.190324068069458,0.9254128932952881,23.006866867788435,15.49520360954989,267.92004421955806,342.15971763142636
53,0.19670605659484863,0.9266519546508789,22.997446556172356,21.110853657067178,267.18263204516467,269.8532735133557
54,0.16513824462890625,0.9268951416015625,23.09921811019556,27.16135679241339,249.41282159616088,127.15119369758551
55,0.20119428634643555,0.9306750297546387,22.586760885159954,18.003521543151997,258.27044646479965,332.7018658712721
56,0.19212031364440918,0.9170777797698975,22.376590071341596,25.28674262894471,244.18913201116615,201.36899213316252
57,0.19872713088989258,0.929152250289917,22.41344541239598,30.961096975797467,249.91976938225972,276.97110610235393
58,0.2103271484375,0.9231035709381104,22.350157608872713,20.374688380527424,251.12865589479048,313.8788471318745
59,0.2072749137878418,0.9319889545440674,22.50747494786282,18.305414748443813,260.1967826780922,316.62630124025833
60,0.20485329627990723,0.9285709857940674,21.84565677672084,19.789461345964163,267.2998932187608,301.05181906513667
61,0.2006669044494629,0.924530029296875,21.546759104538268,18.979251363522636,273.3208446963853,251.44533057742723
62,0.20564532279968262,0.922184944152832,21.806403173598476,18.09164430015196,270.0041175773862,308.99244644143585
63,0.2077641487121582,0.9263081550598145,21.41776933917199,17.224515312802342,274.0826395186962,310.6384929264552
64,0.1795051097869873,0.9272401332855225,21.06355277442923,23.619191144985777,284.7240623703664,233.56542221428813
65,0.20983362197875977,0.9216711521148682,21.584121470139642,23.20920850025609,276.1675113174937,247.1363553425444
66,0.2081141471862793,0.9816927909851074,20.98777403628141,19.323268290362453,286.9519274957598,309.213153915823
67,0.20257878303527832,0.9298210144042969,19.674957682162866,17.832933434612016,288.24403207088193,289.89215185357585
68,0.19664478302001953,0.9228770732879639,19.651593398170608,20.141045540604846,282.2631567995144,254.0700944181989
69,0.19537568092346191,0.9190149307250977,19.470970241681748,16.499183183555218,282.7100777112013,321.095510357128
70,0.2107541561126709,0.9339189529418945,19.181977766397512,16.899536593121823,284.32658825646195,317.21692451774265
71,0.2088921070098877,0.9274570941925049,19.01332168786761,17.292690578223613,289.16243881825784,299.8038361953867
72,0.20905232429504395,0.9224426746368408,19.03495931614508,18.308020582926623,289.13277149741447,308.6957732330019
73,0.21025991439819336,0.9278740882873535,18.960388098425756,16.478803135609112,287.27703864174856,292.08116436979617
74,0.19720983505249023,0.9737579822540283,20.099653050232156,35.01184066304982,293.05238263773526,291.3188621741549
75,0.2114706039428711,0.931067943572998,19.567647385197553,17.889151849910018,297.2558405601619,289.17093456681107
76,0.2083442211151123,0.9188251495361328,19.519416744508824,18.84096188347518,298.7794181768901,324.44893008310464
77,0.1985170841217041,0.9211678504943848,20.425759080357636,26.896356793100093,306.2461363079585,364.5593331642604
78,0.1943821907043457,0.9324555397033691,19.97385884727429,15.622043209771377,312.84774261494033,320.0861574880167
79,0.16638684272766113,0.9253976345062256,21.00717277751251,26.83232248593746,292.0454882277878,113.07296648560273
80,0.17697477340698242,0.9260811805725098,22.299184566619317,29.819654484189904,285.6121506988005,252.88354922787053
81,0.21092891693115234,0.9250438213348389,22.538026216463372,19.68110707666417,286.6176588406596,309.8589176139777
82,0.17039036750793457,0.9250171184539795,22.85829410080154,21.51069942630827,277.73276513523194,219.8468361787243
83,0.20869994163513184,0.9239778518676758,22.766241283635413,15.558274963947845,279.6762209389999,311.51572240747544
84,0.18764710426330566,0.925407886505127,21.570647599724452,23.055903823940223,267.06207188357104,165.17737161986685
85,0.2098531723022461,0.9299919605255127,21.542049470835526,17.60317056102073,265.94638433519333,278.01405908303366
86,0.24541473388671875,0.938122034072876,21.374806827502805,17.16853545014797,258.92710163401773,254.25610307134926
87,0.20736980438232422,0.9191021919250488,20.721056030992926,20.358848828001292,253.51740484205612,310.4623652446439
88,0.20894312858581543,0.923760175704956,21.0093969484162,18.505452384004105,254.67622511611452,331.6743602286008
89,0.2090301513671875,0.9197068214416504,20.14629818718965,18.201334873671964,274.71574174378054,313.46813276226266
90,0.19464111328125,0.9251608848571777,19.24059997639238,20.76267237621727,272.34400558444275,229.1661876344932
91,0.18608808517456055,0.9256889820098877,19.56739741801117,22.94908149285201,258.79225373307764,174.34139910032638
92,0.22017407417297363,0.9282701015472412,19.0090573960818,15.927299207014613,268.2057954797372,313.98225364532027
93,0.19749188423156738,0.9291481971740723,19.609783025368976,21.56553125681956,256.73439474528385,196.80171506294153
94,0.19780468940734863,0.9304497241973877,19.6604152959177,23.562226529427484,264.57685909263586,243.6020150933874
95,0.20354199409484863,0.928400993347168,20.73150920122308,28.314109614074514,262.3667871086321,255.91333924299545
96,0.20067930221557617,0.9190981388092041,20.851101371396037,18.364457151877552,267.3200976217682,303.78920820271003
97,0.2092893123626709,0.9317302703857422,20.54796801888184,17.327515302859275,268.2602984386453,319.8643734134153
98,0.1907494068145752,0.9295408725738525,20.74467832189267,20.472555414112428,260.738108868267,256.45246452481734
99,0.21118712425231934,0.9257500171661377,20.867759594355107,19.432147598296368,259.5929106967957,302.01615104754933
100,0.2095038890838623,0.9304327964782715,21.24837858936961,24.5688623263623,265.96435172525787,292.88059791911576
101,0.18675494194030762,0.9258067607879639,20.931811863887738,19.783414238033288,279.57518655500354,310.4497473977831
102,0.19295573234558105,0.9332230091094971,21.313072068639222,19.739901254529432,278.24852341521364,300.71562224742104
103,0.20992183685302734,0.9304850101470947,20.939208015679505,17.826890727222406,288.79386278148434,302.25510872564854
104,0.2381124496459961,0.9294095039367676,21.252203409189136,26.692180464523794,284.9193918116946,204.85730539549013
105,0.21140503883361816,0.9295153617858887,21.169533972232998,27.487415244513123,295.1162716523473,357.8821376495222
106,0.18474674224853516,0.9226779937744141,21.841201318279637,25.081130612343976,288.7688517663388,240.31500934262561
107,0.21345829963684082,0.92146897315979,21.646010941761674,15.375611537679625,287.9758175767674,311.9340315177008
108,0.19682574272155762,0.9320659637451172,22.446689808964756,28.479344086143236,287.0140058772945,246.8343475300884
109,0.21150875091552734,0.9302027225494385,22.091969184074806,15.884941349396847,289.0260275925389,322.13636819999334
110,0.19685697555541992,0.9297270774841309,21.41153843679293,17.764554853543565,289.9851199584342,302.47152157806903
111,0.19839978218078613,0.919701099395752,21.21853711638382,17.85340103394218,288.65017996798815,297.10034749332203
112,0.2108323574066162,0.9273560047149658,22.48332520221796,32.38778211287082,279.7545409528604,211.75923209614393
113,0.20047473907470703,0.925865888595581,22.440913767691185,17.40277638195469,273.83634394421983,243.0731386392427
114,0.2106020450592041,0.9280719757080078,21.4655440890498,16.938483678109954,285.2002344365982,318.49621031927364
115,0.20061492919921875,0.926771879196167,20.586085389138994,18.692828245405018,279.9205100599369,305.0848938829097
116,0.20221900939941406,0.9315838813781738,19.69450260128433,16.165302733797336,285.5826880640127,296.93678938338365
117,0.19223928451538086,0.9222679138183594,20.261160541038553,21.04219093522188,275.3487839272022,209.59499014959573
118,0.18042445182800293,0.9280836582183838,19.1064490680289,16.932229356046754,272.7032581491269,220.37908974933526
119,0.20077729225158691,0.9276659488677979,19.1575677131153,16.396127800260793,272.02873715846715,315.3911582933961
120,0.20931410789489746,0.9243748188018799,19.184878113357392,18.037658855964544,270.80680702134896,290.2522202068865
121,0.2018876075744629,0.9272732734680176,19.38664695665767,19.871089466944902,271.6816908836355,305.84918611618747
122,0.20143938064575195,0.9289591312408447,18.460790298314443,23.129215529438568,277.460004455076,269.542367810549
123,0.17629790306091309,0.9289672374725342,18.65905545295296,19.385427928339812,274.4575608765234,213.04870285371783
124,0.22028541564941406,0.9337518215179443,19.190360868294345,22.251537831523862,274.879855777351,322.719159327549
125,0.17766761779785156,0.9226880073547363,19.850665126931766,25.295870831779226,270.5342719006836,261.6290551162359
126,0.20276713371276855,0.93459153175354,20.48290376292703,22.487689093749978,266.7056300247146,258.65037062369265
127,0.1871337890625,0.9276471138000488,20.3958219612145,20.17137291809656,271.77603898052047,260.2990797076554
128,0.1901535987854004,0.9260122776031494,21.98190155185547,32.79302526245648,285.2877555374274,355.49625531840474
129,0.182908296585083,0.9309172630310059,22.068036548074126,17.25747776244735,285.19323492530077,314.4459521721293
130,0.1781177520751953,0.9341471195220947,22.192757939560167,19.28487277082493,277.46275767163354,212.94744767021393
131,0.20163178443908691,0.9257957935333252,23.033402767404894,28.277537745392188,264.23168632778686,173.53847267772105
132,0.20307636260986328,0.9283008575439453,22.399816058585994,16.793348441249574,269.3553884283936,320.7793888166159
133,0.17123889923095703,0.927966833114624,22.68806951706414,22.267962513121233,264.8006724818104,167.50154338788622
134,0.24281954765319824,0.9338138103485107,21.969691817463378,15.067760835516268,262.9501394744309,304.2138292537537
135,0.20882177352905273,0.9248611927032471,20.979052043765027,15.389473094795695,266.49782386267077,297.10589899863504
136,0.1915450096130371,0.9238071441650391,20.730610919586002,20.00327785195971,263.7597616778422,231.2697487754067
137,0.18399906158447266,0.9300661087036133,20.905237315744042,21.91763687967702,260.3067394811941,225.7688577411745
138,0.2102212905883789,0.9306657314300537,19.30186657292865,16.759317834302514,254.8377539574207,300.8064000806704
139,0.19704413414001465,0.9315977096557617,19.53745252439205,19.61333727708136,244.04616011082067,206.53001370612884
140,0.20935916900634766,0.9382319450378418,19.160105168171935,15.511399208623814,251.5864495075345,288.3503416373529
141,0.20273542404174805,0.9341199398040771,18.079159299347793,17.468079057150746,265.091130147482,308.58527907719554
142,0.2096879482269287,0.9318537712097168,17.95785669497311,15.580322397502728,266.5302676052787,335.1707633945828
143,0.1909630298614502,0.9276342391967773,18.56208610197253,28.310256583115425,271.46328844278867,216.83175176298613
144,0.21069931983947754,0.9276940822601318,18.599543059776316,15.44233041355417,272.60525426305185,315.63348745638604
145,0.18801569938659668,0.9587008953094482,19.949106496343216,28.885107460464678,263.5321170584833,206.37452695294928
146,0.18792200088500977,0.9232001304626465,19.786588979767377,18.378102686201313,261.2367755193254,208.3163333838276
147,0.2040715217590332,0.9352588653564453,19.479101874524737,18.84276582725061,266.0461912568664,273.8630151165843
148,0.20865988731384277,0.9279661178588867,19.53244753190423,17.292774408097458,269.02349697080257,330.5794572200324
149,0.20847392082214355,0.936356782913208,19.25267891642941,16.81565112233314,279.08013947006623,307.0964386987653
150,0.19730520248413086,0.9273741245269775,20.75037791706271,30.48838921495684,280.2598519944532,300.1474668812219
151,0.19191694259643555,0.9265599250793457,21.183542778653,21.799727673053596,273.255849718796,238.5452563206243
152,0.20985841751098633,0.9306538105010986,21.52165925820065,18.961487192979284,270.23454078289467,304.95767403556977
153,0.20992612838745117,0.9269416332244873,20.236434217248693,15.45800617359581,278.2728924859725,297.21526879376427
154,0.2041323184967041,0.9260640144348145,20.466762995293372,17.74561819400104,271.91344904442326,252.0390530408936
155,0.19103074073791504,0.9212939739227295,19.480792885445368,19.025406361984608,264.5870924745078,133.11096125379441
156,0.18023991584777832,0.9218401908874512,21.126080853783275,34.83098236958037,267.7308167324134,239.75357596288427
157,0.17356014251708984,0.9245328903198242,21.24125920801989,19.99454936961679,260.1794468919801,198.3493167122507
158,0.17623448371887207,0.9213871955871582,22.796390644024346,32.84408876814197,252.16755255094918,250.46051380972375
159,0.18752026557922363,0.9288010597229004,24.728595165113454,36.13769633322422,234.166841455152,127.08932774079292
160,0.20998287200927734,0.9293608665466309,24.87176585201908,31.920096084013117,239.49145791298238,353.39363145952586
161,0.18365979194641113,0.9268474578857422,24.363771126380406,16.719780416666836,244.16179146309022,285.2485918217027
162,0.19644594192504883,0.9321753978729248,24.703505614449035,22.358832073665546,240.85239565031412,271.86371590780857
163,0.20456409454345703,0.9587140083312988,25.10021231896543,19.425073218759795,240.77601187427064,296.45143103332936
164,0.20323801040649414,0.9275321960449219,25.541518072313895,22.158675727485694,242.73185122757826,271.5974465739704
165,0.19249892234802246,0.9326632022857666,25.70616357774682,20.671861416313877,256.19423659928,267.7348149708107
166,0.19542384147644043,0.9298970699310303,24.416048552284963,21.92983211496179,255.1320464942309,229.13167491239375
167,0.20934820175170898,0.9229638576507568,24.069692749497182,16.53099134173896,266.8109437332495,315.1382891024366
168,0.2089860439300537,0.9294860363006592,22.72910663005075,19.438227573677626,272.1083571897225,303.4346483744538
169,0.1938610076904297,0.9315581321716309,21.297049747109895,21.817127503815684,286.68079670053373,272.8137228489055
170,0.18878841400146484,0.9260129928588867,20.665274095518775,25.602339568101932,276.23980694939496,248.98373394813822
171,0.20005297660827637,0.9280743598937988,21.798662873554804,28.053668197027132,271.1168454787628,234.01897711538078
172,0.21609115600585938,0.9325649738311768,21.575923873956338,20.131442077680877,274.2524386772485,303.21964789266565
173,0.17405962944030762,0.9264876842498779,21.391053068898962,17.576365168186058,271.3597238335131,267.5242825959756
174,0.18223023414611816,0.9260165691375732,22.89251277807457,37.1732728192417,269.32445470535265,251.24475529236554
175,0.17746758460998535,0.9335510730743408,23.128524372063215,23.031977356200386,266.7775953488202,242.26622140548665
176,0.19209647178649902,0.9297564029693604,22.712564594220673,17.77023433653637,275.5884950973032,317.24067239722365
177,0.20630621910095215,0.9272770881652832,23.388447094631893,23.28981634585115,278.5341270864131,344.5946089935354
178,0.18886494636535645,0.9293544292449951,24.400925587359136,29.56301250095011,276.97159169226757,287.8092944329983
179,0.19501304626464844,0.9401872158050537,24.405349605707663,21.86136768730093,271.4180217057804,217.2780229840339
180,0.20110821723937988,0.9249987602233887,23.288056862108085,14.429412132106137,275.4360158877571,289.1636757679055
181,0.20729756355285645,0.9192922115325928,22.109929098843086,16.272390564377137,277.4618809738017,254.2776279758275
182,0.1896378993988037,0.9238269329071045,22.353806509168926,22.5702161809393,272.6476656612233,255.07749476688093
183,0.20082330703735352,0.9244599342346191,22.106064199990406,15.098942076400863,278.17782081317625,322.82583411550553
184,0.1787271499633789,0.9207630157470703,20.215781723295382,18.27044805229142,283.8702398749909,308.1689459105115
185,0.1917886734008789,0.9244399070739746,20.956356145195212,30.437721575198694,284.8948938480894,252.51276113647202
186,0.1764974594116211,0.929105281829834,22.495445109160222,33.16112397618649,278.93996025367807,257.6913364531102
187,0.16054987907409668,0.9239921569824219,22.615519121091353,24.490556465162467,266.12182785312245,216.41328498797907
188,0.17343473434448242,0.9237236976623535,21.97571690214472,23.164990311483763,260.73501253520993,233.9411412538733
189,0.15858173370361328,0.9274542331695557,22.330426403664948,25.408462702503197,263.91669214293756,249.0948190613098
190,0.19262361526489258,0.9219555854797363,22.97459207394214,20.871068834878088,260.21753985943843,252.17215293291443
191,0.19827961921691895,0.9146850109100342,23.4807450939738,21.333920764693687,265.62857013926146,308.38793077405796
192,0.1990833282470703,0.9255340099334717,22.964961772057134,17.412382961772668,273.74468206625176,336.2386140367834
193,0.184675931930542,0.92494797706604,24.360707923032145,29.056403586150953,264.3812567464699,229.19158091768696
194,0.19822359085083008,0.9260470867156982,24.71486110576919,21.81197987966188,261.42566633060545,278.61304175186734
195,0.17497706413269043,0.9185521602630615,23.726461256301523,20.553723080521983,263.04381351888543,268.69423301927134
196,0.2099907398223877,0.92789626121521,21.90962672826222,14.992778695793536,267.1850282290409,299.10348355466465
197,0.20320677757263184,0.9185113906860352,21.120937913040702,16.603668312947264,277.06484942445076,315.21149694207867
198,0.18834257125854492,0.9230620861053467,20.5844599123419,17.800210304495714,279.0662649353535,253.95529636290024
199,0.19060397148132324,0.9255359172821045,20.5802919280095,25.36678285917922,276.65333381131614,224.96550782093624
200,0.1823580265045166,0.9310696125030518,20.871417115338744,23.782320708170545,275.3112390121909,238.7512049416622
201,0.18027639389038086,0.9219839572906494,21.656411307020168,29.183862681507918,269.15658974272424,246.841438079391
202,0.1883080005645752,0.9253239631652832,22.433982543961328,25.188095331184293,267.06337307149215,315.3064473244627
203,0.19077467918395996,0.9236373901367188,21.8872272866087,23.588851012624605,271.7774824585109,276.332674787875
204,0.2081899642944336,0.928779125213623,21.7241619000125,20.181326013699888,273.3195798161179,294.03401532793623
205,0.20317888259887695,0.9206907749176025,21.815181558026165,21.463919660658675,275.96948957922024,295.1933306502955
206,0.20383310317993164,0.9305150508880615,24.225215077604965,39.093113891581524,281.18979161767305,351.3065039391928
207,0.19718503952026367,0.9244701862335205,25.323816400992325,27.589681546820884,277.1131602040381,274.4451828057294
208,0.19803977012634277,0.9230141639709473,25.723447916532184,21.79652545989429,273.05466252040344,213.37031952655303
209,0.19423437118530273,0.9251971244812012,26.262155244662683,30.753856140484217,277.0912870362546,265.331752979448
210,0.2007739543914795,0.9248447418212891,25.47029900393529,15.86375830089656,279.33452597451503,261.18359432426695
211,0.1944868564605713,0.9279017448425293,25.11781609472022,25.659033589357207,276.95213554677514,223.01753380199227
212,0.20061612129211426,0.9245128631591797,25.575003894451292,29.75997332849512,279.34562483564275,339.24134021313864
213,0.2044658660888672,0.9308860301971436,24.787141422429816,15.710226292409773,283.79459395409447,320.8223659723913
214,0.19148802757263184,0.9299588203430176,24.394170043409268,16.251612223494433,284.48366285650343,300.92470435202665
215,0.19327473640441895,0.9232878684997559,24.34902222168865,21.012441443452467,274.4357165222524,194.71386730778454
216,0.17212986946105957,0.9302082061767578,23.090575220811253,26.5086438828076,268.97777439771096,296.72708269377915
217,0.18816590309143066,0.9258389472961426,22.54393194703086,22.123248809016893,265.04820512882714,235.14949011689026
218,0.16121506690979004,0.9311599731445312,22.45198807099218,20.877086699507537,264.6314627339145,209.20289557742703
219,0.20033693313598633,0.9332060813903809,21.1496479879657,17.730455310219376,274.15304152468946,360.54754088719756
220,0.18946576118469238,0.922234296798706,21.29190433257842,17.286321747023756,279.56702523591616,315.32343143653407
221,0.17409515380859375,0.9253201484680176,22.05019858167621,33.241976080335164,278.2894693051108,210.24197449393898
222,0.23705625534057617,0.9330682754516602,20.84722023279365,17.730189839669496,274.7070260239665,303.4169074016954
223,0.19342613220214844,0.934462308883667,21.341881560921223,20.656839573685527,270.59010113572754,279.6531170900015
224,0.18221282958984375,0.9267499446868896,21.66160726588424,19.44886927312461,265.2150102026849,247.17379502160037
225,0.18019390106201172,0.9305284023284912,22.435590454263526,28.75227332724529,274.6342043940831,288.9058092217669
226,0.19620895385742188,0.9269099235534668,21.659235781401527,18.745097154187597,279.5469412450028,345.85445120297584
227,0.1817798614501953,0.9344174861907959,23.94853276446343,45.01621863963594,281.4255633780617,253.93571144747955
228,0.18966054916381836,0.9325706958770752,24.6773686091663,28.165445146536285,283.6978828874846,231.926090671656
229,0.19024014472961426,0.9287276268005371,24.845183928000704,19.408608498563392,271.6387936312804,239.95664832515567
230,0.20112872123718262,0.9269301891326904,24.69029593832594,15.737441850276088,271.01862195721856,309.12171469591567
231,0.17034196853637695,0.931096076965332,23.77442545362741,24.083271233349848,273.91210699906776,239.17682491243062
232,0.19481992721557617,0.9289379119873047,25.15149925703925,31.500927873787944,268.709030236578,251.3861397767979
233,0.17985892295837402,0.9236860275268555,25.240418194291617,21.546028946209162,264.54261543547,237.98896907892157
234,0.1891767978668213,1.0201714038848877,24.71281728518175,14.172860182025918,271.1720368545881,313.4680092127812
235,0.16640281677246094,0.9331951141357422,23.93070960198787,20.931196495306562,269.6719922157716,273.9053628336016
236,0.2026686668395996,0.9665927886962891,26.12223993251471,40.66040045945596,263.04348878447166,279.5694168899772
237,0.1821269989013672,0.9457137584686279,25.1788028373925,35.581847688413816,262.41714820852445,247.67230568800687
238,0.20411229133605957,0.9376392364501953,23.980857067426268,16.18598744687397,272.03025699339776,328.0571785203887
239,0.20795297622680664,0.9318909645080566,24.77540206233859,27.35405844768661,276.5965387008223,285.6194653994013
240,0.18832993507385254,0.9279849529266357,26.280116745261388,30.784588679504097,280.4776810650366,347.9331383380593
241,0.16601967811584473,0.9322292804718018,26.961625527488614,30.898359055622116,279.85785265034986,232.9785407655625
242,0.200120210647583,0.9306881427764893,25.339437994796107,15.27905254686286,286.46816618061024,317.4892750794019
243,0.21203160285949707,0.930267333984375,24.83696824046864,16.52133140293448,292.0954064630025,294.2613719028444
244,0.19020605087280273,0.9289839267730713,27.121402994506315,37.01720772240263,288.9277262064216,281.79120664697194
245,0.20571112632751465,0.9251599311828613,28.307143779044537,32.78860434068882,296.737787049263,352.0059712620157
246,0.19344162940979004,0.9284641742706299,27.561119274557825,33.200155414588835,291.411400203015,226.3055484274968
247,0.19044971466064453,0.9293549060821533,26.043385505987384,20.404510002709486,288.8977860338813,222.5361639966705
248,0.2004399299621582,0.9317789077758789,26.066229297660072,16.414425363600795,288.3327024792557,322.40634297413266
249,0.19649934768676758,0.9213042259216309,25.12874801825192,17.979245653605062,283.04298914635507,232.7223320703947
250,0.19260072708129883,0.927894115447998,24.88035153811447,28.30062387812962,271.8607265619788,236.1105124942969
251,0.18277239799499512,0.931218147277832,23.907001296201045,21.164856636487876,270.7761576470557,222.13285161633115
252,0.18332433700561523,0.9298057556152344,24.22351919984135,18.444231583265847,263.0583061140775,240.31075974962025
253,0.2072594165802002,0.9287645816802979,24.162157556900915,15.907714973530181,264.8720342490678,312.3986532527473
254,0.1767101287841797,0.9240522384643555,23.35175496427622,28.913181796155687,266.27281222137634,295.7989863700578
255,0.20037388801574707,0.9283812046051025,21.926121971431275,18.532274412239317,256.58544155912307,255.13226463948297
256,0.18835806846618652,0.9236187934875488,20.02299704596081,14.168906159884255,263.87011679342277,299.1523007704934
257,0.1835930347442627,0.9260232448577881,19.833952497574764,18.514064518848986,270.522572423112,289.0607202935631
258,0.19440579414367676,0.9292891025543213,20.224969449464965,20.324594882502797,266.9217897169205,286.3985159122174
259,0.22384858131408691,0.9232223033905029,20.458735349273105,20.316904651686514,271.7848490887959,281.3529257891488
260,0.20626139640808105,0.9303760528564453,18.963547520357523,13.348745588973777,279.538964256187,313.65166416820784
261,0.17890405654907227,0.9212853908538818,19.0371941414227,21.901322847139664,274.13437644015437,168.08697345600427
262,0.19391512870788574,0.9303340911865234,18.61493930251497,14.221683194188525,282.36546597384256,322.6216550865026
263,0.2048811912536621,0.9249289035797119,19.29045975278626,22.662919476243076,269.8524488532321,187.2684820466427
264,0.16464519500732422,0.9361248016357422,18.563613851353107,21.64472278182415,263.2578994340799,229.85349217853582
265,0.20224571228027344,0.929868221282959,18.02299205630299,13.12605646173815,268.7955220722623,310.5084910213071
266,0.20901918411254883,0.9354069232940674,17.972382043422527,13.662806031079622,269.38839273820065,305.0810074298769
267,0.2087874412536621,0.9297816753387451,17.614561891634185,14.935863000965588,271.4410687183994,309.58748009555063
268,0.22408151626586914,0.9315509796142578,18.36418709850883,27.820846951249237,267.68148777365684,248.8027064647918
269,0.20858240127563477,0.9282939434051514,18.66595540280726,23.334587694670795,268.93794043482364,293.9174524008173
270,0.18685173988342285,0.9354748725891113,19.57298283913847,22.419019952285836,255.64052842575978,180.67754407756908
271,0.19043326377868652,0.936255931854248,18.930706418674966,15.47855864250467,269.55485482974285,307.23023749583484
272,0.19434642791748047,0.9304101467132568,19.429947741823163,19.214096425670462,263.3534324015923,260.6074308049964
273,0.19864559173583984,0.9319820404052734,18.39232713633307,12.286713421342201,275.98351409249887,313.56929895570886
274,0.19575929641723633,0.9303610324859619,17.53537587099788,13.075210128472248,281.5601167999037,285.6195192525844
275,0.1887049674987793,0.9290370941162109,18.443150975687963,22.203807508638995,268.6009048727346,180.91637174961573
276,0.1840224266052246,0.9335980415344238,19.00340666101047,19.265362884304665,265.46555899116504,273.7275486141818
277,0.18707942962646484,0.9303936958312988,19.15077219461718,16.409518337032694,250.93817316827761,164.3136218666762
278,0.1873779296875,0.9309179782867432,19.0323845790721,26.63697079579846,252.12157609597892,260.6367357418042
279,0.17401862144470215,0.9339568614959717,18.175591872387574,14.766660627825527,252.56195507527713,298.32124219379966
280,0.20546627044677734,0.9333550930023193,17.306045614335154,13.723557371761592,266.28510408083196,317.90903413311787
281,0.18581891059875488,0.9290745258331299,17.72884216783754,19.70652417752855,268.1528507449536,325.9077041370508
282,0.1963188648223877,0.9326589107513428,17.1526230195055,13.451904942350094,272.8585465329816,307.66438868527683
283,0.18167400360107422,0.9332847595214844,17.668291344158902,17.44339666787618,264.4313574366337,229.29740799222975
284,0.19422626495361328,0.9276638031005859,17.71351989830082,13.527495669891447,264.78188047316223,289.12474961786927
285,0.20741844177246094,0.9311931133270264,17.197706780205266,17.045676327683466,280.1996326109862,335.0938931278557
286,0.20845508575439453,0.929253101348877,16.650603626305923,13.794331345311216,284.947646364947,321.2076861537896
287,0.1900627613067627,0.9293031692504883,16.50375580377319,14.94104011170535,297.75796212351577,292.41677945236336
288,0.20086264610290527,0.9255902767181396,15.378362862455077,15.383041382617332,293.7100478595954,220.1575931026013
289,0.20555472373962402,0.9265389442443848,15.193311154725498,12.916143550529739,294.5914446579619,307.1352101774644
290,0.19525933265686035,0.9258608818054199,15.818498583032355,19.975431654830167,284.2486612397214,214.48119995071247
291,0.19616222381591797,0.9286277294158936,15.719924841341811,18.720786760623092,276.7331528293321,250.75262003315794
292,0.18939590454101562,0.9240381717681885,16.273799956535893,18.990656094290937,275.2885102900562,293.2179632925175
293,0.20541810989379883,0.9871628284454346,15.893914740947391,13.644544511991175,284.2242005405211,318.65431049687913
294,0.15288591384887695,0.9274020195007324,19.186945579648135,46.457804056898894,270.53764658010505,152.25921001370892
295,0.18523430824279785,0.9259209632873535,19.565945476517154,20.835675296373637,264.794182106284,277.65924838964514
296,0.20386099815368652,0.9273171424865723,19.663296208384807,14.767838663987757,265.5966343581946,329.2322086728956
297,0.1961820125579834,0.9266860485076904,20.566504701242486,23.973125040282103,260.9995850113464,246.44628598388238
298,0.19671368598937988,0.9260003566741943,20.7087308100884,16.805302471076484,271.94472025934675,329.6089455826042
299,0.19510793685913086,0.9308924674987793,20.855833711258562,14.387172562231386,270.6965912253343,294.6539198373404
0,0.21272587776184082,1.337735891342163,24.345970380035077,24.345970380035077,308.9720652009511,308.9720652009511
1,0.20177412033081055,0.9161889553070068,24.151353463423213,23.95673654681135,291.3653594887568,273.7586537765625
2,0.19915199279785156,0.916126012802124,24.30087061419059,24.599904915725347,302.32112301192484,324.2326500582609
3,0.20165395736694336,0.9156160354614258,23.401730479414063,20.704310075084486,302.78116411520193,304.1612874250334
4,0.1923673152923584,0.916766881942749,23.98060721291533,26.2961141469204,299.52884468327704,286.51956695557743
5,0.20987725257873535,0.9120173454284668,23.886996412239125,23.418942408858072,301.05100124371484,308.661784045904
6,0.1957547664642334,0.9119985103607178,23.376065174359105,20.310477747079013,303.0840413573588,315.28228203922265
7,0.1706247329711914,0.9745221138000488,23.067058139364995,20.90400889440621,300.77630733395915,284.62216917016116
8,0.2066361904144287,0.9134879112243652,22.419572452423523,17.239686956891738,300.9463815791506,302.3069755406823
9,0.20810270309448242,0.9155170917510986,22.201164148574527,20.23548941393355,302.01271600232747,311.60972581091914
10,0.20895624160766602,0.9299359321594238,22.03328044813677,22.667133375657563,304.4665964273113,333.5108694507889
11,0.21370673179626465,0.979748010635376,21.56889344023224,19.31286646776605,309.36376544742615,322.73034397771147
12,0.20418024063110352,0.9582118988037109,21.660538539589044,25.51635590929338,305.569460875363,286.28960433763007
13,0.21035051345825195,0.9519789218902588,21.714063430550304,21.239558984697034,304.51963810952503,293.66305976665296
14,0.21833395957946777,1.0419306755065918,20.92493556696156,18.404835511033028,304.0625608528317,281.9487943886441
15,0.18746638298034668,1.0299081802368164,21.39188001342652,28.088386873507638,283.54553582033583,103.49153372094545
16,0.1826491355895996,0.946911096572876,21.69224865704405,23.314164183254327,271.48086702766096,194.63559411247377
17,0.20016050338745117,0.9206466674804688,22.352024895720852,27.501771281174214,265.7827597758185,227.64109665173652
18,0.20779919624328613,0.9936940670013428,22.787572471031805,21.59516271000129,258.6469367974015,230.94874575651284
19,0.20251703262329102,1.0080513954162598,22.81809402069588,20.540704910574267,259.00508988208156,315.1912566577191
20,0.20139098167419434,0.9759457111358643,22.612537735092417,20.611570519622934,250.6712898731543,250.172869361517
21,0.22072577476501465,0.9886901378631592,22.76742480546971,20.861737171538977,248.59059493803497,301.9233946265183
22,0.20471405982971191,1.0351152420043945,23.372387309682104,31.565980951417302,249.75882850177476,297.9719399750275
23,0.19143962860107422,1.0341765880584717,24.69509782090389,34.46666409691492,239.54589944952295,191.5337692441349
24,0.17957544326782227,1.0185949802398682,25.068196541197935,22.13582271397347,234.45808124778637,231.07061237127837
25,0.21408796310424805,1.0367493629455566,24.363561593556344,21.042037397091715,253.24090544913344,291.3197757344159
26,0.2150430679321289,1.002074956893921,26.651484090249813,46.19338915018901,265.44206020497666,316.6471416709063
27,0.2154676914215088,1.008913278579712,25.86554669745117,19.64239735318783,273.93761063526824,312.596600954652
28,0.19136595726013184,0.9992392063140869,27.112010743043932,34.05980316592887,271.7329846818113,208.90248622194395
29,0.20274043083190918,1.0089597702026367,27.42990975673563,23.719695047491278,265.77416697977554,255.60307963736113
30,0.22655844688415527,1.0161397457122803,27.450068768542586,20.813160637692498,270.582703921399,298.2582387777511
31,0.1746504306793213,1.0035409927368164,27.847407578049022,24.835125266603328,257.04018595698574,166.49821498238617
32,0.2175593376159668,1.0068857669830322,27.28608441959863,25.95274936691342,252.93793921465013,256.94947255167176
33,0.16740894317626953,0.9766240119934082,28.478059266498654,46.38641256591515,239.15127554482834,53.66713254591628
34,0.20292925834655762,0.9964237213134766,28.18074271437954,19.16265719278227,244.05417701799996,280.09962710299504
35,0.22216272354125977,1.048353910446167,28.157546783960605,20.81007809290243,242.48451027075947,275.62310826201116
36,0.20140552520751953,0.9737758636474609,25.901198876946882,23.629910080051708,234.25949407626663,234.39697972597773
37,0.20792698860168457,0.9913558959960938,26.592816602422637,26.558574607945406,222.1259592327571,191.26125251955727
38,0.18689966201782227,1.0018527507781982,26.720754816857813,35.3391853102806,222.52919078260803,212.9348017204527
39,0.22814679145812988,0.9900107383728027,25.993355485632595,16.44570173523914,228.51921660015924,315.50333781287304
40,0.2240743637084961,1.0047149658203125,27.566276937989404,36.54237516126056,230.6204151233027,319.2702240091859
41,0.24062132835388184,1.1223359107971191,27.641290676278764,25.585262649496954,243.33289313283626,293.62299507772184
42,0.23004746437072754,1.048835039138794,26.9693334576012,19.233177180137755,245.87525189051448,282.373060128454
43,0.22323822975158691,1.0014915466308594,24.657442730706748,23.267505296970665,270.9911577128407,304.82619076917854
44,0.22708916664123535,1.007131814956665,25.006046139181688,22.64869127753166,272.311235065794,293.30040063252767
45,0.2315220832824707,1.0088810920715332,25.101460231912665,21.764219020212174,272.6197781162195,278.70853876626626
46,0.2133798599243164,0.9559369087219238,25.61788899428841,28.794197703809196,272.0430758356432,228.62995692021482
47,0.21420526504516602,0.936262845993042,25.99310738466948,30.31075851175609,280.08084761695704,271.63897033269586
48,0.20116376876831055,0.9499249458312988,24.37680911286523,19.1762025922381,280.9362673812684,221.48899936356628
49,0.21395587921142578,0.9512159824371338,25.079696572314525,23.474576329732095,276.83519429377367,274.4926069379254
50,0.2006971836090088,0.9297821521759033,24.506779067993467,30.813200118049977,272.93190347932307,280.2373158646796
51,0.1873781681060791,0.9291677474975586,24.359651698568907,24.113988955251365,268.120554229214,245.50950257663186
52,0.19940900802612305,1.0135629177093506,25.38308311923846,29.467491386833302,270.0255987932874,301.42350576918705
53,0.18701982498168945,0.9411118030548096,25.71192504785074,26.555924583093436,252.17624649192513,126.33266775555647
54,0.18802523612976074,0.9862964153289795,25.696885657033903,22.498297369363296,243.46975003985781,206.23543611185437
55,0.1751391887664795,0.9295909404754639,25.93507750283452,24.146137478218357,236.41978833744162,208.20892174210422
56,0.1849215030670166,0.9334008693695068,25.802201247349878,27.465435148962733,225.75756100283076,122.00768357410595
57,0.18182897567749023,0.9342679977416992,24.498427872093114,17.273024759188477,228.57398674676773,299.80322777206624
58,0.1950681209564209,0.9609940052032471,25.624979932612575,30.44172319743273,235.82423561843515,293.9914880802402
59,0.2106938362121582,0.9607229232788086,25.524267158006836,22.46744858367469,236.43736368189383,280.62388757251256
60,0.21940088272094727,0.9695303440093994,24.379072937311406,19.361257911095677,237.86125586031102,294.47623764885174
61,0.21847891807556152,0.9643080234527588,23.95331393492295,19.856398931366826,244.53395112337984,312.2364552073194
62,0.2239091396331787,0.9637210369110107,23.768909184323345,27.623443880837247,242.37883226180466,279.87231715343535
63,0.19545245170593262,0.988499641418457,22.624523151860807,15.11206425846805,261.8053178137904,320.597523275414
64,0.1902906894683838,0.9305779933929443,22.758246345975476,23.835529310509962,265.53903798346016,243.57263780855249
65,0.22356200218200684,0.9633548259735107,23.39155128979957,30.479186916459263,278.1005559854451,333.82410176195344
66,0.20891809463500977,0.9490509033203125,22.42973564313534,17.84727868232049,293.549700233002,276.4991260496743
67,0.21137094497680664,0.9239456653594971,23.059093301071663,23.56660133855172,292.3959010522686,288.26523596473226
68,0.2100229263305664,0.9278512001037598,22.005329802456362,19.904088211279696,292.65814316938133,296.61390925136766
69,0.17578363418579102,0.9273335933685303,23.159381005520476,34.00796061431584,276.2869924561459,116.91238044015886
70,0.21310830116271973,0.9329121112823486,23.833313097315077,26.10057882904171,275.85799599443544,290.1862730317471
71,0.1693871021270752,0.9295351505279541,25.260927876732794,34.13254672554397,262.1009528017,174.66602327996443
72,0.18319010734558105,0.9551031589508057,26.757730121984956,42.591466333358866,246.2162969763937,121.02575890037234
73,0.2559967041015625,0.9285264015197754,27.217645266751823,19.71121570613675,244.1602129125061,300.03668263653776
74,0.18694376945495605,0.9441571235656738,27.4053040296797,25.71211693978865,230.79052816443513,109.8757903278434
75,0.18188905715942383,0.96006178855896,27.609560768102533,32.521754300687654,211.44632467377087,140.38206685531082
76,0.22165226936340332,0.9799389839172363,27.773005949705702,19.481730498352206,213.13281869903548,293.3640663023202
77,0.193375825881958,0.9306888580322266,28.64738087264905,32.31035056798521,212.8242783751215,285.1798327255926
78,0.16013503074645996,0.9437010288238525,29.6405818023907,29.836097508696124,201.41192364485562,182.4903619487085
79,0.16651296615600586,0.9490852355957031,29.970803611313606,37.31017870354492,198.0246345356207,83.03948934780973
80,0.21769070625305176,0.9523100852966309,29.513911173340187,21.53165444930748,195.78454438343942,267.7853715099344
81,0.2164778709411621,0.9779291152954102,28.02109116283584,19.20434662050051,204.7934107551726,264.7546869972962
82,0.20453691482543945,0.9604799747467041,26.002394780667714,22.404502511677638,209.38169291598211,166.90858050846754
83,0.21422290802001953,0.9383437633514404,26.06216738691729,20.308941768632543,209.2651714429209,298.87146790592533
84,0.21190619468688965,0.9246480464935303,25.21748528999074,17.26529597052311,226.30019912984272,280.2260671970615
85,0.1662430763244629,0.9473323822021484,25.579825857140698,36.14515997218723,229.61989827881234,173.57905834500755
86,0.18356728553771973,0.9283642768859863,27.00138167914319,33.69728871837715,210.91361310755406,106.30121458973716
87,0.20056438446044922,0.9800412654876709,25.53727724963436,17.66930627289691,211.58251831362014,291.8688847862532
88,0.2207472324371338,0.9707298278808594,24.78001356996532,22.26346071200571,222.82626169307417,294.92779574324913
89,0.2241649627685547,0.9524402618408203,23.916527274760707,28.67531575149881,250.32843030745502,358.06117549161866
90,0.2147047519683838,0.9323689937591553,23.43699614702968,16.73634317199722,250.16411576075052,266.14222604288915
91,0.21488189697265625,0.9315261840820312,23.44423704699239,19.27675562012755,255.7514762421537,320.62829181132804
92,0.1927330493927002,0.9360361099243164,22.968742039033316,17.649552432086942,262.8704417023872,238.09823511080285
93,0.1875746250152588,0.9309842586517334,22.95162100781925,20.13773145649186,260.70440921028217,277.2111429848748
94,0.1919252872467041,0.9654169082641602,23.559486078808924,23.343946680419876,255.25787778413078,225.76075293554754
95,0.21777868270874023,0.9523561000823975,21.61166760993438,16.666975283441747,267.05740770600426,291.57435756374196
96,0.22110295295715332,0.9353048801422119,19.96139460772535,17.194558696286855,286.1004160383542,296.73129791323646
97,0.2132406234741211,0.9381928443908691,20.04662290339543,18.521589229597737,286.8151285058386,299.01600946109704
98,0.20008611679077148,0.9279994964599609,21.00126836084206,31.80991528647199,276.7067198160961,193.84370884582387
99,0.2106022834777832,0.936213493347168,19.99537692755822,18.616401418660416,268.9009927837112,280.0039051677704
100,0.1984419822692871,0.9603118896484375,20.01534608894428,16.93603478585784,274.28089350100015,319.941233215778
101,0.21473145484924316,0.9313259124755859,20.497526150244717,24.098556233131944,282.06509514522725,398.47030825359866
102,0.18368220329284668,0.9311668872833252,21.221156307796527,24.885854007604987,283.8470610118469,255.91789377700036
103,0.18355226516723633,0.931739330291748,22.45626090963386,32.488777474865174,274.993682772281,188.6773605892153
104,0.19578886032104492,0.9290642738342285,21.93718176267095,18.15315521079079,280.52436094436854,281.0675346564228
105,0.22196674346923828,0.9799456596374512,21.87734568221366,16.068614478868867,278.75578513260723,273.88859944612955
106,0.19410371780395508,0.9656531810760498,23.23463037171448,30.767405591295038,267.45957354141206,183.76918200128452
107,0.2084951400756836,0.938560962677002,22.991386272182528,16.08914823427822,270.4821329202392,329.2416032493687
108,0.2119762897491455,0.932891845703125,21.897601953201413,20.872072096660872,276.6627560993171,255.64994063660222
109,0.1938331127166748,0.9347949028015137,21.809601058254046,17.73639246918671,276.50981382314274,278.47448240602654
110,0.21182775497436523,0.9340851306915283,21.747674272192764,16.316766925245055,274.3145492930294,297.9885879146448
111,0.1794116497039795,0.9315316677093506,23.362907508132828,40.25088859253255,256.52801467962007,220.60496211950587
112,0.2124481201171875,0.9304678440093994,22.64076075973739,17.664386523650638,261.74592251800766,308.0969721608768
113,0.21152925491333008,0.9284820556640625,21.20520629668687,18.13323284435995,274.39565429212416,315.17467833038023
114,0.21284866333007812,0.9352617263793945,21.065368827743274,16.754780521354824,273.18663812732035,268.97737300838435
115,0.1951582431793213,0.9641189575195312,21.48737960865638,20.28872228799994,264.97750515602974,191.79726973322337
116,0.20831847190856934,0.9408829212188721,19.861854652519128,14.512156029922508,278.1984710116173,315.9788405571599
117,0.21468019485473633,0.9349479675292969,19.895185289980276,16.422454608889737,275.63673780356896,303.62427116888546
118,0.1963667869567871,0.9319860935211182,19.390555575206054,15.82577494891866,276.68114825078726,266.09404510878556
119,0.21297216415405273,0.9510159492492676,19.418623329559868,18.017070012724812,278.0501596088411,292.1645959865647
120,0.21851134300231934,0.9810030460357666,19.39247233584692,16.05525698811561,278.71268768286905,304.6138686549242
121,0.21978259086608887,1.008622169494629,17.008338222614135,16.40954746020467,284.81519701150404,281.6300554058559
122,0.2219407558441162,0.95461106300354,17.453747089971575,22.118475197225024,282.7208641010084,287.1536430559204
123,0.21856951713562012,0.9604120254516602,17.321701463000988,16.812776574654123,282.92671029681566,317.2331402884529
124,0.22200655937194824,0.9884796142578125,17.476100987159164,18.29877576293658,286.36953420107574,303.40561205098516
125,0.1901688575744629,0.9708149433135986,17.525287517359153,20.780587589999797,287.5201976452301,203.30390417476718
126,0.2154219150543213,0.9499363899230957,17.59076789890735,15.166959845404474,284.1303762134441,282.08062623929993
127,0.21715855598449707,0.9363341331481934,17.560042659511065,16.115202214926896,283.9586025335397,301.9065343698415
128,0.21350383758544922,0.933866024017334,17.86880529691972,18.9134013230052,287.3123689624796,299.6317093981844
129,0.21389508247375488,0.9428308010101318,17.545692135294228,14.785938396469916,288.83461075117185,307.38701387348715
130,0.21339988708496094,0.9389007091522217,17.40323385305566,14.630674165729905,289.0886311809876,307.15407295308097
131,0.23123979568481445,0.9960722923278809,17.936481256221033,21.742021491858363,290.5855633115034,296.599376711014
132,0.21561932563781738,0.9325392246246338,17.52658027693718,18.01946540438655,293.2963183747165,314.26119368805234
133,0.21666884422302246,0.9642760753631592,17.4037728644447,15.584702449729344,290.7814644258457,292.08460079974446
134,0.2239677906036377,1.1443471908569336,17.223696787091036,16.498014989399913,287.9996001381494,275.5869691740224
135,0.2118818759918213,0.94989013671875,17.027463480212454,18.81825452121401,292.58814897937765,249.18939258704972
136,0.2194349765777588,0.9608869552612305,17.26020604720291,17.494385515309,293.78767350147984,294.0758714603217
137,0.21866798400878906,0.9630749225616455,17.250745779181905,16.0205995347168,295.3542151369858,317.5719507249007
138,0.31774091720581055,1.001136064529419,18.35509320807372,29.956875611923365,289.2677043053632,238.76660108195875
139,0.20834898948669434,0.9811480045318604,18.82078406318634,19.44284694759618,279.1937834708131,206.64780552798595
140,0.20004987716674805,0.9376518726348877,19.163796614516286,18.060799679029333,277.3612908820942,288.82914706589247
141,0.20060276985168457,0.9384028911590576,18.666878220008083,16.772837546776316,277.23361534337266,295.3226213237976
142,0.20935630798339844,0.9910051822662354,18.637007011776255,17.720753322068326,274.5277788153091,287.2028284074174
143,0.15566182136535645,0.9669442176818848,20.9566664079216,38.781296411182744,253.48929215579784,81.6997342046318
144,0.23102331161499023,0.9751930236816406,22.40182715822715,30.94962249245539,258.77407380415536,328.4347856575982
145,0.21980953216552734,0.9589109420776367,22.596891363586217,20.768896574804714,263.3673778888655,295.1224334341508
146,0.22160887718200684,0.9947638511657715,22.329381007429042,14.819281953737288,263.8410057279705,298.8121498513717
147,0.20817279815673828,0.9735498428344727,22.859828106555657,21.325070525982916,260.6144814650041,285.3067080952361
148,0.17845368385314941,0.9924893379211426,23.287786887712393,34.23646342349071,249.76759779897762,130.29776442169415
149,0.21064996719360352,0.9403600692749023,23.005372282669782,16.618700897170104,259.47620084571224,303.73383599533287
150,0.18863463401794434,0.9299910068511963,22.999731910158236,18.00439595391384,253.6720717949567,230.78785655833633
151,0.1969892978668213,0.9591569900512695,22.974884070876364,16.52435915395759,255.18351859393047,310.4370893135352
152,0.22020483016967773,0.967573881149292,22.891624836215225,16.88816097545697,257.39692416149035,309.33688408301634
153,0.22040247917175293,0.9901978969573975,20.61686238786505,16.033671927680977,278.8656953570884,296.38744616061234
154,0.21037912368774414,0.9939351081848145,19.42217298623764,19.002728476181282,270.1939862959063,241.7176950457775
155,0.20737981796264648,0.942681074142456,18.96682844946246,16.215451207052883,267.53158895844336,268.49846005952134
156,0.21490979194641113,0.9744470119476318,22.56239605939599,50.77495805307261,268.6994964243885,310.49122451082303
157,0.1989591121673584,0.9689269065856934,24.293497498739075,38.63608491941377,261.08293718960806,209.14111574743117
158,0.19000697135925293,1.0013141632080078,25.96416605655798,50.94314900167975,260.18796583687003,121.34805089431433
159,0.22171783447265625,0.9697039127349854,25.92641299662957,16.241170297886004,258.18846059875216,283.7387836141542
160,0.2160348892211914,0.9825191497802734,25.678976134634876,15.530027333966906,262.66495060086766,275.55275657949136
161,0.1799314022064209,0.9441125392913818,25.87848064706865,18.519404278295376,253.31822900241096,216.96987332896774
162,0.2189188003540039,0.9336180686950684,26.44984892941859,22.601843798956317,254.64562511578123,322.6108452167197
163,0.19559526443481445,0.9351711273193359,28.295168461139646,34.48686724489157,246.64153895097274,216.34658451252727
164,0.16306209564208984,1.0016939640045166,28.372835204775818,19.779395912542956,239.15211350677038,166.823440603753
165,0.17300724983215332,0.9447901248931885,29.196063308691784,24.44773224621258,229.0730557075223,167.707882067041
166,0.22059202194213867,0.991051197052002,28.143802022491855,40.25234519107333,232.1282949995754,341.04361743135365
167,0.20995450019836426,0.9428608417510986,26.215446948755915,19.35253418205432,239.5720852637438,283.57901838911573
168,0.1725308895111084,0.9822249412536621,25.204841485581092,40.83709436993157,246.04921065650524,186.1193048219285
169,0.19107580184936523,0.9747848510742188,27.536292410005654,39.55567954213159,233.63204551803256,159.56713222942722
170,0.21002817153930664,0.9859087467193604,28.61833652575378,26.35046849144819,238.04590518146946,319.69135321386113
171,0.19746947288513184,0.9691240787506104,28.628063382128936,18.616672842046988,247.11174942457416,307.62831576001406
172,0.2159137725830078,0.9499590396881104,27.972106659418454,16.042276571851456,241.61820384145273,267.6753893855057
173,0.15707874298095703,0.9355299472808838,30.021151690998266,54.977317560689656,226.60253243973926,66.18987049539217
174,0.2145066261291504,0.9736251831054688,30.973204987570107,29.29992887826143,239.04549367824612,291.2530529888217
175,0.2155284881591797,0.9571981430053711,31.377640274483234,28.492085115343777,254.19318278311593,319.18477311573974
176,0.19562315940856934,0.9492900371551514,30.040752790090473,26.883470347145728,242.74598594120485,226.5716490122428
177,0.2603034973144531,0.9411411285400391,29.826285994581422,17.207866226963844,242.45801947123027,280.69935368936984
178,0.20418190956115723,0.9293949604034424,27.517073511286043,17.744969536977823,247.08607156323575,232.39982574198302
179,0.1957862377166748,0.9423460960388184,25.225813431311796,16.643078742389033,258.92551493606925,277.9615659577626
180,0.19395089149475098,0.9918627738952637,25.55495635021762,29.641897680506464,250.49328340432658,235.36903789643424
181,0.2121889591217041,0.9469304084777832,25.490416974740917,17.971279087279953,248.30738617832117,285.76934349995975
182,0.21132254600524902,0.9382040500640869,25.45185015338223,15.656608358264595,250.95217587088774,294.12328631117146
183,0.22131681442260742,0.9792053699493408,21.61249660664043,16.58378209327164,272.26450092592836,279.3131210457986
184,0.21315598487854004,0.9362778663635254,20.323492043964887,16.409883251506013,270.72358525824546,275.8438963119925
185,0.21979451179504395,0.9701850414276123,19.022117755639595,15.478342232090853,268.06383049100793,292.5872254433647
186,0.2001800537109375,0.9523499011993408,18.443038812913755,21.092680919887314,267.0340411810222,216.273755912385
187,0.22040510177612305,0.9499647617340088,18.30060098738435,15.783487971669825,267.1613882544749,281.9728244238968
188,0.19401144981384277,0.9830489158630371,18.125705658253274,15.996016245667082,270.8791162072642,269.57710526987626
189,0.22186732292175293,0.9873428344726562,18.11447196654827,16.53074182533895,272.5393275258883,294.563679144004
190,0.19285297393798828,0.9924030303955078,16.7973819669925,16.47099768494879,278.0700141568997,290.67590420654835
191,0.22159934043884277,0.9873158931732178,17.960911685700218,29.606576274357117,283.65281783470516,341.59738027801404
192,0.2152411937713623,0.9900832176208496,17.989398243818677,15.941473939449168,283.73430931571454,294.9382011212653
193,0.22993206977844238,0.9871599674224854,17.71748687135768,13.86466836866165,285.13899506890823,293.35997857773543
194,0.21035432815551758,0.9549977779388428,18.20952867265847,21.330301264513956,277.9270191506138,203.72413712904756
195,0.2179279327392578,0.9496839046478271,18.30330004252886,16.416055930794712,278.84222545964957,301.7392885337231
196,0.21341657638549805,0.995408296585083,17.73683575365394,15.428038031138119,286.34991576286313,291.350658944521
197,0.18911123275756836,0.9363508224487305,19.117036849982984,29.58549893496029,279.0003173858289,208.47684065355398
198,0.21680617332458496,1.0012190341949463,19.23182127433109,17.143860489148143,278.16484552400004,261.22238665158784
199,0.21189475059509277,0.9891753196716309,20.77810875918906,31.993616673918606,277.5453996391487,288.3692202954903
200,0.20907235145568848,0.9550397396087646,21.88926444961408,27.582554589199027,273.624346662937,251.46537444443186
201,0.2125997543334961,0.9975051879882812,22.720012601709527,37.91405779531161,257.7656270466985,183.01018411562868
202,0.1934032440185547,0.9840648174285889,24.144703648033794,30.18838440269183,248.91849506522095,206.46688130648943
203,0.17009902000427246,0.9945487976074219,24.661844569302236,19.036077581346042,242.07208824264006,224.89591035192666
204,0.17562365531921387,0.9784090518951416,24.42465113567182,18.958366928209838,244.22486192604515,225.25187396309818
205,0.22464513778686523,1.0425381660461426,24.31936745860065,15.363219160082988,243.0560931148506,290.05160042177795
206,0.19111132621765137,0.9384362697601318,25.773143557188927,29.965799017020903,245.86349023182765,319.42463011429163
207,0.1834428310394287,0.9324948787689209,26.008731546242796,31.941378825498973,245.66556100951848,206.49754843046207
208,0.20505023002624512,0.9354181289672852,26.468555760397003,21.742102630690237,243.85310698732957,243.09784642969873
209,0.21564006805419922,0.9422581195831299,24.75535421606594,14.861601230607953,244.88474291806833,298.6855796028781
210,0.2165060043334961,0.9806129932403564,23.661620254456796,16.645214973107556,244.15849673528902,244.20291261663834
211,0.21924185752868652,0.9848854541778564,21.39444135379735,15.242268788717173,255.82122844326446,299.6375011953834
212,0.1836838722229004,0.9350042343139648,21.680494813409034,33.04891899880865,263.9504561697939,287.7591585717838
213,0.2101902961730957,0.951099157333374,22.550115935835702,27.732288805612747,273.9277494526852,324.66884318084
214,0.21899962425231934,0.9446065425872803,22.202186399344598,15.479071563298822,278.68440568029143,272.81843623915995
215,0.21524500846862793,1.0035419464111328,22.446277087251637,17.804126039153413,279.19539585594595,295.16150217832296
216,0.20839715003967285,0.9380748271942139,22.319094385522913,28.693971999733606,278.16135680559245,309.08423961075755
217,0.20236873626708984,0.9342570304870605,20.963520787409614,18.385642844366,287.84551149198376,303.33909529437574
218,0.22762417793273926,0.9383687973022461,20.700970599868548,19.116600755279578,292.9529010500203,294.1717420100625
219,0.20864129066467285,0.9437980651855469,20.47719565563973,12.623851788319762,291.92242816660666,288.38085076874177
220,0.18696093559265137,0.9425160884857178,21.642833030568294,28.30158872239317,289.27544597357286,217.73309068630124
221,0.21416664123535156,0.9300167560577393,21.825386789018335,17.067806373217607,288.453563871418,291.4186801738347
222,0.2940988540649414,0.9584488868713379,20.17968523206708,16.59190342929606,288.44645572542095,287.6880771118132
223,0.21497678756713867,0.9887900352478027,18.968106811902672,15.616504603968696,286.1427539904951,301.6318258315814
224,0.21482443809509277,0.940615177154541,18.81100743123893,13.908077756661402,288.40962213821973,295.48711771640654
225,0.2058255672454834,0.98826003074646,18.846202779320905,18.156079519973158,278.6188289572875,197.25357036900039
226,0.2084815502166748,0.9385218620300293,19.01019886749501,30.333932881474663,279.8685618812048,321.5815688499308
227,0.2319178581237793,0.9824812412261963,18.552127865301347,13.80493282242939,278.76455656820343,292.29904216436154
228,0.21464204788208008,0.9415538311004639,18.12728939138926,14.868216016158748,279.0444382908155,296.970559236183
229,0.22089600563049316,0.9995927810668945,20.0165258245799,31.51621612022612,279.6764725902152,294.70119376273993
230,0.21726489067077637,0.9642376899719238,19.062172650917127,18.75805698576542,286.39120400200454,284.8804048041941
231,0.22388672828674316,0.9804379940032959,19.02453920428614,16.691471906907744,288.57878478891587,313.29448804294793
232,0.206465482711792,0.9417028427124023,18.920699860180783,15.553509988242478,289.68657985530547,298.76602777570923
233,0.22438263893127441,0.9847803115844727,18.807671212480905,14.48621812696992,289.0382676627471,295.1487039059977
234,0.2236347198486328,0.9737777709960938,19.03516409872567,16.183006619109044,288.5353238143423,290.45767923235826
235,0.2234349250793457,0.9764201641082764,18.804407753628016,15.848516068996602,298.3867907122044,295.76823934762126
236,0.22043061256408691,0.9799509048461914,17.244972800779035,14.73958335298492,295.1748438784928,289.46210051281497
237,0.21718502044677734,0.9444997310638428,17.40773414660881,15.432546280727117,295.49277451909865,295.47834857041994
238,0.22165894508361816,0.9680342674255371,17.488574129298122,15.676615843051874,294.9185568799014,291.2283828442109
239,0.21799397468566895,1.009192705154419,15.818636068452042,14.81683551176531,292.20588254087875,267.57445037251307
240,0.21926307678222656,0.9612979888916016,15.35876903641719,14.159386665416887,291.94693796909485,282.290959086355
241,0.21814560890197754,0.9481847286224365,15.358113270520636,16.6849142479422,289.25639316741217,286.3890400261211
242,0.22811365127563477,0.995131254196167,15.375615901353758,15.728536296573706,288.3162059506987,289.3641556085745
243,0.2347428798675537,0.9746458530426025,15.083740471367102,11.567463827103353,289.79227944430556,309.9094388420666
244,0.2182154655456543,0.9709608554840088,15.142955591857884,16.77515782401686,282.6042989649858,218.57787443915993
245,0.22036528587341309,0.9538869857788086,15.186120088120495,16.280161031622715,280.8852770377494,278.5780200752584
246,0.2213590145111084,0.9893143177032471,15.123522114004313,14.11360361182312,278.6778378591583,267.3877087269035
247,0.22124910354614258,0.9552493095397949,14.970814946087648,13.905474601560455,278.70892195511186,295.789189529956
248,0.2166292667388916,0.9365220069885254,14.719149823568847,13.159964617863864,278.0646590071275,284.7857533643672
249,0.21655559539794922,0.9331986904144287,14.705007626406864,14.675413540145485,280.5125006483068,292.05286678430593
250,0.21926307678222656,0.9872546195983887,14.682487657895951,13.934186980307746,281.5854609785664,293.020562388951
251,0.2250664234161377,0.9814190864562988,14.410679770866597,13.966835377648675,281.6316003255823,286.8504334962802
252,0.22222495079040527,0.9693858623504639,14.111925984381122,12.740998431718959,281.7404540253218,290.4526926059692
253,0.22002196311950684,0.951956033706665,14.405193460082154,14.500138584113667,279.31268399276513,285.6317385164999
254,0.21236300468444824,0.9463417530059814,14.421972724242163,16.942950465616953,278.0230166260969,205.68120077247806
255,0.21009063720703125,0.9470369815826416,14.254398567273302,14.60441946193409,279.35564272624885,291.9042810767779
256,0.20318293571472168,0.950645923614502,15.855686611930357,30.126484058393693,281.4856276822945,288.6875582873595
257,0.21592307090759277,0.9866595268249512,16.956282268868986,24.911431170946752,276.6869177951045,247.8020906580559
258,0.2128753662109375,1.015873908996582,17.14474325271128,15.044574456286774,278.593687708122,303.85345249454195
259,0.19612622261047363,0.9739995002746582,17.64889065056096,19.716887518642288,271.2281194821219,218.39718452430498
260,0.22362303733825684,0.9928560256958008,17.542194587509464,12.867226349792798,271.2933110212023,293.67247777975535
261,0.2203233242034912,0.9625091552734375,17.68857296938524,15.430619196406463,268.66337816642965,260.55110494855404
262,0.2159574031829834,0.9312677383422852,17.789785269604195,13.75312143390846,268.82415588665793,292.06046980825204
263,0.22482967376708984,0.9362640380859375,17.549227890900475,12.094564797076465,268.77293399115956,285.1195195615159
264,0.23158550262451172,0.9957702159881592,17.172785729074057,13.178528847352819,277.78594725829714,295.81133344385336
265,0.21482396125793457,0.9377191066741943,16.92526100935332,12.129172264726702,277.2443553400749,286.4883618945555
266,0.22241687774658203,0.996694803237915,15.280751558371445,13.681389548574934,278.22391125986076,298.4831174852189
267,0.22806286811828613,0.9719619750976562,14.301607467793312,15.119990265165388,280.8633311727871,274.1962897873197
268,0.21993017196655273,0.942620038986206,14.012564496743574,12.154144745789427,279.498405839285,290.20419915952033
269,0.23772382736206055,0.9744367599487305,14.80207412687184,27.61198381992495,289.56102628755673,319.023389007022
270,0.22411084175109863,0.9703941345214844,14.808788125394107,12.934366335015461,290.25821525592676,300.6443674634554
271,0.22269225120544434,0.9661819934844971,14.596388300142891,13.306620943894307,292.85825953628296,286.55154775211633
272,0.21820521354675293,0.9457361698150635,14.572742639171182,13.51666482419137,292.59761358482,289.45401029362324
273,0.21536016464233398,0.939774751663208,14.92086612265621,15.575799631926754,292.2939677700845,282.0830614141605
274,0.2239527702331543,0.936760663986206,14.765887529077357,11.628742911564265,292.51557013025774,298.0273570455857
275,0.2149043083190918,0.9413650035858154,14.809137556310834,12.561672537061465,292.51755012916544,286.50816188363285
276,0.2227780818939209,0.9964489936828613,14.767748589674747,13.267499882214086,292.3511039642586,296.8186558361496
277,0.2198486328125,0.9467463493347168,14.680118405329742,14.243688421715314,293.0462702758267,281.14795290300066
278,0.19421768188476562,0.9911091327667236,14.860840310687568,13.9613637993677,286.5343711729944,225.0852081311977
279,0.21516823768615723,0.943958044052124,13.450673508258214,13.510315795631413,279.0713005093113,244.39268237019095
280,0.21810317039489746,0.9456968307495117,13.417816052002973,12.605791772463064,277.9314236994146,289.24559936448856
281,0.23082232475280762,0.9858818054199219,13.270735481577145,11.835815239636034,279.0558004294245,297.7953150522146
282,0.22319555282592773,0.9891729354858398,13.104529930220853,11.854609310628415,279.77844810010185,296.68048700039697
283,0.22620129585266113,0.9717381000518799,14.295328528534409,27.48378561506233,280.5961758349511,290.26033876265296
284,0.21847987174987793,0.952887773513794,14.528403397685167,13.959491603071857,279.7175282890442,289.24088158651625
285,0.21696901321411133,0.9733757972717285,14.599723244962945,13.274871009839213,279.44372381869135,283.7701171801055
286,0.2269139289855957,0.9626717567443848,14.608244480249889,13.35271223508354,278.9659253163124,292.04067081235996
287,0.2202751636505127,0.9891250133514404,14.506981545225779,13.231059071474224,279.0074147013484,281.5628467533603
288,0.2207787036895752,0.974294900894165,14.43954240176701,13.286972364780013,285.62378026296255,291.24886374733956
289,0.22578001022338867,0.9921793937683105,14.280164401109655,11.916535789057853,291.3038993459019,301.1938731995841
290,0.22917652130126953,0.9683678150177002,16.515928848381765,34.963436245184155,292.966523740271,305.8718433081792
291,0.22326445579528809,0.9819331169128418,16.62658356296491,12.94236238546748,293.166009886907,299.7901765185753
292,0.22040152549743652,0.970822811126709,16.700545973673922,12.59423341771857,292.56814478035085,290.7018359348353
293,0.22179388999938965,0.9885871410369873,15.25451523733191,13.023478251642228,292.8051226708597,292.6301176677414
294,0.21824097633361816,0.9421877861022949,15.140763105033994,12.821970280092685,293.35570715040495,294.74672638196904
295,0.21558690071105957,0.9368312358856201,14.951626981078935,11.383509770288622,294.4473749953258,294.6867956293139
296,0.21579408645629883,0.948394775390625,14.972033085350043,13.556773277794592,293.8682993112839,286.24991397194106
297,0.215850830078125,0.938737154006958,14.80705464731786,11.581274691152403,294.95118428003565,292.39169644087775
298,0.22610163688659668,0.9857704639434814,15.680865897611023,22.025084867711637,298.0533282635946,322.2703035829294
299,0.21647310256958008,0.9367849826812744,15.850340707180525,13.611283884752872,295.7756281137692,278.4168717013295
0,0.23672151565551758,1.8065578937530518,29.300442271696717,29.300442271696717,170.24178309874875,170.24178309874875
1,0.24021577835083008,1.389491319656372,27.780770893938318,26.261099516179918,167.21259068065984,164.18339826257093
2,0.2160167694091797,1.3643009662628174,24.713999819464764,18.580457670517657,154.62960283217168,129.46362713519534
3,0.21780896186828613,1.374669075012207,23.82589973069573,21.16159946438863,146.7737334715501,123.20612538968535
4,0.24279999732971191,1.3993420600891113,23.854176286278772,23.967282508610943,142.14327776005652,123.6214549140823
5,0.21641278266906738,1.3671019077301025,23.494087718021124,21.69364487673289,138.2024328819205,118.4982084912404
6,0.2313227653503418,1.4054641723632812,24.51902479333966,30.66864724525087,139.16500542345668,144.94044067267367
7,0.24071669578552246,1.393491268157959,24.56308669584786,24.871520013405274,139.81084310970766,144.33170691346442
8,0.22253727912902832,1.5223937034606934,24.15288475545418,20.871269232304726,137.94168674654713,122.98843584126303
9,0.21797490119934082,1.3637189865112305,23.57585412987286,18.382578499640978,137.59661735966202,134.49099287769576
10,0.260451078414917,1.4370639324188232,23.762680151961806,31.1687024925862,137.20159011786774,166.2915106808063
11,0.23467683792114258,1.5867857933044434,23.979844127513747,28.432739271699276,133.43682225153697,126.53571959926276
12,0.23631978034973145,1.396104335784912,24.540355588860262,24.185572283982832,133.23997236324726,127.49512825229851
13,0.21540522575378418,1.3711938858032227,24.646368508192133,22.221728657707366,133.31541836889863,123.96058544619927
14,0.23389196395874023,1.3630931377410889,24.224043851532244,19.744035942012026,133.5246918578586,125.71418980368213
15,0.285876989364624,1.4331793785095215,24.3896722099156,23.349928460566446,133.3401390858947,116.65268077160088
16,0.25354790687561035,1.490813970565796,24.154920047487096,28.321125620965837,134.95119971405057,161.0510469542326
17,0.2311573028564453,1.5351638793945312,23.909317901257584,22.41549855111019,132.59343788284383,120.754088601397
18,0.2420969009399414,1.484839916229248,23.882226962986856,20.60035984959736,132.4517885116168,121.57194212899279
19,0.2336421012878418,1.4954900741577148,24.141398075045526,20.97428962022773,131.31731180433295,123.14622580485705
20,0.2416057586669922,1.4628009796142578,22.754889339673092,17.303615138861847,128.770697113464,140.82536377211704
21,0.2586197853088379,1.460256814956665,22.31997430601107,24.083588935079028,130.1368954206868,140.1977026714909
22,0.23491978645324707,1.5282762050628662,21.960260377062202,20.588432994494184,129.99510399464663,126.07721399189695
23,0.23929691314697266,1.5215528011322021,21.359006176620447,16.209186653289827,130.85232643931326,132.5328098928651
24,0.2650752067565918,1.4525058269500732,21.465362473168238,20.80759890748989,134.35128128005323,160.70373821108194
25,0.2362077236175537,1.45778226852417,22.03437039993181,29.040007728202237,135.78948591335424,131.03472710461116
26,0.25215911865234375,1.4433774948120117,21.4791474520246,22.768896141893727,139.1225062005381,194.38124982607107
27,0.23236513137817383,1.4354960918426514,21.277502817410355,20.399052204967724,139.16044338710037,121.13346046701963
28,0.23682785034179688,1.4539837837219238,23.581061886983626,43.63595054533009,134.6754581596474,76.72208985446333
29,0.23332881927490234,1.4487109184265137,23.47195874282874,19.8832581786788,134.43301002974164,120.72174450579895
30,0.2315387725830078,1.5082311630249023,23.804099522338035,20.625022933954824,132.43505349012668,120.84579837596753
31,0.23041439056396484,1.4655060768127441,23.128582524040663,17.328418952105316,130.59810650835644,121.82823285378856
32,0.25499892234802246,1.7023711204528809,22.79133830995695,17.215990853657054,131.0596919899294,130.69306880762707
33,0.245042085647583,1.5737109184265137,22.733677801784893,15.632581571569293,130.66586556211516,128.5945456147224
34,0.2326209545135498,1.453568935394287,22.188067083026223,15.35149171990318,127.24056177027316,126.4507002926618
35,0.2435894012451172,1.5412650108337402,20.94907869157233,16.650123813663257,127.18973201990056,130.5264296008851
36,0.2705087661743164,1.408660888671875,21.452882578679244,27.806935012962875,126.04536253715068,182.93755499857258
37,0.2223823070526123,1.3830642700195312,21.197013405663768,17.840360474813004,126.00139064157342,120.6937415112468
38,0.22027182579040527,1.3742339611053467,18.614829412779383,17.814110616486232,131.55335843424265,132.2417677811556
39,0.24977779388427734,1.382723093032837,19.91968204264141,32.93178447729907,133.78058127335825,142.99397289695494
40,0.22335386276245117,1.386307954788208,19.607030255709947,17.498505064640185,134.216447103513,125.20445667751476
41,0.2305736541748047,1.3743011951446533,20.70329887383135,28.291105133319377,131.87843557894075,98.44811760806616
42,0.2208878993988037,1.3684139251708984,20.66833665480356,16.866368663379113,131.37510864849864,125.65979950320616
43,0.22350716590881348,1.374450922012329,20.790738713919968,16.85660216273336,131.2131640894326,126.97510002406216
44,0.2205054759979248,1.3711481094360352,20.835485806490283,15.798962645606347,130.96758283818733,123.99488778020896
45,0.2261335849761963,1.408601999282837,22.146101587506138,29.75628162382182,131.45752531466601,135.42585436567197
46,0.22013354301452637,1.515716552734375,21.031131337262536,16.657232510526853,125.7976886699601,126.3391885515133
47,0.23028302192687988,1.4640700817108154,21.00902721153385,17.61931921752614,126.38451888650278,126.5620436766738
48,0.2193131446838379,1.4034152030944824,20.95715784160292,17.295416917176933,126.19873731337911,130.38395204991878
49,0.22118520736694336,1.4111058712005615,19.28000202398565,16.160226301126354,124.01970786644706,121.20367842763476
50,0.22497868537902832,1.477597951889038,18.87450143168872,13.443499141670898,124.22758560520847,127.28323406512874
51,0.24148011207580566,1.439518928527832,17.630667152795034,15.852762344382544,126.64738747051345,122.64613626111583
52,0.22802233695983887,1.4430949687957764,17.81767574845358,18.736454619964537,125.51431163493271,114.3290411473989
53,0.22198486328125,1.3800232410430908,17.93347819603859,18.014626638583465,124.51414943056633,116.9734779803985
54,0.23358607292175293,1.4498419761657715,17.96641251608458,16.128305846066276,124.49390694993068,123.79246297385228
55,0.2328810691833496,1.4776389598846436,16.437168431471342,14.463840777689434,123.41758300008397,124.66261486720467
56,0.2279064655303955,1.4697420597076416,16.427473901854803,16.560287214361423,122.95476598192468,121.7110183699206
57,0.22131061553955078,1.380415678024292,16.377508170364315,17.11966190262128,122.63532885152532,123.36767237268016
58,0.22332096099853516,1.373243808746338,16.25654678749699,16.08580308850368,121.93566620059069,123.38732554057248
59,0.2273566722869873,1.4154272079467773,16.06992309374125,14.293989363568969,122.06751887389467,122.52220516067452
60,0.22387290000915527,1.4103901386260986,16.25396734432541,15.283941647512485,121.85041110618526,125.11215638803475
61,0.22083640098571777,1.370973825454712,16.291600346943774,16.22909237056618,121.76634625223255,121.80548772158872
62,0.2249438762664795,1.3678138256072998,17.737694430606464,33.197395456591465,122.899322540162,125.65880402669352
63,0.22997689247131348,1.4111976623535156,17.471023782973738,15.34792016225616,123.46339237638287,122.61417634260687
64,0.22443938255310059,1.4389493465423584,17.364905335281566,15.067121369144546,123.56257176413935,124.78425685141723
65,0.22950482368469238,1.3949708938598633,17.80643780445607,18.879165469434497,123.0843438001366,119.88033522717716
66,0.22277402877807617,1.3888120651245117,17.550717457846783,14.00308374826859,123.47474092034467,125.6149895720014
67,0.2325000762939453,1.4419069290161133,17.397414531468193,15.586632638835393,122.9009706977616,117.62997014684922
68,0.22419476509094238,1.377587080001831,17.36702855698624,15.78194334368413,122.15627418913448,115.94036045430155
69,0.22853803634643555,1.4124476909637451,17.42068188304976,14.83052262420411,122.22777544735618,123.23721774289137
70,0.23554778099060059,1.4840002059936523,17.41016791166144,15.17880193362933,121.9365108582598,122.199510497071
71,0.24590563774108887,1.4565722942352295,17.399495781798457,16.12237107193634,121.83634931170934,120.80387225608413
72,0.2351856231689453,1.40181565284729,15.682288800252044,16.025325641127342,121.40866453074352,121.38195621703544
73,0.22483420372009277,1.3892126083374023,15.405149543164882,12.576527591384524,121.22573431867627,120.78487422193409
74,0.22509980201721191,1.387843132019043,15.174585774916547,12.761483686661215,121.10383971855019,123.56531085015641
75,0.22091889381408691,1.3711721897125244,14.591259226868596,13.045899988954964,121.42032046764363,123.04514271811169
76,0.2218022346496582,1.3738048076629639,14.612242749978549,14.212918979368137,120.83275487913792,119.7393336869444
77,0.2270967960357666,1.376366138458252,14.346700466472981,12.931209803779726,121.22814102337205,121.58383158919028
78,0.24015522003173828,1.4708292484283447,14.318099576959426,15.495934448548574,121.88328391751072,122.49178939568836
79,0.2280430793762207,1.4625558853149414,14.135769820465953,13.007225059269395,121.85700535539081,122.97443212169253
80,0.22771978378295898,1.3941559791564941,14.009352899431452,13.914632723284274,121.95006866558819,123.1301435990448
81,0.22436809539794922,1.3801548480987549,13.57581673063278,11.787009383949663,121.96872234130997,120.99040901330186
82,0.22375106811523438,1.385453224182129,13.288065466456004,13.147812999359566,122.02005470003141,121.89527980424995
83,0.288985013961792,1.501539945602417,13.385779021979019,13.55366314661467,122.25846762905562,123.16900351217603
84,0.2271111011505127,1.4068241119384766,13.504191985508768,13.94561332195871,121.89848330067795,119.96546756637962
85,0.2241528034210205,1.3905572891235352,13.617512635938606,14.179106493253348,121.6854925514109,120.91523522544117
86,0.22752928733825684,1.4501070976257324,13.504061680272667,13.07840942270876,122.02292227678099,123.11363094064544
87,0.2240149974822998,1.3966591358184814,15.401301507131176,31.903608072364804,122.64229814840232,127.77759030540335
88,0.22275352478027344,1.3847825527191162,15.22780817632923,13.76100114052911,122.73208472531117,123.38965516477707
89,0.22152495384216309,1.4385898113250732,15.256201603084028,13.291159326817352,122.93447041922813,124.99828906086222
90,0.22262191772460938,1.4244518280029297,15.306336022873642,14.415976921180443,122.90575954156445,122.84303482240774
91,0.22716903686523438,1.4213683605194092,15.446636876690551,13.190017922118756,122.75384565367759,119.47127013443301
92,0.22900700569152832,1.4019832611083984,15.595279871665335,14.63424294910739,122.55857674924013,119.94259075987563
93,0.22355866432189941,1.3880276679992676,15.593197027823162,13.532834708192965,122.28877335075569,120.47096952733177
94,0.22742247581481934,1.420116901397705,15.454303499220027,12.556678035927348,122.41962063816734,121.27394044049613
95,0.23061919212341309,1.4239509105682373,15.344717329042407,13.08324479147717,122.62047309184666,122.9237597622341
96,0.2221672534942627,1.3743247985839844,15.225027458996653,11.881510722251196,122.77975817276376,124.70648174981665
97,0.22194814682006836,1.3742311000823975,13.25361631049032,12.189496587301466,122.13229511879968,121.30295976576247
98,0.2391669750213623,1.4402649402618408,13.20959199500474,13.320757985673339,122.15873506420326,123.6540546188127
99,0.23334908485412598,1.4077892303466797,13.216240204961826,13.35764142638821,121.8960754593181,122.37169301201077
100,0.223405122756958,1.3848249912261963,12.89022196803278,11.155794551889946,121.79732707944034,121.85555102363017
101,0.2566342353820801,1.4456427097320557,13.08505844777155,15.138382719506492,121.48958675663948,116.39386690642434
102,0.2332444190979004,1.4451513290405273,15.178323687085145,35.566895342243335,121.09056291930787,115.95235238655965
103,0.24141621589660645,1.4668560028076172,15.22944190606166,14.044016897958109,121.10212179346036,120.58655826885658
104,0.2258000373840332,1.3980343341827393,15.833552641436773,18.59778538967848,120.83538687636447,118.60659126953722
105,0.2571089267730713,1.4383459091186523,15.83405439240804,13.088262301189843,120.51503196110214,119.72021060961092
106,0.2337183952331543,1.445349931716919,15.92538606137729,12.794827411943695,120.03736520767765,119.92981421557181
107,0.2257521152496338,1.4205832481384277,16.05730977837621,13.508733757290695,119.92606011260196,120.18990881500541
108,0.23481416702270508,1.420504093170166,15.778065946828207,10.528319670193271,119.92785618465287,123.672015339322
109,0.2350013256072998,1.5292680263519287,15.52822627900521,10.859244748158225,119.6304129190302,119.3972603557839
110,0.22989892959594727,1.4507009983062744,15.507187321596493,10.94540497780279,119.88544366363108,124.4058584696387
111,0.23189759254455566,1.463446855545044,15.205594229132984,12.122451794871413,120.48976893803403,122.43711965045415
112,0.23267769813537598,1.4619712829589844,12.904724641369635,12.55819946460982,120.88212610800784,119.87592408629767
113,0.23158478736877441,1.4591739177703857,12.715698631741507,12.153756801676838,120.64812617283215,118.24655891709973
114,0.22818398475646973,1.4062047004699707,12.13276701929072,12.768469265170605,120.93237813285873,121.44911086980304
115,0.22674202919006348,1.4244513511657715,11.936567536928838,11.12626747757102,121.21155988302772,122.51202811130061
116,0.22681403160095215,1.4459471702575684,11.878812858393411,12.217280626589433,121.38591432745541,121.67335865984882
117,0.2223677635192871,1.3752710819244385,11.90366399656504,13.757245139007008,121.45265507773198,120.8573163177712
118,0.2239699363708496,1.408332109451294,12.126015731030236,12.7518370148452,121.20824851886789,121.22794975068112
119,0.22255325317382812,1.4076120853424072,12.56099522181367,15.209039655992568,121.43651348335302,121.6799100006351
120,0.23689508438110352,1.4060802459716797,12.732744861758675,12.662901377252838,120.9723676543618,119.7644001797267
121,0.23004913330078125,1.4189808368682861,12.795264121939157,12.747644396676254,120.97666293591124,122.48007246594831
122,0.22510743141174316,1.4035427570343018,12.73932800696424,11.998838314860627,120.70591153076319,117.16841003481726
123,0.22651147842407227,1.4185211658477783,12.701400122066115,11.774477952695603,120.91614311536341,120.34887476310197
124,0.23136639595031738,1.479783296585083,12.567554402004822,11.430012064557651,120.85173985783528,120.80507829452185
125,0.2371809482574463,1.41658616065979,12.662666950166358,12.077392959186408,120.62912610512092,120.28589058415689
126,0.2242448329925537,1.374450922012329,12.640458640410785,11.995197529033696,120.58744287729459,121.25652638158547
127,0.23724699020385742,1.4388222694396973,12.396939093999542,11.32204967489456,120.36015888395659,118.58447638439141
128,0.24414515495300293,1.5450217723846436,12.211355362519786,10.895999700047637,120.31764872184661,120.80284812958125
129,0.22820615768432617,1.390989065170288,11.785945702980097,10.954943060595685,120.2497788481193,121.00121126336197
130,0.22954773902893066,1.434065818786621,13.636091039689532,31.164354744347197,120.89780778439265,126.24468954246005
131,0.22423958778381348,1.3793869018554688,13.542468974587376,11.811423745654707,120.67755519008706,120.2775465228925
132,0.23834609985351562,1.4629876613616943,13.538080118876971,11.954949757756541,121.11009192588874,121.49377739283399
133,0.22561359405517578,1.419870138168335,13.904371760620005,15.43739437012599,120.01185924690992,109.36654797331386
134,0.23267793655395508,1.420769214630127,13.865157053773336,11.037864996090951,120.09606752001537,121.64716102557634
135,0.23165273666381836,1.446195125579834,13.913900133961429,12.564823761067316,120.10829188601527,120.40813424415563
136,0.22658133506774902,1.463303804397583,13.737682867989509,10.233024869314486,120.09405185541758,121.1141260756087
137,0.2248079776763916,1.4406979084014893,13.96542550024707,13.599475997470206,120.35814813345635,121.22543916477908
138,0.2219552993774414,1.404219150543213,14.100364404668118,12.245388744258118,120.35706074464606,120.79197424147867
139,0.22524309158325195,1.3793187141418457,14.223019663974076,12.181495653655261,120.18944822704361,119.32508608733723
140,0.23081493377685547,1.3780629634857178,13.455222731430634,23.486385418912764,121.82697263723465,142.6199336443706
141,0.24268341064453125,1.5943803787231445,13.62489441686474,13.508140599995775,121.69605092542943,118.96832940484018
142,0.2349703311920166,1.4860568046569824,13.512902447169804,10.835030060807195,121.68530500810668,121.38631821960676
143,0.2395937442779541,1.5752627849578857,13.459396169551658,14.90233159394451,122.52245107870267,117.73800867927338
144,0.28136420249938965,1.5489742755889893,15.840429842944445,34.848201730018836,121.79078038196019,114.33045405815172
145,0.23082780838012695,1.407353162765503,15.77067460532496,11.867271384872458,121.68063483949615,119.30667881951544
146,0.23437857627868652,1.4861321449279785,15.844429465237065,10.97057346843554,121.74853796107394,121.79315729138618
147,0.24113893508911133,1.5255093574523926,15.618904438510885,11.34422573020839,121.64391692390663,120.17922879310612
148,0.23420238494873047,1.440432071685791,15.496422366413961,11.020568023288861,121.74036785004743,121.75648350288684
149,0.2409529685974121,1.5205471515655518,15.237456799847195,9.591839987987644,121.93318251043608,121.25323269122349
150,0.2759568691253662,1.4670610427856445,14.087057595823335,11.98239337867414,119.93874591621177,122.6755677021276
151,0.2502753734588623,1.6631979942321777,13.89995013148201,11.63706595658251,120.21819229951419,121.76279323786432
152,0.2360696792602539,1.503356695175171,13.901473608646512,10.8502648324522,120.18056936423287,121.01008886679358
153,0.23430705070495605,1.4960112571716309,14.019398161112429,16.0815771186037,120.55928090747298,121.52512411167444
154,0.23148274421691895,1.4419028759002686,11.661513944712832,11.269359566022853,121.08471832456482,119.58482822907034
155,0.23303008079528809,1.4499530792236328,11.725806392478583,12.510195862529976,121.06258948858786,119.08539045974564
156,0.23231720924377441,1.4472699165344238,11.682932124618114,10.54183078983087,120.96694397487772,120.8367021542849
157,0.23082780838012695,1.4401836395263672,11.678395504392768,11.298859527954926,121.06302066421185,121.13999568644749
158,0.22760605812072754,1.398787021636963,11.50538361044516,9.29044908381277,120.99298431529898,121.05612001375805
159,0.2553548812866211,1.5457470417022705,11.719084619804642,11.728850081582468,120.82853853446106,119.60877488284437
160,0.23960614204406738,1.4859306812286377,11.924448438181296,14.036031562440689,120.66081143015315,120.99829665904848
161,0.23001456260681152,1.4389362335205078,11.933520497398879,11.727786548758349,120.32023449632479,118.3570238995808
162,0.22793197631835938,1.4076991081237793,11.820897624183402,9.724036100297425,120.19113225766787,119.71906648022417
163,0.2270979881286621,1.4317941665649414,11.328636074237075,11.158961619140424,120.07909135459855,120.4047150809813
164,0.228928804397583,1.4289462566375732,11.380773648768207,11.790735311334167,119.81303320061295,116.92424668921436
165,0.23109936714172363,1.4403069019317627,11.131533443319535,10.017793808043255,119.85659303499479,119.52098880356371
166,0.23230624198913574,1.4412178993225098,11.153432230837007,10.760818665005583,119.92428906670236,121.51366247136095
167,0.2364487648010254,1.5140891075134277,11.133546870738602,11.10000592697088,119.90347538931937,120.93185891261764
168,0.2322390079498291,1.4548611640930176,11.2658548224322,10.613528600748761,119.74899782482206,119.51134436878468
169,0.2683525085449219,1.50050687789917,13.650426036690638,35.57456222416683,119.7994644803626,120.11344143824999
170,0.2313680648803711,1.445066213607788,13.549879909270604,13.030570288240341,119.39934772272757,116.99712908269817
171,0.23259210586547852,1.4314818382263184,13.515366546928078,11.38265292533311,119.1734159662102,116.09770633440682
172,0.23208260536193848,1.4568090438842773,13.739507569402893,11.96544632504557,119.2307348650019,120.29225546814135
173,0.23905706405639648,1.508023977279663,13.640604698649122,10.16993291160271,119.08995802795718,118.99694671053399
174,0.24565362930297852,1.503915548324585,13.574896895881313,11.133657283656063,119.3404592806622,119.42925921626457
175,0.23072052001953125,1.4899072647094727,14.059186597220446,14.860690821434588,119.23431286486137,118.45952464555526
176,0.23070096969604492,1.4645490646362305,14.135108493250069,11.52003762530185,118.94669183485944,118.63745217134188
177,0.23202061653137207,1.4652819633483887,14.216757591415945,11.916496908629625,118.94638074701307,120.92874803415376
178,0.23528122901916504,1.5399610996246338,14.096052716226094,9.406479848850246,119.01462722618062,120.19380916046052
179,0.2429046630859375,1.4877429008483887,11.730222621955761,11.916261281463509,118.91763627699929,119.1435319464368
180,0.2417449951171875,1.4848549365997314,11.434152941560177,10.069873484284507,118.99208485442584,117.74161485696354
181,0.26627492904663086,1.499915361404419,11.62920387820526,13.333162291783928,119.2849520692808,119.02637848295652
182,0.22968649864196777,1.427201509475708,11.73432030965854,13.01661063957837,119.33825151978233,120.82524997315629
183,0.2356853485107422,1.4774861335754395,11.6848861578596,9.675591393613304,119.66991430264866,122.31357453919742
184,0.24901509284973145,1.4422049522399902,11.612795257405093,10.412748279111007,119.49615650200852,117.69168120986319
185,0.23045587539672852,1.4006016254425049,11.167564312278227,10.408381370165916,119.78532286426203,121.3511882680902
186,0.2315051555633545,1.4362280368804932,11.049737732789826,10.34177183041785,120.0477706956918,121.26193048563957
187,0.22922182083129883,1.3883013725280762,10.946533870542815,10.884458286159498,119.41151182000006,114.56615927723647
188,0.2248685359954834,1.3780641555786133,11.197612862876323,11.917269772185355,119.2852028098686,118.93071905914586
189,0.2861361503601074,1.433746099472046,11.07935711704424,10.73370382314268,119.42847241376994,120.57622798545056
190,0.22736763954162598,1.413356065750122,11.138347000612075,10.659772319962858,119.605868639565,119.51557711491401
191,0.23140311241149902,1.4331567287445068,10.935443210550078,11.304124391163942,119.17955399724698,114.76323205977633
192,0.23106122016906738,1.4358608722686768,10.740862170759252,11.07080024167012,118.90366484517588,118.06635845244514
193,0.2298290729522705,1.4158248901367188,10.910356687559519,11.370536561615975,118.4244851665239,117.52177775267742
194,0.2316575050354004,1.442173957824707,10.90443373507031,10.353518754218907,118.73391608897478,120.78599043437222
195,0.22988200187683105,1.4147462844848633,10.928203882481066,10.64608284427346,118.49473494387603,118.9593768171028
196,0.2345750331878662,1.4563357830047607,11.071366390622407,11.773396911831274,118.08618421126627,117.17642315954191
197,0.23324346542358398,1.429781198501587,10.976497895269917,9.935773332634595,118.26435288745013,116.34784603907488
198,0.2256317138671875,1.4028041362762451,11.053467286975057,12.686963689236745,118.12180959140305,117.50528609867516
199,0.2283775806427002,1.4078638553619385,11.045732137135655,10.656352324748665,117.69753408811009,116.33347295252096
200,0.2337491512298584,1.4369089603424072,11.15825554664708,11.785006415077135,117.73902201740722,119.93045640788549
201,0.23347806930541992,1.4435961246490479,11.144239361625893,11.163962540952038,118.25358950003549,119.90890688605897
202,0.23485040664672852,1.4178807735443115,11.264781486589573,12.276221491306945,118.35291346672088,119.05959811929897
203,0.2372596263885498,1.463357925415039,11.15483799533989,10.271101649119139,118.7609316436606,121.60195952207451
204,0.22940611839294434,1.4357149600982666,11.265257893946998,11.457717740289997,118.37017232657456,116.87839726351194
205,0.23812484741210938,1.4877433776855469,11.352577717689428,11.519281081697757,118.46367898523295,119.89444340368665
206,0.24028968811035156,1.4666011333465576,11.618326834607533,14.430888081012313,118.1759533244468,114.29916655168033
207,0.23183584213256836,1.4454352855682373,11.680553016841193,10.558035154971204,118.39436239514582,118.53193674606517
208,0.23792457580566406,1.4553248882293701,11.52940050562762,11.175438577101007,118.42736877900029,117.83534993721986
209,0.2332444190979004,1.4531259536743164,11.510479889892991,10.467146167402381,118.54121037780541,117.47188894057236
210,0.23308205604553223,1.4357190132141113,11.371339303712414,10.393600553271359,118.46510414845571,119.16939411438835
211,0.23551225662231445,1.4545729160308838,11.37628613322962,11.213430836124104,118.38963605569829,119.15422595848483
212,0.23842477798461914,1.4943201541900635,11.412022885196205,12.633589010972791,117.88424498839461,114.00568744626203
213,0.23460698127746582,1.4690160751342773,11.613577389107352,12.286646688230617,117.6784918185679,119.54442782380762
214,0.2312145233154297,1.476491928100586,11.483140057133296,10.153344420549429,117.65416658657296,116.63514494356238
215,0.22850275039672852,1.4065039157867432,11.394892686130664,10.636807371671434,117.4273099364577,117.62587690253416
216,0.22258901596069336,1.3704802989959717,10.93825840828507,9.864545302556376,117.61216787565368,116.14774594364005
217,0.22435736656188965,1.3749451637268066,10.852953333759109,9.704984409711589,117.7384228724145,119.79448671367349
218,0.23113155364990234,1.3776860237121582,11.91146082349305,21.760513474440426,115.85625961801868,99.01371739326137
219,0.2242143154144287,1.3746318817138672,12.274874052773109,14.101278460202954,116.5747450163285,124.65674292367069
220,0.22370266914367676,1.375601053237915,12.350031212006717,11.145172145607479,116.50629322311968,118.48487618230033
221,0.2230978012084961,1.3715600967407227,12.381467812873243,11.527796844789338,116.45350400594229,118.62633378671097
222,0.22440409660339355,1.360597848892212,12.278270600435036,11.601616886590723,116.96199981092805,119.09064549611945
223,0.23317813873291016,1.4287025928497314,12.177722187213096,11.281162556011214,116.87595823871675,118.68401210169469
224,0.23173785209655762,1.4267551898956299,12.51664125445298,13.542535092948274,116.88624663266452,116.73802888304017
225,0.2290668487548828,1.4389772415161133,12.69861305303325,12.456525357474138,116.59286797979321,114.69209037382075
226,0.22400808334350586,1.3723561763763428,12.821832670513245,11.096741477356328,116.44758014638766,114.69486760958473
227,0.22632694244384766,1.3757259845733643,13.084989233979176,12.336550044370878,116.20339913267938,117.3526765765905
228,0.22597074508666992,1.4019854068756104,12.202781407992921,12.938435214577886,118.1170698689289,118.15042475575666
229,0.22951555252075195,1.4056601524353027,12.190986957599945,13.983333956273203,117.73516713234929,120.83771555787462
230,0.22339487075805664,1.3781580924987793,12.334698365339394,12.582286223001958,117.41510093970592,115.28421425586663
231,0.22184014320373535,1.3715758323669434,12.178266572076947,9.963478912164877,117.17686066833328,116.24393107298468
232,0.2277381420135498,1.3929836750030518,12.168869234890654,11.507643514727768,117.20213065831888,119.3433453959754
233,0.2766153812408447,1.3810615539550781,12.105125302482971,10.643723231934406,117.25157185788547,119.17842409736036
234,0.22514128684997559,1.4024019241333008,11.818976925305924,10.681051321177804,117.26452062464321,116.86751655061768
235,0.22652983665466309,1.3900182247161865,11.677683081324915,11.043586917664037,117.35104877800208,115.55737190740956
236,0.2232804298400879,1.430469274520874,11.613180385593989,10.451714520047055,117.63751817825445,117.55956161210855
237,0.2273709774017334,1.4349875450134277,11.555598120427224,11.76072739270326,117.41176334491104,115.09512824315621
238,0.24132895469665527,1.4129009246826172,11.270217077025702,10.08462478056266,117.11409519716806,115.1737432783268
239,0.23222041130065918,1.3853468894958496,10.99687520161374,11.249915202153574,116.44209147375412,114.11767832373512
240,0.22326993942260742,1.379483699798584,10.809041098250002,10.703945189364575,116.69481039890088,117.81140350733439
241,0.22953581809997559,1.4037749767303467,11.057510207601336,12.448170005678236,116.73982429973144,116.69407008129019
242,0.22524428367614746,1.3948681354522705,11.1602915454363,12.535456893077399,116.51819488158522,117.12705121451347
243,0.22536540031433105,1.3888418674468994,11.341946489762048,12.460272675191895,116.34521449713881,117.44862025289625
244,0.24083542823791504,1.420792818069458,11.384519122408992,11.106777647647228,116.46110422290742,118.02641380830363
245,0.22360515594482422,1.380169153213501,11.379854736745605,10.996943061030175,116.6669033138013,117.61536281634832
246,0.22659707069396973,1.384753704071045,11.325276865259616,9.905935805187159,116.82952549379704,119.18578341206604
247,0.22455906867980957,1.3834142684936523,11.31190960197127,11.6270547598198,116.94411958266323,116.24106913181814
248,0.22308349609375,1.3789000511169434,11.430478808109843,11.270316841948379,117.34537510998919,119.18629855158606
249,0.22253060340881348,1.3847949504852295,11.498311265708235,11.928239778137513,117.78795676093462,118.54349483318965
250,0.22564697265625,1.432008981704712,11.502799217144382,10.748824703726047,117.87636747095728,118.6955106075608
251,0.22284388542175293,1.379120111465454,11.491076598256791,12.330943816802321,118.10576602342738,118.98805560599138
252,0.22363662719726562,1.3672819137573242,11.436354468095839,11.988235591467877,118.23898874366584,118.45927841689809
253,0.22655916213989258,1.3858098983764648,11.170164872250755,9.798376716741053,118.29247720114677,117.98350482770553
254,0.22373175621032715,1.376729965209961,11.47907512408901,14.195880166029767,118.0186123258612,115.287765055448
255,0.22527790069580078,1.4061577320098877,11.440060102777085,10.606792847910953,118.17980253865692,119.22726494430547
256,0.22579455375671387,1.3535258769989014,11.74310391674953,12.936373944911589,118.1516772544675,118.9045305701718
257,0.22863411903381348,1.4162039756774902,11.918009320236367,13.376108794688161,118.44320653689542,119.15636195609747
258,0.2250361442565918,1.3785221576690674,12.018820400472558,12.278427644310291,118.28911366286161,117.645369811248
259,0.22688603401184082,1.396059274673462,12.008897341034595,11.829009183757886,118.31023455642278,118.75470376880114
260,0.23321914672851562,1.4346559047698975,12.061521954738172,11.275070840761828,118.13175762346387,116.91074127797162
261,0.22646379470825195,1.3908770084381104,11.976795718063242,11.483681450053007,118.00725793732715,117.7430587446245
262,0.22851252555847168,1.3948490619659424,11.903403674540609,11.254315156241557,117.85472272927191,116.93392633634542
263,0.2231578826904297,1.3847417831420898,12.204623262383095,12.810572595165912,117.87446118388148,118.18088937380148
264,0.2307262420654297,1.4230096340179443,11.868147683523185,10.831124377430676,118.12278451801726,117.77099839680572
265,0.22656035423278809,1.4005119800567627,11.837114065570429,10.296456668383364,117.82480822083566,116.2475019724896
266,0.23420500755310059,1.4424998760223389,11.730469432828105,11.869927617488376,117.8166705848234,118.82315421004908
267,0.22608447074890137,1.3958091735839844,11.362274437846091,9.694158844868014,117.74390391909326,118.42869529879619
268,0.22900128364562988,1.4324531555175781,11.15625624467648,10.218245712614188,117.7807170193275,118.0135008135903
269,0.24183011054992676,1.445971965789795,11.040338077567558,10.669827512668663,117.73409437857788,118.2884773613047
270,0.22693347930908203,1.385864019393921,10.860356764634348,9.475257711429737,117.6367525898512,115.93732339070496
271,0.22306418418884277,1.3714690208435059,10.811736545931783,10.997479263027357,117.63843166618055,117.75984950791806
272,0.22461223602294922,1.3731367588043213,10.766220398767842,10.799153684602128,117.76069934108992,118.15660308543886
273,0.23506903648376465,1.4346842765808105,10.481593244594459,9.964301053432077,117.71041379049807,117.6780338678832
274,0.22759222984313965,1.4371368885040283,10.452250971206585,10.537701643551948,117.77078603712323,118.37472086305735
275,0.22578787803649902,1.3754651546478271,10.560290077035594,11.376847726673478,117.89172604952543,117.45690209651158
276,0.22534751892089844,1.3771121501922607,10.512779503919255,11.394821886324962,117.48575252800694,114.76341899486428
277,0.23079395294189453,1.488070011138916,10.631453637758012,10.880900183255587,117.27271046872302,116.29827470595714
278,0.2292327880859375,1.4197173118591309,10.734258844089828,11.246297775932334,117.2721081707022,118.00747783338193
279,0.2465512752532959,1.3914999961853027,11.62283653173037,19.555604389074087,118.49449453613957,130.5123410156781
280,0.23386263847351074,1.454820156097412,11.932231068795483,12.569203082080854,118.60780295354448,117.07040756475432
281,0.2356431484222412,1.4093880653381348,11.92808412814892,10.956009856561739,118.39081504422931,115.58997041476643
282,0.2263650894165039,1.4638738632202148,11.902346886313147,10.541781266244396,118.42713729055845,118.51982554873007
283,0.23282575607299805,1.4740450382232666,12.151209454925233,12.45292673955295,118.27057514125083,116.11241237480709
284,0.22780299186706543,1.4302630424499512,12.218877653693555,11.214383631235169,118.11002633438525,116.76923279440174
285,0.23817110061645508,1.4811160564422607,12.178745393346171,10.975525123199631,118.0076401583145,116.43304033580397
286,0.2306373119354248,1.459958553314209,12.321430199955486,12.821669952418116,118.48988352728142,119.58585268453359
287,0.2257540225982666,1.3819167613983154,12.29675516881635,10.634149871864242,118.48537016084467,116.25314104158954
288,0.22423791885375977,1.3857910633087158,12.143873984969332,9.717485937462147,118.41571905462294,117.31096677116456
289,0.22502803802490234,1.3926050662994385,11.27114830574682,10.82834759684895,117.1471536562394,117.82668703184262
290,0.22646093368530273,1.3748724460601807,10.979500383522705,9.652723859839703,117.2317777049609,117.91664805196964
291,0.2238757610321045,1.4344708919525146,10.917321935843326,10.334225379767947,117.46625330349761,117.9347264001333
292,0.22507476806640625,1.3746991157531738,10.968040628479496,11.04896819260611,117.3257100390961,117.11439290471486
293,0.22236299514770508,1.3792872428894043,11.129372471995808,14.066245174716077,117.68751734146085,119.73048539845463
294,0.223374605178833,1.3782241344451904,11.033801647340962,10.258675384686718,117.75716145163184,117.46567389611182
295,0.22433805465698242,1.374269962310791,10.981236986922939,10.449878519019382,117.76821029364774,116.54352875596274
296,0.23441314697265625,1.447143793106079,10.824411490212242,11.25341498531115,117.47231302481646,116.62687999622082
297,0.24525189399719238,1.5666837692260742,10.96475045129603,12.037539482702122,117.5497277246383,117.02728803980801
298,0.257338285446167,1.7244493961334229,11.431526358913093,14.385245013632751,117.62115969071756,118.02528643195734
299,0.23796486854553223,1.4774839878082275,11.434263485981536,10.855718867533394,117.51433010847776,116.75839120944447
0,0.23046231269836426,1.7971131801605225,12.85661499506671,12.85661499506671,121.45704879206923,121.45704879206923
1,0.21120810508728027,1.2264199256896973,12.270683842321636,11.684752689576563,122.77586758356634,124.09468637506346
2,0.2107105255126953,1.2234907150268555,12.18674294099685,12.018861138347281,122.47463581121367,121.87217226650837
3,0.21815180778503418,1.2286028861999512,12.270974393433008,12.523668750741475,122.06548304807987,120.83802475867844
4,0.21277141571044922,1.2406229972839355,11.902879434848375,10.43049960050984,121.89627761744319,121.2194558948964
5,0.21248722076416016,1.232254981994629,11.862655255908363,11.661534361208304,121.90375540515578,121.94114434371875
6,0.21175575256347656,1.2232248783111572,12.021693254680997,12.975921247316808,121.74334684601554,120.7808954911741
7,0.21188688278198242,1.233288049697876,12.066340277321146,12.378869435802182,121.60013991887212,120.59769142886829
8,0.21286249160766602,1.2329928874969482,11.997542238814228,11.447157930758891,121.41415806341676,119.9263032197739
9,0.2128298282623291,1.242201805114746,12.08765399882506,12.898659838922539,121.30246310064373,120.29720843568656
10,0.21325254440307617,1.227379322052002,12.06999744863775,12.680049493193614,121.44543693079126,122.88678709354438
11,0.21177029609680176,1.2365930080413818,11.976860047747277,10.753378680671817,121.10743450855675,120.71466215271833
12,0.21214032173156738,1.2381112575531006,11.927616604765559,11.526426708530128,120.98720181746175,120.66984535555835
13,0.2124338150024414,1.2328250408172607,11.805401333517526,11.30151603826112,120.96110032100243,120.57700979408516
14,0.25942516326904297,1.2365963459014893,12.091114656920794,13.287632834542528,120.43864996673717,115.99495235224381
15,0.21394824981689453,1.2284164428710938,12.058137734319988,11.33176513520024,120.32725686365893,120.82721331293646
16,0.2116999626159668,1.2853248119354248,11.964492437877437,12.039468282891319,120.18578999400127,119.36622679459738
17,0.21128344535827637,1.2283391952514648,12.036946690362162,13.103411960649433,119.9918344335792,118.65813582464753
18,0.2188715934753418,1.2339069843292236,13.650816721119577,27.585858238333014,120.75420479221725,127.55000680615439
19,0.21176791191101074,1.2266252040863037,13.987739015457644,16.26788278230322,120.73996406527517,120.15480116626595
20,0.2121448516845703,1.2262928485870361,13.799467150301155,10.797330841628737,120.10352078721921,116.52235431298493
21,0.21916794776916504,1.234985113143921,15.176590517051105,24.52461234817131,121.99267604171469,139.60621469767295
22,0.20998859405517578,1.2346174716949463,15.797621657231016,17.73673811032924,121.32927196357392,114.03580457415042
23,0.21148324012756348,1.2373573780059814,15.965617786518672,12.981477331137675,121.16972302284805,118.98152038682682
24,0.22613239288330078,1.23121976852417,15.984567302400473,13.477127993360504,121.54760176748019,119.77373979856507
25,0.21217703819274902,1.2378129959106445,16.018767667247932,11.673768783674845,121.43445499454374,119.69574558357209
26,0.21234893798828125,1.2377939224243164,16.059665206775758,12.44844367816961,121.63526660232768,121.37434287243683
27,0.2125239372253418,1.23911452293396,15.83514483418322,10.858208234724028,122.32064289884701,125.51189878984076
28,0.2545900344848633,1.2374649047851562,15.88689106933499,28.103320589850746,127.11347155240996,175.47829334178377
29,0.21213126182556152,1.2294049263000488,15.59517576091734,13.350729698126715,127.29270255022706,121.94711114443703
30,0.2136249542236328,1.237807035446167,15.659932952888578,11.444902761341098,128.03486573968573,123.94398620757138
31,0.21145200729370117,1.232722282409668,14.475239456173608,12.67767738102161,126.36026387870393,122.86019608785489
32,0.22847485542297363,1.239210844039917,14.923923230736841,22.22357585596157,130.32216806429923,153.6548464301037
33,0.21236181259155273,1.2269527912139893,15.051512575156949,14.257370775338746,129.96493918877005,115.40923163153514
34,0.21233010292053223,1.2391042709350586,14.853160930963616,11.493611551427206,130.1445181937925,121.56952984878924
35,0.2130734920501709,1.2389411926269531,14.922221729831872,12.364376772357424,130.37291009168928,121.97966456254025
36,0.21233701705932617,1.2361016273498535,14.774042325061734,10.966649630468204,130.5877556491978,123.52279844752192
37,0.22069883346557617,1.2383122444152832,14.90202380403414,12.138023024448092,130.07713504394457,120.4056927373086
38,0.21252703666687012,1.2353830337524414,13.188877947387653,10.971862023385873,124.40492043841395,118.7561472864775
39,0.21175694465637207,1.2374849319458008,12.966833069776731,11.130280922017505,124.45747101927645,122.4726169530619
40,0.21436119079589844,1.2428102493286133,12.853421204537602,10.310784108949793,124.01618063370643,119.53108235187116
41,0.21166419982910156,1.233565092086792,13.036058648786087,14.504051823506465,123.80579842624043,120.75637401319486
42,0.2132105827331543,1.2382371425628662,11.907754442357412,10.940533791674817,120.55030468442412,121.09990901194065
43,0.21190857887268066,1.2308998107910156,11.753695633792518,12.716782689689808,120.94488665737246,119.35505136101877
44,0.2104194164276123,1.2372338771820068,11.889838005034486,12.855035263846872,120.85760888664838,120.69675214154827
45,0.21280241012573242,1.2432780265808105,11.751178469824115,10.977781420253722,121.00591730270517,123.46274872310802
46,0.21239089965820312,1.2350893020629883,11.854363769691863,11.998502629145698,120.77299672478121,121.19359266828232
47,0.21063542366027832,1.2348897457122803,12.048833141087023,14.082716738399697,119.83462542976585,111.021979787155
48,0.21412086486816406,1.235102891921997,12.15517763203707,12.035306932886325,119.53261789108569,115.73607189967603
49,0.21239972114562988,1.2421293258666992,12.181271774225364,11.391222343900452,119.62448996434037,123.39133768560853
50,0.21131181716918945,1.2479398250579834,12.723719068316445,15.735257049860603,119.80177690859395,121.3039517944071
51,0.21097803115844727,1.2410001754760742,12.60747163974335,13.341577537775525,120.25066956656929,125.24530059294811
52,0.21368670463562012,1.2392189502716064,12.712065574899128,11.986473143232592,120.19963237449056,120.58953709115355
53,0.21025323867797852,1.2361187934875488,12.49780934147695,10.574220355468032,120.4072552674877,121.43128029099012
54,0.21181893348693848,1.2389633655548096,12.526327695710268,13.140218806180043,120.12954425166159,117.91964198328691
55,0.21193313598632812,1.2356081008911133,12.573993176401775,11.454436227168788,120.11171948880715,123.28450109456355
56,0.2121117115020752,1.239405632019043,12.41421113441793,10.400682209307252,120.20900882555524,122.1664860357638
57,0.21168279647827148,1.2422502040863037,12.151894465167905,11.459550045899437,121.32915050036993,122.22339653530152
58,0.21100187301635742,1.2939720153808594,12.141958972211027,11.935952003317563,121.95655716271384,122.01013852311505
59,0.2132101058959961,1.2445461750030518,12.030413632882505,10.275768950615223,121.49566376230698,118.78240368153996
60,0.21512508392333984,1.2484142780303955,11.587549726766634,11.306617988701868,121.3925101212823,120.27241538416024
61,0.21169519424438477,1.2465739250183105,11.327865591723548,10.744736187344657,121.30513531053035,124.37155248542872
62,0.21238398551940918,1.230391025543213,11.253898807575323,11.246805301750385,121.43914543953038,121.92963838115385
63,0.21217107772827148,1.2416348457336426,11.28175828752014,10.852815154916193,121.2898402635121,119.93822853080741
64,0.23239779472351074,1.2987773418426514,12.095856115307189,21.28119708405051,125.49450965008216,159.9663358489875
65,0.21213221549987793,1.2393620014190674,12.380644905496757,14.30232412906448,125.24780214318665,120.81742602560851
66,0.21622657775878906,1.237022876739502,12.46000998850128,11.194333039352493,125.17056363655183,121.39410096941549
67,0.21271467208862305,1.2398931980133057,12.567852062850625,12.537970789392862,124.97708053777512,120.28856554753456
68,0.21196913719177246,1.2420620918273926,12.354263945678621,9.800070831597546,124.74348610371729,119.67419418253667
69,0.21357226371765137,1.2384159564971924,12.350799038151418,10.241119875343188,124.75531142733466,118.9006569177137
70,0.2181549072265625,1.2642581462860107,12.19308933990327,9.729521006220397,124.82439657038299,120.96326681464342
71,0.21212506294250488,1.230881690979004,12.175831025190435,10.572153040216303,124.13320911276878,117.45967790928674
72,0.21259832382202148,1.2275817394256592,12.238972567132825,11.87822072117427,124.21528678248168,122.75041507828288
73,0.21106338500976562,1.2377209663391113,12.274168288472623,11.204772368314167,124.46227038988067,122.40806460479732
74,0.21301651000976562,1.2433819770812988,11.371637569123825,12.255889890562539,120.52682928967133,120.6119248468941
75,0.21189594268798828,1.2410118579864502,11.005744160264804,10.64339004047427,120.21124117802451,117.6615449091402
76,0.23525643348693848,1.2943761348724365,11.733323638055836,18.470127817262828,119.36880030073954,112.96969219656546
77,0.2128763198852539,1.2372868061065674,11.696498489286004,12.169719301694537,119.25868047221954,119.18736726233496
78,0.2132270336151123,1.2448461055755615,11.72866725997753,10.1217585385128,119.44740523750716,121.56144183541267
79,0.21266961097717285,1.2430012226104736,11.809250674593788,11.046954021505758,119.6058614409084,120.48521895172627
80,0.2115781307220459,1.2361173629760742,11.910335478182118,10.740369042103723,119.43363635909668,119.2410159965264
81,0.21277284622192383,1.2440574169158936,11.86415727927319,10.110371051126998,119.91881734555564,122.31148777387614
82,0.21258091926574707,1.234947919845581,11.709334005596542,10.329987984407799,119.72039344159377,120.76617603866421
83,0.22469758987426758,1.2381749153137207,11.654385639224314,10.655288704591895,119.50905478685533,120.29467805741292
84,0.21097874641418457,1.237990140914917,11.963783680659352,15.349870304912923,119.29376105928331,118.45898757117392
85,0.21475863456726074,1.244046688079834,12.2702276834121,13.707830068001739,119.39436160337466,118.66755035005352
86,0.21005702018737793,1.2406680583953857,11.50817170289277,10.849568012069529,120.04712876527519,119.49736381557088
87,0.21215391159057617,1.2388849258422852,11.472756716635086,11.815569439117695,120.27442106614255,121.46029027100846
88,0.21016764640808105,1.2381341457366943,11.674891068309215,12.14310205525409,119.60524667612087,114.86969793519597
89,0.2123394012451172,1.3048219680786133,11.640124167348299,10.699285011896587,119.98844198438891,124.31717203440671
90,0.21199798583984375,1.2370829582214355,11.671940836933898,11.05853573795973,120.49331871888009,124.28978334143812
91,0.21267104148864746,1.2437512874603271,11.8506291305144,11.89725398693201,120.36519484448445,121.0302490299199
92,0.21197247505187988,1.2411320209503174,11.968713049071729,11.510827169981106,120.67422267415184,123.85645433533793
93,0.21149897575378418,1.23944091796875,11.923281231658782,10.200970530462426,120.7023646951214,120.57609826710868
94,0.21048903465270996,1.2402217388153076,11.543853034861236,11.555588336937445,121.42394081916045,125.6747488115644
95,0.21297955513000488,1.2437818050384521,11.342964068393993,11.69894040332932,121.8514837909285,122.94298006773403
96,0.2116985321044922,1.237104892730713,11.450850199954607,11.928429327675673,121.96198286590342,120.60235456532023
97,0.21046757698059082,1.2390451431274414,11.631867723398102,13.62574467355264,121.55476490121328,117.3881106241067
98,0.20960187911987305,1.2378418445587158,12.407827736531754,19.902702186590595,120.99432265262013,109.26527544926446
99,0.21264123916625977,1.2398059368133545,12.38915753191024,10.512582965681428,120.60742277170509,120.44817322525655
100,0.251964807510376,1.233616828918457,13.551860134000432,22.685561758861674,123.81300188517139,156.34557447610115
101,0.2108449935913086,1.2354273796081543,13.34106737494021,9.78932639632979,123.7281703236744,120.18193341494988
102,0.211533784866333,1.2455708980560303,13.202259003791045,10.12274345848948,123.66192415971281,123.19399269572193
103,0.20921778678894043,1.2328400611877441,13.670535663278661,14.88373712533857,123.62566970462208,120.21355371620166
104,0.21323871612548828,1.2410180568695068,13.636933787360295,11.219569577753777,123.113642112706,120.55447289240342
105,0.23242807388305664,1.2418811321258545,13.497700216644963,10.306604696176008,122.49051259639648,116.71168490463879
106,0.21227526664733887,1.2474300861358643,13.419151921519074,11.142946376416788,122.833013924233,124.02736784368568
107,0.21363091468811035,1.239793062210083,13.290210061840526,12.336326076767154,123.07656947537657,119.82366613554233
108,0.30548787117004395,1.2498128414154053,12.977379312593223,16.774394694117575,127.59890166336977,154.48859732919635
109,0.20925188064575195,1.2421088218688965,13.899967443854035,19.73846427828955,128.30844734838212,127.54363007537987
110,0.21345257759094238,1.2303690910339355,12.686016779129227,10.54605511161359,124.33152247293447,116.57632572162474
111,0.21695709228515625,1.2348999977111816,16.54558628746166,48.38502147965411,125.09825462995391,127.84925498514446
112,0.2137622833251953,1.23677396774292,16.7546596868557,12.213477452429899,124.54572607113998,117.66870710758259
113,0.23725461959838867,1.2924740314483643,17.05988783142381,17.936018571019652,126.84547844771824,143.21107748198403
114,0.20935964584350586,1.2431080341339111,17.45593692167021,15.180060480217815,126.64751902992236,118.57487871444485
115,0.2111063003540039,1.246424913406372,17.54805720259003,11.227807505374173,126.96648206766194,119.90131528203472
116,0.2121720314025879,1.2424111366271973,17.59140551580372,11.57642950855368,128.2272453732793,136.63500089985902
117,0.21207165718078613,1.2449159622192383,17.379745294342733,10.219723862157329,128.93856572841082,126.93686968685756
118,0.22376298904418945,1.238797903060913,18.56870056163482,28.663947367038425,126.77237121316932,132.82665217678135
119,0.24287819862365723,1.2415106296539307,18.638884816029833,20.440306822239656,127.13494524703431,131.16937041402986
120,0.26584291458129883,1.234222173690796,19.43811971399315,18.53840409124675,134.47358611957299,189.96273444701146
121,0.25061726570129395,1.2395310401916504,16.66315715585848,20.63539589830745,138.30006719202618,166.11406570967648
122,0.2483656406402588,1.235701322555542,17.318859021382593,18.770496107670983,141.11881491724102,145.85618435973095
123,0.22062921524047852,1.2359645366668701,17.837029486707053,23.11772322426428,138.81001987184553,120.12312702802883
124,0.21588373184204102,1.2467288970947266,18.24431901916711,19.25295580481836,140.0705679197507,131.18035919349688
125,0.246567964553833,1.2422046661376953,18.88111151658182,17.595732479521295,145.50588981995878,174.25453428411527
126,0.22388315200805664,1.2422771453857422,19.900879499823578,21.774109340971215,147.88472760501162,160.42337875038743
127,0.21090435981750488,1.230926752090454,19.906842320911593,10.279352073037538,146.2257233640845,110.34682727758674
128,0.22951102256774902,1.232590913772583,20.05524720519523,30.14799620987479,146.4872738674395,135.44215721033135
129,0.21454191207885742,1.2315011024475098,19.95714679146742,19.459302684961543,146.48965399983427,131.19317173797742
130,0.245255708694458,1.2410728931427002,20.82681857140988,27.235121890671373,138.2774645819637,107.84084026830571
131,0.21274805068969727,1.2343971729278564,19.79298003359246,10.297010520133227,134.5494318612287,128.8337385023263
132,0.21024656295776367,1.233006238937378,18.953142079294928,10.372116564695656,132.19746812935864,122.3365470410306
133,0.21109604835510254,1.232586145401001,17.675907227602902,10.345374707344027,132.00007672263882,118.14921296083052
134,0.23307371139526367,1.2278990745544434,18.44722166671722,26.966100195961527,131.42262380277526,125.4058299948613
135,0.21110081672668457,1.2305049896240234,17.70387466040115,10.162262416360619,126.48954944640437,124.92379072040623
136,0.21230530738830566,1.2333738803863525,16.506279720184345,9.798159938803135,122.4057835844546,119.5857201308898
137,0.25253868103027344,1.2228288650512695,16.499643810586775,10.212992977061884,123.46290009779405,120.91799241098131
138,0.21433210372924805,1.2237358093261719,16.43116486768454,29.46320678085244,118.95837664832496,90.3969227156403
139,0.21295976638793945,1.2287440299987793,15.53762661154137,10.523920123529821,117.48553993891214,116.46480464384922
140,0.21321868896484375,1.225787878036499,13.773304079265344,9.591896567911103,118.70114815341034,119.99692241328793
141,0.21149301528930664,1.2368698120117188,13.750133535243313,10.065305079912925,118.27556063005117,124.57786326873455
142,0.22149229049682617,1.2342116832733154,14.696411080436297,19.834892016625496,120.70666501689061,146.64759090942488
143,0.2136068344116211,1.2329821586608887,14.589278707969303,9.274050982674046,121.23274683897314,123.41003118165573
144,0.21228289604187012,1.249610185623169,13.023183731535648,11.305150431625014,120.94643883341215,122.54274993925148
145,0.2111072540283203,1.2364130020141602,13.282249086040304,12.752915961407187,120.48506835744402,120.3100859607249
146,0.21291399002075195,1.239555835723877,13.361141705994399,10.587086138344088,120.52113911785605,119.94642773500996
147,0.2305622100830078,1.2260489463806152,14.06720752710254,17.273651188143262,125.8183986216341,173.8905874487621
148,0.20927023887634277,1.237626075744629,12.174922462609466,10.540356135921709,128.8694648979181,120.90758547848012
149,0.21163392066955566,1.2412681579589844,12.311693089152014,11.891626388955313,128.95079693656263,117.27812503029475
150,0.21256232261657715,1.2440500259399414,12.419954507695987,10.67451075335083,128.99915855116882,120.48053855934963
151,0.2112717628479004,1.2452034950256348,12.444152777645078,10.307287779403854,128.57763653645344,120.36264312158056
152,0.21144676208496094,1.2486381530761719,11.564015860997682,11.033522850151497,126.05123356975378,121.38356124242863
153,0.21132206916809082,1.2382409572601318,11.771960632250403,11.353498695201289,125.86918676609623,121.58956314508042
154,0.2298886775970459,1.242260217666626,11.760536881876499,11.190912927885968,125.81367874808132,121.98766975910218
155,0.21205592155456543,1.2389590740203857,11.368844553465864,8.835992677300842,125.94227445199624,121.59604299987404
156,0.21208596229553223,1.2406911849975586,11.515299938928527,12.051639992970722,126.36634826775021,124.18716589254961
157,0.25359678268432617,1.2343080043792725,10.789740160591828,10.018053404776246,120.95924357786332,119.81954054989349
158,0.2564380168914795,1.248039960861206,11.304796159449786,15.690916124501296,126.18464708238282,173.16162052367488
159,0.21334505081176758,1.250319242477417,11.1951418031617,10.795082826074438,126.81445827461611,123.5762369526278
160,0.24454832077026367,1.2405707836151123,12.261883183854833,21.34192456028218,130.17254206402086,154.06137645339692
161,0.21373343467712402,1.2376337051391602,12.318730656574601,10.875762506601525,130.40595760904037,122.69679857177583
162,0.2124476432800293,1.241300106048584,12.304770713452495,10.893923418930445,130.34019469016903,120.72593205371496
163,0.21247005462646484,1.2927131652832031,12.188418826569437,10.18997982637071,130.30853619325393,121.27297817592968
164,0.209885835647583,1.2391507625579834,12.17731864169732,11.079911079164793,130.47319169655432,123.6342247921061
165,0.21238017082214355,1.240879774093628,12.358507993525315,10.647886195580796,130.49616291818006,121.82575521613123
166,0.2102200984954834,1.240138053894043,12.3043732687271,11.510292744988554,130.1563199249161,120.78873595991004
167,0.21106314659118652,1.2438938617706299,12.53191333816017,12.293454099106953,130.4917970317295,123.17431161802764
168,0.2136070728302002,1.2444148063659668,11.920544089052283,9.577223633422435,125.29218718879694,121.1655220943495
169,0.22254371643066406,1.237368106842041,14.417820508273522,35.76784701828682,124.9449530334703,120.10389539936118
170,0.21223902702331543,1.2485880851745605,13.384694213005279,11.01066160759974,121.2423816294087,117.03566241278068
171,0.21229243278503418,1.2376110553741455,13.182239125240718,8.851211628955934,120.89821443870828,119.25512666477186
172,0.2250957489013672,1.246093988418579,13.923996816856597,18.311500335089228,123.65507059685356,148.2944936351677
173,0.21196627616882324,1.2436368465423584,13.979061101917926,10.740622676984,123.44243836794081,119.14665588680225
174,0.21298813819885254,1.2339379787445068,13.95214940045118,10.810794064497347,123.16627685424476,120.87260965514574
175,0.2128288745880127,1.2475650310516357,13.771707107975235,8.843463270821335,123.34227648345313,123.58575150821491
176,0.21205353736877441,1.242297887802124,13.605222314346866,9.845444808704896,123.46015788544545,121.96754997983312
177,0.21175765991210938,1.2441768646240234,13.283493232397571,9.076163279613992,123.28283503032196,121.4010830667926
178,0.21281695365905762,1.2431302070617676,13.52354894558599,11.977780765306598,122.99067104499045,118.24388224103447
179,0.21393489837646484,1.2517471313476562,10.867120313988996,9.203560702316903,123.11155772350358,121.31276218449236
180,0.21186399459838867,1.237375020980835,10.8383245646337,10.722704114046756,123.6992342926884,122.912428104629
181,0.21384382247924805,1.240875005722046,10.804354902467614,8.511515007295085,123.89928753947599,121.25565913264786
182,0.21198391914367676,1.2341091632843018,10.012102778735038,10.388979097763471,121.24450620716384,121.746680312046
183,0.2686479091644287,1.238651990890503,11.40552733031233,24.67486819275691,129.66739703565554,203.37556417171925
184,0.2208559513092041,1.2367417812347412,11.499313415198245,11.748654913356487,129.51073705907692,119.30600988935973
185,0.2137749195098877,1.2486083507537842,11.603189607495935,9.882225193798249,129.18015059310594,120.27988684850486
186,0.21163392066955566,1.2450671195983887,11.657888166295452,10.39243039670006,129.05348409896683,120.70088503844208
187,0.23616623878479004,1.2366011142730713,12.484175439330569,17.33903600996517,134.906360706056,179.92984913768453
188,0.21351075172424316,1.234659194946289,12.25581099003423,9.694136272343204,135.2485618662806,121.66589384328046
189,0.26425790786743164,1.2364206314086914,12.180384921120313,8.449300013177728,135.13845662184093,120.21170974009576
190,0.22527718544006348,1.2400448322296143,12.181029452847659,10.729149431320202,135.06494009923708,122.17726287859038
191,0.21051621437072754,1.2322609424591064,12.31360066303822,9.837227109200708,135.3280030209124,123.88628834940103
192,0.23238635063171387,1.2402687072753906,12.942135235430266,16.674324821683935,139.34220162477766,161.88866635069866
193,0.21256566047668457,1.2442033290863037,11.450354312136856,9.75705895982282,131.39779908280227,123.93153875196523
194,0.21149659156799316,1.244649887084961,11.365884178738721,10.903953579375138,131.60200360943549,121.34805515569171
195,0.21272492408752441,1.2298448085784912,11.31435305525417,9.366913958952718,131.6460109300059,120.71996005420912
196,0.21227097511291504,1.24330472946167,11.276491776848966,10.013817612648038,131.5168978537139,119.40975427552243
197,0.21317720413208008,1.2357656955718994,10.529243552480349,9.866553766278983,125.35284980614365,118.28936866198183
198,0.2165381908416748,1.2348580360412598,10.478221556008876,9.18391630762849,125.15674502930781,119.70484607492203
199,0.2132112979888916,1.238412857055664,10.664307244096607,10.310156894055023,125.53855142056834,124.02977365270108
200,0.21471452713012695,1.2530999183654785,10.670516039255656,10.791237382910715,125.43849920114579,121.17674068436457
201,0.21557903289794922,1.2585978507995605,10.617588581802696,9.307952534671115,125.17480496384738,121.2493459764172
202,0.21390271186828613,1.2513949871063232,9.84310473573311,8.929486360988065,120.93168708655017,119.45748757772672
203,0.21265888214111328,1.2567269802093506,9.82857614918169,9.611773094308589,120.56109175070212,120.22558539348456
204,0.21154308319091797,1.2462077140808105,9.665616163869194,9.274353726250219,120.45849722932851,120.32210994195543
205,0.2129819393157959,1.24741530418396,9.845198843380942,11.162740754070166,120.40495114069593,120.18449916788337
206,0.21207094192504883,1.2495307922363281,9.86966182452179,10.258447424056524,120.63121860348583,121.67242890342142
207,0.21344923973083496,1.2470951080322266,9.872657710881972,9.89651262988081,120.99726512598215,121.94983388694513
208,0.21249651908874512,1.247004747390747,10.054851974729786,11.005858946106631,121.07816387133778,120.51383352847814
209,0.2133033275604248,1.2450108528137207,9.870120536631,8.462842513067173,120.79778193377186,121.22595427704188
210,0.21217131614685059,1.2487809658050537,9.698031914112613,9.070351157726847,120.80055643295353,121.20448567618126
211,0.2557961940765381,1.2410619258880615,9.735651270776964,9.684146101314631,121.12496680783352,124.49344972521718
212,0.2134261131286621,1.2479097843170166,9.838358950417527,9.956563157393692,121.26760010694707,120.88382056886202
213,0.2127089500427246,1.254181146621704,9.932679131255217,10.554974902685487,121.47761485382857,122.32573286230001
214,0.2194080352783203,1.25252366065979,10.034235187105116,10.289914284749202,121.63075003181059,121.85346172177528
215,0.21409988403320312,1.2410774230957031,9.80945276248695,8.914916507888496,121.67630607606209,120.64005961039857
216,0.21365904808044434,1.244102954864502,9.826284510596972,10.426764905156745,121.76468185817671,122.55618672456752
217,0.20988988876342773,1.241962194442749,9.914221438174888,10.775881905659967,121.85445401910633,122.84755549624145
218,0.2125563621520996,1.2946937084197998,9.86258985540716,10.489543118429356,122.03760308603191,122.34532419773414
219,0.21294188499450684,1.2352759838104248,10.062573660191228,10.462680560907863,122.0862042015199,121.71196543192178
220,0.21056556701660156,1.247589111328125,10.051806901430416,8.962683570118706,122.07778603597626,121.12030402074461
221,0.2119743824005127,1.2521686553955078,10.144747846230775,10.613555549318232,121.86240396711204,122.33962903657522
222,0.21179866790771484,1.2471938133239746,10.203117996240227,10.540264657488212,121.95767159784376,121.83649687617894
223,0.21206188201904297,1.2434370517730713,10.163043031188492,10.15422525216815,121.91930221118628,121.94203899572534
224,0.21291685104370117,1.2482900619506836,10.095543436426599,9.614918337130263,121.88999334567734,121.56037306668568
225,0.22155976295471191,1.2472491264343262,11.472854867586422,22.68803081948673,124.35522980774071,145.29242423103244
226,0.22460675239562988,1.2460808753967285,11.640102077712339,12.09923700641591,124.12044507416579,120.20833938881802
227,0.23585271835327148,1.23974609375,11.636907416784554,10.74393529638213,123.95405206942993,121.18362544888333
228,0.2128589153289795,1.2519810199737549,11.547802574302954,9.59849469361334,123.85814200588838,121.38622356231843
229,0.21134495735168457,1.2307400703430176,11.553834936491384,10.523004182792166,123.76219465698846,120.75249194292246
230,0.2114264965057373,1.2459640502929688,11.80388145329394,11.463148738144271,124.02740418104028,123.77239926126293
231,0.2117927074432373,1.2411441802978516,11.724125364053975,9.815994656918585,124.0481804342204,122.54739156837648
232,0.20992064476013184,1.2462937831878662,12.092843106744919,14.227442084397639,124.23181252290883,123.67281776306334
233,0.23529338836669922,1.2452421188354492,13.16976425714276,20.923436756146582,126.27594600041024,142.38337377073933
234,0.22795748710632324,1.24117112159729,13.548269514706558,13.399970912768222,126.02047270792886,119.00564014187187
235,0.21330928802490234,1.2393043041229248,12.308844879145719,10.29378446387832,123.69220092028056,122.00970635454959
236,0.21218514442443848,1.234339714050293,12.223676192652196,11.24755014148071,123.84322781252665,121.71860831127881
237,0.23815250396728516,1.2460675239562988,13.256819457811241,21.075367947972552,125.74507637825381,140.20211110615483
238,0.2107987403869629,1.249572992324829,13.41511152780088,11.181415393509745,125.86836140030728,122.61907378285306
239,0.2590939998626709,1.2437982559204102,13.211441217767046,8.486301082453833,125.80698477093824,120.13872564923221
240,0.21024799346923828,1.249866247177124,13.137887394630933,10.727610506783162,125.34866993680308,119.18925091991134
241,0.21257829666137695,1.2531418800354004,13.119103037887319,9.628151089482408,125.07111950614755,119.77188726182102
242,0.22030067443847656,1.2493948936462402,12.64268851370191,9.463296842543553,124.92867688909902,122.24839159257823
243,0.2116250991821289,1.2472307682037354,11.51956105731996,9.69216219232709,122.93082439289023,122.40484880865148
244,0.21043872833251953,1.2447850704193115,11.15648458349182,9.769206174486815,123.27576553461078,122.45505155907728
245,0.21735715866088867,1.3057780265808105,11.040320550878215,9.132144137742287,123.16280244454204,120.88007545386199
246,0.21048402786254883,1.2406229972839355,11.156112935737236,12.4054739900709,123.34785247913742,123.56910865723295
247,0.24059605598449707,1.2479710578918457,11.378598489612605,23.300223486726253,123.58797342309558,142.60332054573627
248,0.22213220596313477,1.2451581954956055,13.316378729563928,30.55921779302299,123.75782339346222,124.3175734865194
249,0.23659110069274902,1.2475621700286865,14.800001430562176,23.322528092436308,123.02548138511266,112.81530556573642
250,0.21101808547973633,1.252323865890503,14.884956956818774,11.577165769349143,123.52863029403366,124.22074000912144
251,0.21648073196411133,1.2448410987854004,16.25815547195365,23.36013624083114,126.04489007702384,144.9344850917229
252,0.21248984336853027,1.245467185974121,16.399023173213454,10.871973855141587,126.02916941112946,122.0911849336344
253,0.21249055862426758,1.241164207458496,16.47508220939747,10.452752554167299,125.9790658839463,121.90381353682017
254,0.2252943515777588,1.2544593811035156,16.430435676824608,9.322740848758201,126.1039853653497,123.70424637311105
255,0.23691296577453613,1.2506859302520752,18.127971084863578,26.10749821813196,131.98129456234426,179.65316742380747
256,0.22897005081176758,1.2558653354644775,19.03973019635875,21.523065105022614,133.6833075959181,140.58923899297162
257,0.21370983123779297,1.2491912841796875,17.974717876147515,12.65010028461386,131.6184396281471,121.95464086802606
258,0.2119460105895996,1.2465059757232666,15.813557310715694,8.94761213870485,131.11768887976325,119.31006600268087
259,0.2136518955230713,1.2476568222045898,14.424698775179849,9.433942737077857,131.98252774975668,121.46369426567043
260,0.21205449104309082,1.2370641231536865,14.370755247403324,11.037730491583861,131.72808830047708,121.67634551632597
261,0.21371173858642578,1.2508301734924316,13.07224952676655,10.375079034463417,129.3989355050072,121.64295713702398
262,0.21372723579406738,1.2501587867736816,13.055258422178918,10.702062809265264,129.25236737680294,120.62550365159161
263,0.23224091529846191,1.2554359436035156,12.965326157337438,9.553429905752505,129.26054679742373,121.98560774302815
264,0.23690009117126465,1.2543931007385254,13.706513525648315,16.734614531866956,132.5528274092091,156.6270524909649
265,0.2357008457183838,1.2312321662902832,13.948227454965883,28.52463751130766,127.86211597273248,132.74605305904134
266,0.21137475967407227,1.2369349002838135,12.992299971966805,11.963790275031808,125.87504245410636,120.71850380671039
267,0.21988439559936523,1.245877742767334,14.266218349752478,25.389284062470615,127.7833121818409,141.03733814537122
268,0.23367786407470703,1.2518994808197021,14.631267523140002,12.598103872580081,127.73793898347915,118.85633401906344
269,0.21409106254577637,1.2502353191375732,14.660611169590121,9.72737920157906,128.00281498881736,124.11245431905274
270,0.21120285987854004,1.3035368919372559,14.783110254757514,12.262721343257766,127.59540302192082,117.60222584736034
271,0.2203688621520996,1.242443323135376,16.213847666168725,24.68245314857557,129.90294599123018,144.7183868301177
272,0.21509838104248047,1.2437520027160645,18.678523322223455,35.348819369812524,132.95520650163962,151.14810875568608
273,0.2128770351409912,1.2517750263214111,19.81624458616624,20.930642545180312,133.1924854918512,124.35839764514358
274,0.2135298252105713,1.2489111423492432,19.17597920072639,10.331960677468453,129.81975094281,122.89970700055328
275,0.22361254692077637,1.256227970123291,18.59808396055613,22.74568510960511,131.3106520134843,147.6550637657839
276,0.23821091651916504,1.2511258125305176,19.069622777260197,16.679178442072434,135.44060010805555,162.0179847524232
277,0.21228408813476562,1.2499432563781738,17.926267772332878,13.955734013197457,133.57050997628312,122.336436827647
278,0.21329689025878906,1.2566778659820557,17.847055799685307,11.805984146104365,134.19971242918996,125.14835854813177
279,0.2331249713897705,1.2483820915222168,18.609525336587204,17.352074570598038,139.22783046912465,174.39363471839982
280,0.22513842582702637,1.2502357959747314,19.503574959918073,21.203217576566463,143.13221235568767,156.6460447129902
281,0.21613788604736328,1.2463631629943848,18.04206501076975,10.067353657092358,140.89195705318713,122.3158338051121
282,0.21141505241394043,1.24934720993042,15.746261941983118,12.390788681946177,138.1506629275612,123.73516749942718
283,0.21866393089294434,1.2472939491271973,16.06519868437947,24.120009969143823,138.10329431905524,123.8847115600841
284,0.21155405044555664,1.2500388622283936,15.980255665245442,9.4825304861282,138.31558254121222,125.02258922212314
285,0.26487302780151367,1.2551202774047852,16.24497770594167,25.392905516567374,140.4122976339667,168.62221469332815
286,0.2127516269683838,1.2467570304870605,15.759061130453597,11.820012687191712,135.8379435829665,116.2744442424211
287,0.21272706985473633,1.245631217956543,15.33932884331412,9.75841114180271,135.92310935798255,123.1880945778078
288,0.23224568367004395,1.2553050518035889,16.153978562415197,19.95248133711514,136.7218536774764,133.1358017430702
289,0.23861408233642578,1.2566308975219727,19.033962289367686,46.15191184012289,138.28327068722513,190.00780481588725
290,0.2131788730621338,1.2496449947357178,18.024686320130648,11.110457884196077,134.8897372777047,122.71071061778612
291,0.21363210678100586,1.246757984161377,18.094037755952474,10.76086801531062,134.90065843689132,122.42504539697791
292,0.2145223617553711,1.2475008964538574,17.897527826176862,10.425689384190035,134.7572682365947,122.3012654964612
293,0.21453428268432617,1.2570321559906006,16.2888375420604,8.033107127979248,134.50828978774638,121.39492707160089
294,0.22134113311767578,1.2448818683624268,17.461902497449323,21.213180040017427,136.1280566952044,141.2202582967036
295,0.21286416053771973,1.251556158065796,16.43318906476182,15.105771189692334,131.8064792610072,125.40644035135598
296,0.21318387985229492,1.249284029006958,16.15489442129409,9.03706625251441,132.52472373589842,123.45688899133326
297,0.21356749534606934,1.2389721870422363,16.385057748828785,12.060044417149651,131.83073732799957,116.24823049881928
298,0.2157280445098877,1.2527682781219482,15.474087470940063,10.842778558227927,130.6931247979962,121.75967644303667
299,0.23593902587890625,1.2463293075561523,13.066374794148317,22.074785072205433,126.88899587990511,151.9665156349763
300,0.21231484413146973,1.2450449466705322,12.959547594744198,10.042185890154894,126.70165398032832,120.83729162201828
301,0.21131658554077148,1.2426731586456299,13.099362808521732,12.159020153085965,126.96818472517066,125.09035284540113
302,0.21356773376464844,1.248932123184204,12.945315027955719,8.88521157852989,126.8985170387441,121.60458863219552
303,0.22589778900146484,1.252298355102539,13.19065709751485,10.486527823570565,126.77974441468425,120.20720083100238
304,0.21346044540405273,1.2495877742767334,12.038110158133179,9.68771064620073,124.98191101886752,123.24192433853669
305,0.23376846313476562,1.256972312927246,12.9555566123944,24.28023573230452,127.14573471502885,147.04467731296893
306,0.21419215202331543,1.2424798011779785,13.133897484339162,10.820474971962035,127.0819322328392,122.81886416943689
307,0.21465301513671875,1.2524874210357666,12.931695898304051,10.038028556798547,127.88641077759549,124.29301594638228
308,0.21489477157592773,1.2466611862182617,12.800908722976152,9.534906804948923,127.89598268460745,121.85539551315617
309,0.21347928047180176,1.2555181980133057,11.605819490167415,10.123892744118073,124.93304775285617,122.33716631746333
310,0.21239042282104492,1.24882173538208,11.902092804901722,13.004919037497963,124.96553860244273,121.16220011788417
311,0.2227771282196045,1.2448978424072266,11.695465089662353,10.092743000692284,124.4143290513689,119.57825733466264
312,0.2154538631439209,1.2416727542877197,11.620056035299543,8.131121034901792,124.4588434057354,122.04973217586041
313,0.21332597732543945,1.2458252906799316,11.661575816408567,10.901725634660796,124.45076233098271,120.12639008347554
314,0.2174222469329834,1.2459850311279297,14.591488039944329,38.98683288155837,123.4102057215567,112.83635824427645
315,0.21355009078979492,1.2600429058074951,13.026655568929844,8.631911022159647,120.75188903134583,120.46151041086043
316,0.21355962753295898,1.2515029907226562,12.926117880058493,9.81509808324855,120.69689230601685,122.26889691614704
317,0.2133798599243164,1.2354309558868408,12.899616486809842,9.77301462431203,120.41993133811434,121.52340626735713
318,0.21510982513427734,1.247021198272705,12.876244103352116,9.301182970371665,120.405506865095,121.71115078296289
319,0.21413779258728027,1.2501113414764404,12.810448307225846,9.465934782855346,120.34378755442806,121.71997321079374
320,0.21108698844909668,1.2519948482513428,12.557594825939498,10.476384224634504,120.00638416312115,117.78816620481527
321,0.25160861015319824,1.2482826709747314,14.307105118033439,27.587845921631704,125.41848186399027,173.69923434335365
322,0.21502113342285156,1.2456629276275635,14.443344326637918,9.493513120946577,125.46782715260429,122.54318506200059
323,0.2130579948425293,1.263859748840332,14.184383238880077,8.312114757082357,125.75756957685674,123.023814326
324,0.2137768268585205,1.2538514137268066,11.173877075299085,8.881771245748457,125.99530662633461,115.21372873905526
325,0.2145845890045166,1.2452712059020996,11.427006406692826,11.16320433609705,125.94719336094968,119.9803777570112
326,0.21326804161071777,1.2497649192810059,11.423368634571862,9.778720362038921,125.71081124365176,119.9050757431677
327,0.22281360626220703,1.2432587146759033,11.383494842903179,9.374276707625187,125.6056037720547,120.4713315513865
328,0.21376943588256836,1.2532238960266113,11.539256654098216,10.85880108232205,125.86917697676299,124.34688283004607
329,0.21392202377319336,1.2546448707580566,11.573803461111236,9.811402852985559,125.8098649406805,121.12685284996884
330,0.21246695518493652,1.2506799697875977,11.540355778436016,10.141907397882292,126.53263448669372,125.01586166494747
331,0.22052788734436035,1.2546026706695557,10.926099862691407,21.44528676418561,122.22452926061138,130.61818208253
332,0.24007177352905273,1.2589209079742432,11.794249174292514,18.175006236957646,125.14053559265469,151.703248382434
333,0.21860837936401367,1.2956860065460205,11.83176180549075,8.687241069064724,124.351072010139,115.12917850084294
334,0.21770000457763672,1.244779109954834,13.889491533410744,29.4590685249484,126.26849105370283,134.38791917469368
335,0.21318888664245605,1.244182825088501,13.667562662064089,8.943915622630504,126.45064326408719,121.80189986085483
336,0.22471165657043457,1.2496440410614014,13.81657802048872,11.26887394628525,126.38129462427582,119.2115893450542
337,0.21241021156311035,1.2440688610076904,13.844432530187209,9.652821804610042,126.61692184731832,122.82760378181149
338,0.21323919296264648,1.251424789428711,13.972004394073824,12.134519721188209,125.39647277541792,112.14239211104187
339,0.21424627304077148,1.2448616027832031,13.980137547053053,9.892734382777862,125.1476857230997,118.6389823267867
340,0.21405696868896484,1.2542381286621094,14.049090079137764,10.831432718729392,124.94328568440847,122.97186127803495
341,0.24763822555541992,1.2516953945159912,14.06679304533198,21.62231642612776,126.23085050983732,143.49383033681855
342,0.21744298934936523,1.2490379810333252,13.245954409939182,9.966619883029693,123.14903030775395,120.88504636160025
343,0.21299338340759277,1.248974323272705,13.59728962229487,12.200593192621566,125.00955521690699,133.73442759237338
344,0.21523213386535645,1.2509124279022217,11.657085467220622,10.057026974205934,123.8713787331722,123.0061543373458
345,0.21309471130371094,1.2471449375152588,11.779379671475338,10.166857665177659,124.24126761012099,125.50078863034298
346,0.2135615348815918,1.308379888534546,11.815913556962762,11.63421280115951,124.0852713759997,117.6516270038409
347,0.23945999145507812,1.243943214416504,12.915785045854676,20.65153669352916,128.2477687132174,164.45257715398864
348,0.21494436264038086,1.251908540725708,12.699801469679366,9.974683959435119,129.0242367461328,119.90707244019582
349,0.21338415145874023,1.255767822265625,12.649021105523394,9.384930741218138,129.42824059529394,122.67902081839813
350,0.21367692947387695,1.2460200786590576,12.574612335838381,10.087345021879276,129.41872717228597,122.8767270479554
351,0.21314001083374023,1.246978998184204,11.2396195811153,8.272388878896946,127.94342833447608,128.74084195871927
352,0.2152423858642578,1.2498676776885986,11.25728611068568,10.143285178733498,127.81348030150964,119.58556603193618
353,0.2131481170654297,1.247513771057129,11.048623314933327,10.113965235098023,126.67283491454637,122.32797372274051
354,0.21410202980041504,1.2526392936706543,11.368842972698943,13.25922355186211,126.08660823422319,117.14388753411414
355,0.24523210525512695,1.245481252670288,12.95033946752972,25.981822613485406,130.06633319177095,165.29803820582032
356,0.21386408805847168,1.250891923904419,12.764715586437918,9.777973990241488,130.46126043459378,121.60089943206944
357,0.21195292472839355,1.2441389560699463,11.849295879479218,11.497339623942176,126.34892036963848,123.32917650443542
358,0.21182465553283691,1.2533481121063232,12.15220641929017,13.003789357544633,126.3109487265826,119.52735600963709
359,0.21395421028137207,1.2505698204040527,12.295243044479198,10.815296993108426,126.23098641534975,121.87939770606968
360,0.22694802284240723,1.2468960285186768,12.462243530549246,11.757349882579732,126.30728050358009,123.6396679302588
361,0.23369193077087402,1.2537541389465332,14.08255455114894,24.475499084893897,127.8772401740438,144.44043866335647
362,0.21263742446899414,1.2514848709106445,14.22615304632522,11.579270130496312,128.31583742910658,123.97153858256414
363,0.21442818641662598,1.2459759712219238,14.039201743022096,8.244452202066793,127.92950186081771,118.46461803985159
364,0.2133500576019287,1.249459981918335,13.572890552431508,8.596111645956222,128.6064699158267,123.91356808420399
365,0.21430516242980957,1.2447178363800049,12.07511839330181,11.004101022188419,124.86112291092365,127.84456815679013
366,0.23461675643920898,1.2600882053375244,13.311436774245616,22.141157799679558,127.53000248114297,148.28969513426253
367,0.24998211860656738,1.251255750656128,13.187227538215495,10.255247263640943,127.40546670208941,122.08381871389984
368,0.22894954681396484,1.2530238628387451,12.748409257656636,8.615606551956072,127.71273469857049,122.60003597444788
369,0.2124159336090088,1.242685079574585,12.571746294211735,9.048667358659394,128.05574549696405,125.30950569000522
370,0.21106362342834473,1.2546181678771973,12.513787595120458,11.177762891666973,128.09697120679613,124.05192502857962
371,0.2119603157043457,1.2399208545684814,11.143857083908006,10.776193972769384,125.65304708586457,120.00119745404072
372,0.212799072265625,1.2468030452728271,11.161738122730537,11.75808051872161,124.86592196622045,116.10028738612306
373,0.21193671226501465,1.2508831024169922,11.195384203562684,8.580913010388258,125.25856090301878,122.39100740783499
374,0.2222123146057129,1.2535831928253174,12.383569231545087,20.477961925780253,128.82114940380555,159.53945309207137
375,0.24500060081481934,1.2459421157836914,16.589953679843166,53.067945505169234,132.27180127328728,162.35108685160765
376,0.2132282257080078,1.250317096710205,15.386678088720497,10.108401888452885,130.08146252156672,126.38630761705696
377,0.22606801986694336,1.2503330707550049,16.321953601849238,19.608002394928334,133.70119702741502,158.2811637723828
378,0.2138509750366211,1.2550041675567627,16.51340505033033,10.530121036766998,133.35868958774327,119.1749615777302
379,0.2134087085723877,1.2437117099761963,16.624955114265706,10.164167998013152,133.01735687193178,121.89617853189027
380,0.21388840675354004,1.2528738975524902,17.00871573228386,15.0153690718485,131.90848712239224,112.96322753318435
381,0.21322107315063477,1.2478997707366943,16.888451456969264,9.573551219623404,131.76350892482048,118.55141547832316
382,0.21410417556762695,1.236171007156372,16.895678007813917,11.830346027168122,131.8673654021011,117.1388521589292
383,0.21438837051391602,1.2513577938079834,17.032393552729307,9.948068459542178,131.83271364967965,122.04448988362057
384,0.20971369743347168,1.2394821643829346,16.259336095557572,12.747387354062901,127.912600544046,120.3383220357347
385,0.21877288818359375,1.2642359733581543,13.500969959746106,25.484284147054588,125.58026533947164,139.02773480586416
386,0.23765015602111816,1.249898910522461,15.029241419252855,25.391116483520378,127.16964003615325,142.2800545838732
387,0.2274022102355957,1.2442526817321777,15.044901892840546,19.76460713080525,125.51778226096062,141.76258602045647
388,0.21696972846984863,1.2393441200256348,14.817802052467929,8.259122633040818,125.83542595313622,122.3513984994861
389,0.21298646926879883,1.252027988433838,14.972636933096584,11.712516804299696,125.02284752332562,113.77039423378446
390,0.21441888809204102,1.251917839050293,15.568999814520463,20.978997886087313,125.90682083604295,121.80296066035754
391,0.23397541046142578,1.253957986831665,16.223466677607554,16.118219850494313,131.4235266705551,173.71847382344478
392,0.21895456314086914,1.2449302673339844,15.956826673231111,9.163945983403696,131.79904197569903,120.89400521036822
393,0.2131791114807129,1.2498691082000732,16.179000544247206,12.169807169703116,131.8308169093702,122.36223922033241
394,0.2115168571472168,1.2983276844024658,15.979952170930744,10.756903620898278,132.3083312335542,125.11346527757465
395,0.2186896800994873,1.2513267993927002,16.916896397759583,34.853726415342976,128.94636099678607,105.40803243818279
396,0.21456646919250488,1.2939460277557373,15.249379938040851,8.715951886333066,126.82091335512185,121.02557816723105
397,0.21158933639526367,1.2456614971160889,14.152468998724302,8.795497737639746,124.7457448886556,121.01090135579395
398,0.22018718719482422,1.249380111694336,14.39976317617751,10.732064407572889,124.44187511756039,119.31270078853407
399,0.21414518356323242,1.2534139156341553,14.376288689733837,11.477771939862961,124.92353797355459,118.5870227937264
400,0.21138525009155273,1.2494361400604248,13.185081904076048,9.066930029509445,125.02197569753059,122.78733790011769
401,0.21294379234313965,1.2554049491882324,12.628284268851546,10.55024349824929,119.63478810444505,119.84659789258912
402,0.21228790283203125,1.2501609325408936,12.64120434506841,9.293146745572328,120.08131861163243,125.35931028224209
403,0.22105622291564941,1.252277135848999,12.204400253960037,7.8017662586193754,119.15459269795583,113.09498008356651
404,0.2595388889312744,1.255591869354248,14.91920275979171,37.904928679215026,130.53259917427874,238.8935300408039
405,0.2267932891845703,1.2588329315185547,13.162336990982947,17.285068727255357,136.05071843188762,160.58922501427116
406,0.21816301345825195,1.2463696002960205,17.730083073973596,54.393412716239524,132.84041710138573,88.92256486221228
407,0.22775983810424805,1.2439460754394531,18.019571218984066,11.690379187744439,132.69523417692056,119.55907211114226
408,0.2145380973815918,1.2489030361175537,17.89207864022952,9.45713862002745,132.93309665610104,121.6913255803391
409,0.23979973793029785,1.2503809928894043,19.91026561352507,31.659641672818445,137.2847118267376,162.1031745000921
410,0.23342585563659668,1.2531511783599854,21.217519926584632,22.13947316010507,139.76848639245014,147.62508355724265
411,0.22812294960021973,1.2543249130249023,22.34249350629093,21.799979295312298,144.82169431931436,170.37867716123148
412,0.2177443504333496,1.2507200241088867,23.303197167789524,18.900183360558234,143.99007065573144,117.0430736464129
413,0.22589492797851562,1.2546920776367188,23.351517323856015,8.284967819284324,144.7988392938599,121.1826664648513
414,0.23232722282409668,1.254889965057373,21.111181697409894,15.501572414753795,137.49741804843683,165.87931758657305
415,0.25507688522338867,1.2415518760681152,22.167075052144217,27.84400227459857,136.8104736623711,153.71978115361384
416,0.2349836826324463,1.2494750022888184,18.927586873178264,21.998530926580003,141.14467485369934,132.26457677549453
417,0.21307635307312012,1.2493059635162354,18.561128616000225,8.025796615964065,141.36921262981446,121.80444987229353
418,0.215681791305542,1.2495992183685303,18.489856820827164,8.744420668296879,141.31866138245047,121.18581310669934
419,0.21522068977355957,1.2511539459228516,16.330347638763055,10.064549852177313,137.21876250659056,121.1041857414933
420,0.21450304985046387,1.2493772506713867,14.89814076933626,7.817404465837116,134.7352472052491,122.7899305438277
421,0.2120838165283203,1.3080592155456543,13.68273822065847,9.6459538085344,129.58148063139606,118.84101142270116
422,0.21345806121826172,1.249621868133545,12.541752744015051,7.49032859412403,130.02790601726912,121.5073275051437
423,0.21217894554138184,1.2300729751586914,12.73826471239749,10.250087503108716,130.2853317200261,123.75692349242098
424,0.2134411334991455,1.244960069656372,12.10911405413734,9.210065832152317,125.98860020642715,122.91200245058359
425,0.24609112739562988,1.244992971420288,11.34139912027054,20.166852935930546,126.2399693020916,156.23347211025816
426,0.24686884880065918,1.2508130073547363,11.394917747450453,22.533717198379133,124.61445364302219,116.00942018480063
427,0.22736692428588867,1.2469639778137207,12.72003070354307,21.27692617689024,127.41926442367958,149.85255767886713
428,0.21331238746643066,1.2512750625610352,12.83938567111598,9.937970344025974,127.58417662593597,122.83493512926304
429,0.21365714073181152,1.2546172142028809,12.6161014998033,7.831708139050534,127.7323379668308,122.58579915044167
430,0.2160651683807373,1.237159013748169,12.717619844871917,8.832587916523298,127.73168254286256,122.78337630414539
431,0.21366310119628906,1.2535643577575684,12.603088578935806,8.500641149173264,128.09076435429577,122.43182953703341
432,0.21509432792663574,1.2569589614868164,12.64010397406078,7.860482545373791,128.4377149871892,124.97683383407801
433,0.21244096755981445,1.2509889602661133,12.479893203778257,8.647979800283482,128.47232781582198,124.10305177874889
434,0.2132110595703125,1.2543683052062988,12.623537099548749,10.646504789857238,128.48529521057768,123.04167639814017
435,0.22255611419677734,1.2496223449707031,11.42001986446061,8.131680585049144,125.11568559545265,122.53737595900796
436,0.21239256858825684,1.2484371662139893,9.98302888605511,8.16380741432414,125.89897873093182,123.84235153959263
437,0.21425485610961914,1.251976490020752,8.714284654789413,8.589483864233273,123.10099492660376,121.87271963558649
438,0.23247027397155762,1.2552168369293213,9.528466112606484,18.07978492219666,127.54769290275837,167.30191489080906
439,0.21971583366394043,1.2544493675231934,10.917302716256048,21.720074175546173,128.7658594498961,134.76746462181893
440,0.21235084533691406,1.2487549781799316,10.941490368939508,9.074464443357925,128.6408459341189,121.53324114637334
441,0.21443819999694824,1.242344856262207,11.026122493759086,9.346962397369062,128.40984478861816,120.12181808202592
442,0.22618961334228516,1.2537131309509277,12.281770778926365,20.41696539704655,131.19186510379365,152.79703698583302
443,0.23444628715515137,1.2524781227111816,12.852760441281266,14.357876423832492,134.2297535173316,154.48193591412843
444,0.21392297744750977,1.2590696811676025,12.706724189264268,9.186142269687267,134.6605898034224,127.35003925904819
445,0.21816062927246094,1.2545039653778076,14.603208822095862,27.09652691336507,134.39996702613635,119.93114818614742
446,0.21453309059143066,1.244340181350708,14.748969514454501,9.621414337910538,134.08337003058517,120.67638158408091
447,0.21451067924499512,1.2521209716796875,14.736525522335972,8.465043943047998,134.07628379988302,121.80185732856484
448,0.21264958381652832,1.3030750751495361,14.038855008032465,11.1030797791616,129.35450965286483,120.08417342062745
449,0.2364518642425537,1.2413768768310547,14.437316731560951,25.70469141083101,135.32986844175122,194.52105251068267
450,0.21329736709594727,1.2419826984405518,14.374144975613614,8.44274688388456,135.33694455943322,121.60400232319321
451,0.21691608428955078,1.253758192062378,14.338874103506296,8.994253676295877,135.75900902719917,124.34246275968555
452,0.21427249908447266,1.2435550689697266,13.123248443984528,8.26070880182885,132.58879830054792,121.0949297193205
453,0.2141122817993164,1.2497761249542236,12.545245225840231,8.577844242389546,129.22541187710695,120.8480716797184
454,0.21185874938964844,1.2513041496276855,12.627246748880085,10.006157500085793,128.31634406576777,118.25936114565678
455,0.2227630615234375,1.2546720504760742,13.387893448229239,34.70299390685659,128.85809137685155,125.34862129698521
456,0.2209620475769043,1.2528672218322754,15.967705345473249,35.41953331035066,130.91316554372958,141.22712325286125
457,0.21353960037231445,1.256460189819336,16.024159056616057,9.029581054476095,130.98835805632086,122.55378245447771
458,0.2138841152191162,1.253469705581665,15.730900343998584,8.170492652986855,131.28378278614875,123.03842071890627
459,0.21264314651489258,1.248764991760254,14.005264801447506,8.448335985320215,124.0759001704567,122.44222635376224
460,0.21376967430114746,1.2543079853057861,14.094068823052723,9.330787099936732,123.81116578670608,118.95665848568692
461,0.212385892868042,1.254762887954712,14.497265932030583,13.026224766074495,123.16458728844172,117.87667777704192
462,0.21489810943603516,1.2540171146392822,14.44312851019826,7.719334583505631,123.03974720783029,119.84652891320601
463,0.21250438690185547,1.2514119148254395,14.468400729923882,8.83056643964575,123.08106018059372,121.26120140735296
464,0.22555088996887207,1.247701644897461,14.37726834004479,9.094833601294884,123.48935860116835,122.342345351403
465,0.21576404571533203,1.2499792575836182,11.686677022498353,7.79708073139221,123.45364276893592,124.99146297466083
466,0.2489159107208252,1.248464822769165,9.96275222667893,18.18028535215643,125.97784777355476,166.46917329904986
467,0.2122173309326172,1.2573730945587158,9.99304828799367,9.332541667623495,125.64843912915944,119.25969601052455
468,0.21309781074523926,1.2566590309143066,9.955186373349068,7.791873506540844,125.86321079007932,125.18613732810485
469,0.21343564987182617,1.2503173351287842,9.921580240726469,8.112274659094217,125.7473958209052,121.28407666202106
470,0.22988533973693848,1.2490167617797852,9.829274863062324,8.407733323295275,126.05507596320452,122.03345990867993
471,0.2154552936553955,1.2519090175628662,9.317354029405102,7.907016429502288,126.31293381835852,120.45525632858208
472,0.2121570110321045,1.2460119724273682,9.495031152689283,9.496105816347416,126.73260081801136,124.04319890973444
473,0.23416590690612793,1.249817132949829,11.331189927346031,27.192154186213262,131.41019413556654,168.0371345829046
474,0.21266889572143555,1.245676040649414,11.253942696607792,8.322361293912476,131.3476284391322,121.7166883870597
475,0.3049957752227783,1.2476599216461182,13.55824904727299,30.840144238044207,134.0811097072369,152.3262756557079
476,0.2247159481048584,1.2431552410125732,12.527188369602992,7.869678575456446,129.6810286117181,122.46836234386157
477,0.2134692668914795,1.250943899154663,12.461184020921957,8.672498180813141,130.1074683408961,123.52409330230502
478,0.24080181121826172,1.2528622150421143,15.624021114779277,39.42024444511402,135.49524911911425,179.06394511028606
479,0.21302390098571777,1.2392363548278809,15.71623823362668,9.034445847568263,135.51263429409485,121.45792841182703
480,0.2250511646270752,1.2380928993225098,15.768687504846962,8.932226035498134,135.59069173119178,122.81403427964952
481,0.23984289169311523,1.2462570667266846,15.791178724460531,8.131928625637926,135.8861371426479,123.4097104431431
482,0.21441864967346191,1.2549960613250732,15.767223026875735,9.256548840499448,135.54391170480676,120.62094453132346
483,0.21505284309387207,1.2545371055603027,13.884385093087829,8.36377484833422,131.09346994750166,123.53271700985333
484,0.21487092971801758,1.2475597858428955,13.859676020418245,8.075270567216654,130.99113201978005,120.69330910984347
485,0.21287298202514648,1.2611706256866455,11.742999335475396,9.673377388615716,128.08627343290593,123.27768978696658
486,0.23308587074279785,1.2585229873657227,12.542009487392171,15.859780094624174,133.94722783392942,181.07790635409643
487,0.21339774131774902,1.2533843517303467,12.518736717393878,8.439770480830239,133.93605369520031,123.41235191501409
488,0.21271824836730957,1.2542741298675537,9.509110790729599,9.32398517847123,128.13917098908868,121.09511804917007
489,0.21621346473693848,1.2501122951507568,10.605649244981283,19.999830390085087,128.16121989588757,121.67841747981578
490,0.21260666847229004,1.2474679946899414,10.532662896194507,8.202362547630386,128.3788977378285,124.99081269905875
491,0.2283172607421875,1.2477872371673584,13.225674554605172,35.062045209744554,128.1364619273878,120.98535233873596
492,0.23441863059997559,1.259488821029663,13.149870239451626,8.498505688964023,128.3981527730868,123.23785298831346
493,0.2172539234161377,1.247499942779541,13.095971097010008,7.824783423917996,128.24461884139765,121.99737769296176
494,0.22371792793273926,1.2435097694396973,14.147501528928041,18.590574886397018,130.24586941691354,140.7058148650027
495,0.2145068645477295,1.2576780319213867,14.000108518532375,8.199447284659032,130.20295462127444,122.84854183057527
496,0.2123699188232422,1.2509198188781738,13.301708815175243,8.875783061052873,124.47887834785922,123.83714361994436
497,0.25262022018432617,1.2559218406677246,13.38631231849127,9.285805513990505,124.44730466013934,123.09661503781544
498,0.21383213996887207,1.2612206935882568,13.409406609755067,9.554928091109195,124.5240885218894,121.86295666667043
499,0.23887920379638672,1.2500600814819336,13.688733544408871,22.79309973662312,127.71287621631764,153.56629442409826
500,0.2126154899597168,1.2478830814361572,13.851214626111604,9.82717336465775,127.23522817598885,120.2143322957706
501,0.21349024772644043,1.251206636428833,11.27410546649046,9.29095361353307,127.07599201176204,119.39299069646802
502,0.2130746841430664,1.260072946548462,12.789069616152151,23.648147185580957,122.9866482748791,82.34441561948415
503,0.2138681411743164,1.2478959560394287,12.868530975844488,8.619397020841333,123.05332644652745,122.66415940944529
504,0.22509050369262695,1.2472708225250244,12.885645425647889,18.761719384431057,124.45383886500349,154.7109390497631
505,0.22934842109680176,1.25665283203125,13.099264340674946,10.335636434929608,123.99080346492329,118.218187829773
506,0.21171879768371582,1.2469842433929443,13.138388116337136,9.267020817674759,123.77127570421374,121.641866012849
507,0.21528077125549316,1.259232997894287,12.949543614019268,7.397360490811823,123.72120180069665,122.59587600264474
508,0.21196532249450684,1.2522542476654053,12.89352860946892,8.99477804560572,123.70901550144183,121.74109367412242
509,0.2199392318725586,1.2481350898742676,11.574088366122764,9.598697303161561,120.86414948084186,125.11763421809843
510,0.21317672729492188,1.2553834915161133,11.496629329950864,9.05258300293874,121.24510393164783,124.02387680383008
511,0.21429061889648438,1.2510480880737305,11.352973454415961,7.854394858184045,121.56493761513525,122.59132753134233
512,0.2136974334716797,1.2496695518493652,9.891535185784628,9.033764499267637,125.76756704693337,124.37070993746542
513,0.2131636142730713,1.2520177364349365,9.756608486900763,7.270130032002676,125.89312083959926,123.91969733610395
514,0.21070075035095215,1.2491769790649414,8.776948547494431,8.965119990367768,122.60210491591222,121.80077981289264
515,0.2142467498779297,1.2552742958068848,8.624288270380658,8.809033663791851,123.12994530357768,123.49659170642784
516,0.21388864517211914,1.2540521621704102,8.523623851670033,8.260376630568503,123.2437594727927,122.78000770499918
517,0.2125401496887207,1.2552580833435059,8.787489384188689,10.036015815998377,123.22716326378222,122.42991391254017
518,0.2132408618927002,1.2530031204223633,8.796881616220661,9.088700365925447,123.36431351771928,123.11259621349282
519,0.21306228637695312,1.2500100135803223,8.699747966829698,8.627360809251927,123.11190099323358,122.5935089732414
520,0.23365426063537598,1.2458512783050537,8.744924819083613,9.504351525477894,122.77698877088444,120.67475458033874
521,0.21384406089782715,1.248270034790039,8.85739677392603,8.979114406608218,122.72517908700691,122.07323069256708
522,0.2319779396057129,1.254425048828125,8.762188304014265,8.081679800149978,122.5177427465173,122.2963465325693
523,0.21180200576782227,1.2534239292144775,9.197946507947755,11.627712071337603,122.42616480504428,123.0039179213736
524,0.21322274208068848,1.256303310394287,9.112049270131067,8.106147612200864,122.36252928764665,121.16442463891639
525,0.21109223365783691,1.2567839622497559,9.233718663780854,10.025727600289747,122.23258299837096,122.19712881367077
526,0.21310901641845703,1.26121187210083,9.525097889153539,11.17416888429533,122.04013890312645,120.85556675255417
527,0.21221399307250977,1.2559380531311035,9.389921345802893,8.684250382491932,122.12967914502417,123.32531633151748
528,0.21187973022460938,1.2435791492462158,9.30170160399568,8.20650294785331,121.97182885589493,121.53409332220025
529,0.2123103141784668,1.2571451663970947,9.29140181245264,8.524362893821515,121.88065990732389,121.68181948753119
530,0.22355127334594727,1.2530722618103027,9.344646427708039,10.036797678031887,121.95256215010336,121.39377700813336
531,0.23348355293273926,1.307859182357788,9.469838733173656,10.231037461264409,121.86367564934923,121.18436568502611
532,0.2115154266357422,1.2468204498291016,9.537538745730188,8.758679925715283,121.83075108390378,121.96710087811451
533,0.23994016647338867,1.261122703552246,11.219758968072322,28.449914294758926,128.24170265406104,187.11343362294633
534,0.2124168872833252,1.25496506690979,11.273835841210806,8.646916343585719,128.42104354270128,122.95783352531885
535,0.21222901344299316,1.2597308158874512,11.358492188847212,10.872291076653827,127.74266370490031,115.41333043566108
536,0.2121284008026123,1.249382734298706,11.210555447910412,9.694801474927328,128.07193055689643,124.14823527251524
537,0.21196293830871582,1.2568752765655518,11.372600107643505,10.304696979822834,127.84172785535677,121.02328931612105
538,0.2101728916168213,1.237980842590332,11.65707827314954,11.051284602913686,128.03642179264529,123.48103269508522
539,0.21130800247192383,1.237865924835205,11.694526315340292,8.898843315729026,128.09110686770978,122.22867023817616
540,0.21397972106933594,1.2506210803985596,11.60079703792902,9.099504903919167,128.03484179768958,120.83112630793121
541,0.2343289852142334,1.256601095199585,12.381443811503232,18.03750519700652,133.9638155510217,180.4741032183473
542,0.214569091796875,1.2526068687438965,12.347155192742983,8.415793738112804,134.1541066398433,123.87001176633052
543,0.21544790267944336,1.2603120803833008,11.780473446069497,22.783096828024046,128.601733935197,131.58970657648354
544,0.2215099334716797,1.2563269138336182,13.526504443766177,26.10722632055254,130.79750973108784,144.91559148422732
545,0.24716758728027344,1.2588469982147217,14.499318573642586,20.600432375417913,133.74342996451458,144.87253276992826
546,0.214036226272583,1.2570366859436035,14.425084843588632,8.952464174387792,133.6967254408617,123.68119003598645
547,0.21323204040527344,1.252713680267334,14.242903090592538,8.482879449861882,133.8154069050722,122.21010395822596
548,0.21035099029541016,1.2547171115875244,14.239223257274755,11.014486269735878,132.63290194139523,111.65598305831537
549,0.22649478912353516,1.2500276565551758,15.309080418554348,19.597414928524948,136.17877852515306,157.6874360757548
550,0.21111130714416504,1.2500543594360352,15.465163740375209,10.660338122127763,136.3066770782377,122.11011183877751
551,0.21167874336242676,1.3015391826629639,14.510182423273786,8.487692025992288,130.44328832773428,121.84021571331319
552,0.2207040786743164,1.2536020278930664,14.568513071471795,8.999100220092906,130.27710533169886,122.20818180597618
553,0.2108170986175537,1.2549378871917725,13.241954542744859,9.517511540754658,129.63988548565982,125.21750811609306
554,0.21157431602478027,1.255995750427246,11.578937051311625,9.477051406220223,127.61103878293875,124.62712445701658
555,0.2122328281402588,1.258955955505371,10.312744486312479,7.938506725426452,125.4049282129881,122.81142707042196
556,0.21152067184448242,1.2589409351348877,10.43811926811926,10.206211992455604,125.24657593632631,122.09766726936846
557,0.21142101287841797,1.2574918270111084,10.469121679121761,8.79290355988688,125.24104242460592,122.15476884102205
558,0.21085715293884277,1.317215919494629,10.448372365770522,10.806993136223497,126.96805497514222,128.92610856367838
559,0.21210384368896484,1.2500808238983154,9.401635980519165,9.13005107601138,123.46396239440426,122.64651026837532
560,0.21096205711364746,1.2545874118804932,9.199277737033132,8.636755687267407,123.38242236204913,121.29471151522596
561,0.2106468677520752,1.247960090637207,9.4764267007127,11.259181662788,123.17622172135248,119.77820930634685
562,0.21320462226867676,1.2553017139434814,9.513805432696586,9.372887539931755,123.29776413647728,123.4236059572242
563,0.21107053756713867,1.2530646324157715,9.504364934028857,9.423106554077368,122.9246497286525,121.48636403784533
564,0.21246814727783203,1.2565228939056396,9.420141329343995,8.63481535937162,122.6813074593226,122.19370176371736
565,0.2096250057220459,1.2433810234069824,9.66203649301508,10.357458362137294,122.09490949840058,116.94744746120188
566,0.2103869915008545,1.2583816051483154,9.52482959046811,8.834142966985894,121.92467254680045,120.39529775336719
567,0.2115917205810547,1.2530839443206787,9.842863205327692,11.973239708482708,121.65893767925982,119.49742016561584
568,0.2114121913909912,1.251621961593628,9.830444209007121,10.682803173017788,120.77499670950832,120.086698866163
569,0.21156001091003418,1.2565648555755615,9.872679192227618,9.552400908216352,120.89054510173807,123.80199419067328
570,0.2302231788635254,1.254223108291626,10.640607877197638,16.316042536967604,126.13434079901148,173.73266848796004
571,0.2112891674041748,1.2550914287567139,10.494367627195734,9.796779162768964,126.65345633491845,124.96936466541645
572,0.2094411849975586,1.2525317668914795,10.564669174516293,10.075903013137353,126.39193894346359,120.80843204267552
573,0.2105090618133545,1.256875991821289,10.517259574447538,8.949010553389792,126.16150509594888,119.1820255626983
574,0.2095029354095459,1.2576079368591309,10.623658392161323,9.69880353650948,126.08586110873644,121.43726189159281
575,0.21265196800231934,1.252777099609375,10.56361137759331,9.756988216457167,126.79472259358838,124.03606230972156
576,0.23086309432983398,1.257178783416748,11.488606401618153,18.08409320723434,130.71584818330632,159.60655365054646
577,0.20895862579345703,1.2445414066314697,11.574500253337238,12.832178225673543,130.8027576628436,120.3665149609885
578,0.24314570426940918,1.246845006942749,12.052531679536262,15.463117435008032,135.3047244377719,165.1063666154461
579,0.2135777473449707,1.2558612823486328,12.11329259680608,10.16001008091451,135.22769807239783,123.03173053693251
580,0.22347021102905273,1.2541229724884033,11.464254741037752,9.82566397928436,129.96151204917703,121.07080825575198
581,0.20942091941833496,1.2649741172790527,11.382791923970448,8.982150992095908,129.79932323490522,123.34747652269874
582,0.20956683158874512,1.300248622894287,11.299200223939135,9.239986012824208,129.7350159836514,120.16535953013712
583,0.20952868461608887,1.255350112915039,11.304977563241064,9.006783946409085,129.77236486858413,119.55551441202559
584,0.23344635963439941,1.2452547550201416,12.683242707270281,23.48145497680165,134.71008706622578,170.81448386800946
585,0.2352297306060791,1.2483363151550293,13.40184487150332,16.94300985878757,134.84794729651776,125.41466461264108
586,0.22618985176086426,1.2524380683898926,14.006574451465402,24.13138900685516,131.2041174994045,123.16825567941422
587,0.2102518081665039,1.2496871948242188,14.63485043728269,19.11493808384642,131.6732501817249,125.05784178419232
588,0.21055388450622559,1.2545621395111084,14.187853394495866,10.99314700713978,126.98852635136568,118.25912831185386
589,0.21540045738220215,1.2463431358337402,14.125969373158423,9.541169867540104,126.69457088271838,120.0921758504595
590,0.22113275527954102,1.2593255043029785,14.112240244749831,9.688372695198405,127.09755339496807,125.10063337824903
591,0.2113034725189209,1.248896837234497,14.28847141808813,10.744462725478929,126.93443726833247,121.7163152563426
592,0.23450946807861328,1.2608861923217773,16.001956531630245,26.374837148245348,134.10421789230057,191.86316576981818
593,0.2262592315673828,1.258270025253296,16.814640229758812,17.13362092769473,138.7082513900504,165.59584938952358
594,0.23165512084960938,1.240034818649292,15.99262867193995,15.261339398613075,139.8007563548755,181.7395335162603
595,0.2564210891723633,1.2531704902648926,16.6668177941934,23.68490108132203,143.7643846460468,165.05094752435434
596,0.2113173007965088,1.2469520568847656,15.336347413078348,10.82668519570467,143.86224253179415,124.14683453688784
597,0.21326828002929688,1.256915807723999,14.468081055695933,10.43227451002225,143.5917618370061,122.35303483631148
598,0.21161818504333496,1.246903896331787,14.282784983947518,9.140186289655677,143.9009386326095,121.35089626788783
599,0.2110133171081543,1.2530698776245117,14.29166427435462,9.629962771611083,144.10380164484997,122.12080597286447
600,0.2107999324798584,1.251561164855957,14.240282106775283,9.174551019405055,143.5348230581847,119.41084751159684
601,0.20850563049316406,1.2484478950500488,15.206671006130975,20.408351719035835,143.5398244787769,121.76632946226381
602,0.213958740234375,1.255176305770874,13.526437749154374,9.572504578479345,136.39225709050368,120.387491887086
603,0.21156692504882812,1.2513298988342285,12.802631999754192,9.895563433692885,131.99570139931157,121.63029247760267
604,0.23345041275024414,1.2542643547058105,12.080100736982354,8.036026770894715,125.82367724879683,120.01929201111302
605,0.22834396362304688,1.2520954608917236,10.510241821741241,7.986311928910876,121.48728563912951,121.68703142768125
606,0.22304821014404297,1.251591682434082,12.571275731028672,31.437024288579003,122.22762467351954,131.55022488078822
607,0.21117377281188965,1.254526138305664,12.48136612428365,9.533178442572016,122.16349300329819,121.71171813409768
608,0.20960211753845215,1.24412202835083,12.587306915345685,10.199594200276028,122.46554542402343,124.37142047514047
609,0.20840787887573242,1.2524957656860352,12.631602365026488,10.072917268419127,122.25398019367837,120.00515366941379
610,0.2512688636779785,1.2541582584381104,13.614655752708568,19.005084896225846,126.67223054966624,163.59335107147538
611,0.21124744415283203,1.2543342113494873,12.4002531301029,8.26432549297914,126.54034551217151,120.44747908731674
612,0.2276308536529541,1.3024907112121582,13.054766352902211,16.1176368064725,127.94591670550241,134.44320382039524
613,0.21469378471374512,1.2542803287506104,12.834382368763041,7.691723592301162,127.82524860120665,120.42361143464504
614,0.21382594108581543,1.2599780559539795,12.850790843806195,8.200111521326248,128.5500075096052,127.26688109509823
615,0.23380398750305176,1.2523748874664307,13.358430157892474,13.062705069773664,134.0782801734951,176.96975806658037
616,0.2111365795135498,1.2506070137023926,10.997683548677086,7.829558196425137,133.07759458545138,121.54336900035082
617,0.21429872512817383,1.251035213470459,10.83370388075783,7.8933817633794385,133.21995603771498,123.135332656734
618,0.21278643608093262,1.2572581768035889,10.73246995200456,9.18725491274336,132.838047759716,120.55233769515053
619,0.22696399688720703,1.2487094402313232,11.657252120411792,19.320738952491425,138.21390240637828,173.76370013603642
620,0.21287322044372559,1.2508642673492432,10.693975073629641,9.37231442840434,133.89451339085184,120.39946091621113
621,0.21413254737854004,1.2546191215515137,10.74701019919292,8.79467674861192,133.67867617807974,118.28910695959544
622,0.21049141883850098,1.243438959121704,10.582658285724396,14.47411767178725,130.74488178920097,105.10525993160743
623,0.24755620956420898,1.2586421966552734,11.769342143045298,19.5585621655102,135.3541567615554,166.51636115818962
624,0.21323823928833008,1.243082046508789,11.795304065079588,8.459730741669148,134.76556185693292,121.38093204887326
625,0.211273193359375,1.2505090236663818,11.340115832691973,8.510822745897515,129.12151064401658,120.52924593741696
626,0.21314001083374023,1.2622339725494385,11.361829838398172,8.046698253487119,129.10928695743888,121.42113213457405
627,0.21232390403747559,1.263456106185913,11.524152999302736,9.516613372425075,128.72873236248282,119.32978670717335
628,0.21132755279541016,1.2525911331176758,11.34405295340206,7.386254453736625,128.8274459820783,121.53947389110542
629,0.21174025535583496,1.2561724185943604,10.23411744597744,8.221383878245204,123.76978947085433,123.18713502379656
630,0.21411705017089844,1.2575948238372803,10.081448265964072,7.845622628270656,123.94808861892395,122.1824523969073
631,0.21044230461120605,1.2583329677581787,10.09092844558715,8.889478544842698,124.31478072584189,121.95602802877478
632,0.211334228515625,1.2592039108276367,9.738232255768668,10.947155773602427,124.96675741940703,111.62502686725897
633,0.24477219581604004,1.2460989952087402,10.276271305974726,24.938952667570796,126.64310581452314,183.27984510935056
634,0.23456597328186035,1.2530341148376465,10.7624099938618,13.321117620539889,130.9329678358125,164.27955226176698
635,0.25460147857666016,1.267927885055542,10.794918663322182,8.835909440501336,131.0493955428833,121.69352300812479
636,0.21181082725524902,1.248906135559082,10.743553539632106,7.533047016586366,131.04663622505035,121.39353895624468
637,0.2115345001220703,1.255232810974121,10.73607748726572,9.441852848761187,130.92223176725898,118.08574212925993
638,0.213043212890625,1.2531640529632568,10.814355505417863,8.16903463525807,130.94156839342622,121.73284015277801
639,0.2113959789276123,1.2569828033447266,10.922719279873041,9.305021622796993,130.59865549501376,119.7580060396716
640,0.21898174285888672,1.3012888431549072,10.905320050097805,7.671630330518305,130.65485058214864,122.74440326825595
641,0.20932602882385254,1.2444181442260742,10.735913415925856,7.1954122031231975,130.65993423400556,122.00686454734395
642,0.21184754371643066,1.249847173690796,10.421875041005721,7.8067720244010665,131.48312578408724,119.85694236807598
643,0.21407485008239746,1.2585904598236084,8.746606628854051,8.186268546054094,125.19648655942774,120.41345286275558
644,0.2114582061767578,1.245603084564209,8.344974385372304,9.304795185722416,121.27063044390181,125.0209911065077
645,0.2110137939453125,1.2602648735046387,8.38307001008106,9.216865687588912,120.5590335400666,114.57755396977271
646,0.21290993690490723,1.2561359405517578,8.354499935062766,7.247346266403428,120.5944474505533,121.74767806111166
647,0.21310114860534668,1.2558698654174805,8.28805731649829,8.777426663116417,120.82506620680881,120.3919296918149
648,0.21105504035949707,1.2583329677581787,8.619007808074823,11.478539551023392,121.43541261612594,127.83630424594944
649,0.21305584907531738,1.256913423538208,8.488690925565468,8.00185279770345,121.60454427454374,121.44932262384958
650,0.23260021209716797,1.2575747966766357,8.832395926684345,11.108680341707066,121.11366941066572,117.8356546294755
651,0.20967960357666016,1.255713939666748,9.469827532763397,13.56972826391372,120.86017382383423,119.4719086790292
652,0.22655606269836426,1.2481181621551514,9.674790032073568,9.856397017502784,120.67137008991452,117.96890502887898
653,0.2089536190032959,1.2458701133728027,10.216144707522144,13.599815300539852,119.60160573021635,109.71580926577388
654,0.22655773162841797,1.2526531219482422,11.064968451495485,17.793032625455808,123.75187704792968,166.52370428364094
655,0.22727203369140625,1.2532308101654053,11.635750972668813,14.924690899322217,126.39699065299097,141.02869002038554
656,0.21352291107177734,1.2623019218444824,11.765420373214093,8.544040271856222,126.39734079489901,121.75117948019208
657,0.21161389350891113,1.2555959224700928,11.897720768072421,10.100430611699723,126.97041761713783,126.12269791420321
658,0.21197986602783203,1.2554891109466553,11.625553678968362,8.75686865998279,126.42298141273758,122.36194220194693
659,0.21345877647399902,1.256080150604248,11.6613671856421,8.359987864440814,126.47116391145505,121.93114761102429
660,0.21228575706481934,1.2654709815979004,11.369495703516119,8.189965520447256,126.91836301927165,122.3076457076413
661,0.21198821067810059,1.2549388408660889,11.072158661732269,10.596357846075227,126.74292084641961,117.71748695050886
662,0.20795845985412598,1.251833200454712,11.38685683574701,13.003378757650198,127.07861195645496,121.32581612923234
663,0.21367788314819336,1.2493739128112793,10.866675093266396,8.397997875733711,128.46377398776949,123.56742957891927
664,0.2121412754058838,1.2534058094024658,9.969585950779406,8.822141200585893,123.96964729719457,121.58243737789189
665,0.21535682678222656,1.2569732666015625,9.250946915262974,7.738300544157891,122.11083887752152,122.44060582365489
666,0.25829100608825684,1.2446022033691406,10.327752267968648,19.312093798912986,126.2129805545811,162.77259625078807
667,0.20988249778747559,1.2601568698883057,10.153489768263459,8.35780561464782,125.59164536904882,119.90934605888032
668,0.21373701095581055,1.3199548721313477,10.120781121298743,8.42978219033563,125.59760447217805,122.42153323323927
669,0.21012592315673828,1.251028299331665,10.228627370605741,9.438450357510806,125.5616461841269,121.5715647305129
670,0.21140813827514648,1.2525908946990967,10.389519822589971,9.798890040289571,125.80266505484569,124.71783441482931
671,0.2099151611328125,1.2546110153198242,10.585736583181774,12.558525451993232,126.54987007668892,125.1895371689412
672,0.20784974098205566,1.2536466121673584,10.31623544910524,10.308367416884856,125.92919330598696,115.11904842221256
673,0.24840497970581055,1.2441189289093018,11.384487807460834,19.08052145928966,129.2797221599849,157.07271811889865
674,0.21131443977355957,1.2568819522857666,11.426550137588809,9.24276450186564,129.3528378782824,122.31359456086678
675,0.2082829475402832,1.2553372383117676,11.694142986826604,10.414229036535849,129.21638341726504,121.07606121348152
676,0.2107861042022705,1.2604668140411377,10.863847713908283,11.009141069729782,122.36847519147985,94.29351399293597
677,0.2103281021118164,1.2495722770690918,10.972366966111585,9.442998136680822,122.87302667141125,124.95486085819442
678,0.2105724811553955,1.2535400390625,11.037895058064239,9.085063109862162,122.64954478883597,120.18671440748642
679,0.22597646713256836,1.2580580711364746,11.924784484767262,18.307344624541045,123.34339229660392,128.51003980819254
680,0.2111520767211914,1.251556158065796,12.02315832035949,10.782628396211859,122.94350372290607,120.71894867785099
681,0.22586989402770996,1.2445487976074219,11.927666824750663,11.603610495904944,122.72603063961485,123.0148063360287
682,0.2080526351928711,1.2505841255187988,12.152397652565877,12.55567569503701,123.08984862541047,118.7572282801687
683,0.21086835861206055,1.2571046352386475,11.027666754570008,7.833212479330964,119.53570311683777,121.53126303317168
684,0.21043872833251953,1.2599120140075684,10.919099942033307,8.157096376498622,119.54101284361373,122.36669182862617
685,0.2115318775177002,1.2516412734985352,10.725994319268143,8.483172808884213,119.33183422547158,118.9842750320601
686,0.23409724235534668,1.2542662620544434,11.027456524730376,14.02376312435213,122.58462757878729,126.82144752609304
687,0.21121811866760254,1.252324104309082,10.862634942294656,7.794782312323617,122.24484705719479,121.55705564226938
688,0.2521650791168213,1.2569758892059326,11.488374556627537,15.342459253190947,128.42980095867645,182.03625342230325
689,0.2138371467590332,1.255162000656128,10.642381699707444,9.84741605534013,127.7574272780892,121.78630300231994
690,0.21149730682373047,1.253018856048584,10.572781662545001,10.086628024587437,127.76331373871358,120.77781328409486
691,0.2117760181427002,1.2597990036010742,11.032013304027103,16.195926910725937,124.08741909588593,86.25585990775205
692,0.20972681045532227,1.256551742553711,11.012720397452522,12.362746629291223,124.22161809616054,120.09921828291502
693,0.20914745330810547,1.2593200206756592,11.397695544409803,11.682963948903755,124.2780273604734,122.09535567630027
694,0.20921707153320312,1.2529864311218262,11.35763589425748,7.756499874975402,124.34009180485683,122.98733627246047
695,0.21188688278198242,1.2546181678771973,11.34459489250612,8.352762791370612,124.79325894646009,123.51594644809268
696,0.272080659866333,1.248568058013916,10.865791134260125,9.235725541892172,124.19958686341401,120.88472669563222
697,0.2394263744354248,1.251673936843872,12.237457043815999,21.511441407882366,129.1066196773324,170.62738378145343
698,0.21123480796813965,1.2592458724975586,11.53476848566738,8.315573671704762,122.91485191163558,120.11857576533505
699,0.20831871032714844,1.2459495067596436,11.675871213033087,11.258443328997204,122.71229075809909,119.76069146695471
700,0.2126328945159912,1.2404561042785645,11.442984360442761,7.757759498684166,122.93961246806069,123.05103038371088
701,0.2080695629119873,1.2607619762420654,11.2089408897425,13.855492203723344,127.00465565842111,126.90629181135643
702,0.21113300323486328,1.2586791515350342,10.836529277298903,8.638630504855245,127.11023275591886,121.15498925789237
703,0.20920395851135254,1.2521071434020996,10.514926448619681,8.466935662111533,127.22946484150597,123.28767653217163
704,0.21130084991455078,1.2553472518920898,10.599962895264794,8.606864341426526,127.06035590863166,121.29624694371729
705,0.21281695365905762,1.2456068992614746,10.707519937807074,9.42833321679342,126.62604466635052,119.17283402528108
706,0.21178412437438965,1.2562811374664307,10.785524592196454,10.015772085785967,126.73020186850336,121.92629871716052
707,0.20911812782287598,1.2549519538879395,9.437671025761082,8.032905743528648,121.53128998301356,118.63826492655566
708,0.20964431762695312,1.2526278495788574,9.434809619317882,8.286959607272765,121.74142608469688,122.2199367821682
709,0.20845389366149902,1.2561640739440918,9.213393347431847,9.044280610136855,122.0882062764928,123.22849338491388
710,0.2111351490020752,1.256208896636963,9.49152962708199,10.539122295185596,121.38738755320628,116.0428431508459
711,0.2109682559967041,1.2548949718475342,8.88424065725618,7.782602505465235,120.79162428621673,120.94865914146092
712,0.21244072914123535,1.2550098896026611,8.885098350804931,8.647207440342763,120.88872353730228,122.1259817687479
713,0.23647832870483398,1.252253532409668,10.216321965374458,21.779171807806787,122.11791444729026,135.57958563205145
714,0.2119898796081543,1.259460210800171,10.332821794556121,9.771862633243192,122.20704750850264,122.18757755584082
715,0.23413443565368652,1.2583141326904297,11.163906443020213,17.739179701434335,126.32957843930633,160.39814333331802
716,0.22736120223999023,1.24165678024292,11.858144940777382,16.95815706335764,130.13722303512114,160.0027446753085
717,0.20819807052612305,1.2561218738555908,12.104382203729388,10.495278373048688,130.43528534905312,121.6188880658753
718,0.2110898494720459,1.3191492557525635,12.120429332865447,8.447430898633378,130.3161294354637,121.02837764627434
719,0.21183156967163086,1.2497642040252686,12.048217848829456,8.322165769776959,130.08340910301322,120.90129006040918
720,0.21143841743469238,1.2472178936004639,11.779941213217214,7.856355939063167,130.5412330687753,120.62108280846694
721,0.2321794033050537,1.2483949661254883,12.875532628890358,18.738516662196652,134.2960420544463,158.49674899817046
722,0.21169400215148926,1.2511978149414062,12.815824792500342,8.05012907644264,134.2406798633412,121.57235985769722
723,0.21035385131835938,1.3038301467895508,11.467106433194058,8.291988214743945,132.82865396298502,121.4593266284894
724,0.22339773178100586,1.2541313171386719,11.29344321606391,8.035230461941703,132.64116744696804,120.3127123956712
725,0.21078920364379883,1.2600231170654297,10.485072630567185,9.65547384646706,128.7721155129753,121.70762399339014
726,0.2214210033416748,1.2409377098083496,10.561283048191333,17.72026123959915,125.06157937077178,122.8973832532736
727,0.21914100646972656,1.244861125946045,11.23167245770737,17.199172468209035,124.76672423204323,118.67033667858985
728,0.23143768310546875,1.2502782344818115,11.393680676119804,10.067513082757692,124.96313372049083,122.99247253075028
729,0.2103109359741211,1.2570271492004395,11.723003647132824,11.6153954799072,125.6028970929278,127.29892378477896
730,0.21236515045166016,1.2463839054107666,11.78226537117959,8.448973179530842,125.75001854343482,122.09229731353705
731,0.21187710762023926,1.26475191116333,10.694692086070082,7.862783811101565,122.03615330535906,121.35809661741284
732,0.2120962142944336,1.247406244277954,10.739731458496102,8.500522800702822,122.1941819585359,123.15264638946572
733,0.24497699737548828,1.2605376243591309,11.10747854909833,11.969459120766231,122.96496177024616,129.16712474559205
734,0.21113872528076172,1.2491447925567627,11.181053597187804,8.77098094283645,122.80455179988186,118.7086126920283
735,0.2116837501525879,1.2479157447814941,11.11942594522475,9.039197326836513,122.93277048737575,122.98981086832895
736,0.2100217342376709,1.254744052886963,10.927304571942091,15.799047506772556,122.78066549732439,121.37633335276001
737,0.21061205863952637,1.242950677871704,10.096214137453932,8.888268123327467,123.21843821564553,123.04806386180113
738,0.21108078956604004,1.2600572109222412,9.998905003021,9.094421738428355,123.0071964592225,120.88005496652008
739,0.23085880279541016,1.2528526782989502,10.724065546367205,18.86700091336926,124.65163471148944,143.74330630744845
740,0.2219231128692627,1.2600460052490234,11.42918416377032,15.500159353561987,124.25169583399524,118.092908538595
741,0.21123790740966797,1.263124942779541,11.490113717636083,8.472079349759204,124.3871360075473,122.71249835293308
742,0.21098804473876953,1.2581002712249756,11.601124757301806,9.610633197360036,124.10151460106196,120.2964323246126
743,0.20839691162109375,1.2529237270355225,11.950130571010252,15.459517257850706,122.20773764835349,110.22935521850718
744,0.23609423637390137,1.2608411312103271,14.307487154311005,32.34454677584395,129.3209960016469,189.84119622496263
745,0.21117234230041504,1.2609326839447021,14.578744967951874,11.75177546324523,129.9500608860041,129.28045971190124
746,0.2122335433959961,1.2517352104187012,13.801111377267238,8.022711599926204,130.12921457306598,123.16787022337842
747,0.20895910263061523,1.2511439323425293,14.055422809170912,11.431382442364196,129.45986263100016,116.35454444114296
748,0.20838212966918945,1.2530889511108398,14.514415093299405,13.684344579713276,128.03930494024289,106.67447805894741
749,0.21262311935424805,1.253127098083496,13.561639252868034,9.339242509055545,125.54304480040992,118.78070490911874
750,0.21050691604614258,1.2932400703430176,12.885123265467731,8.734999479558969,125.79958380996034,120.65829863409925
751,0.20774245262145996,1.2502729892730713,12.98934421669083,9.514288861990169,125.79875365682082,122.70419682153776
752,0.21251487731933594,1.2515544891357422,12.936953970732443,9.08673073777619,125.87233087565703,121.0322045129746
753,0.21275877952575684,1.2472200393676758,12.128899510570605,7.3789726562323,127.20197278770829,123.52577433901978
754,0.2122802734375,1.2582330703735352,9.743293351690768,8.488485187045608,120.59529027567848,123.7743711046647
755,0.2104816436767578,1.2467119693756104,9.437775205657813,8.696594002915676,119.93836284821286,122.71118543724509
756,0.21030712127685547,1.2552680969238281,9.743456391635585,11.079523459703918,119.50070303443931,118.7912720856427
757,0.23201513290405273,1.2490601539611816,9.643192521216067,10.428743738169018,120.2013545297306,123.36105939405597
758,0.23070573806762695,1.2519960403442383,9.98354792915001,17.087898659052705,126.45572328001239,169.2181655617652
759,0.20946955680847168,1.2516920566558838,9.950620630519122,9.009969522746657,126.7346638529106,121.57011063810094
760,0.2086799144744873,1.261915922164917,10.240853138068168,11.637324555049444,126.8608861286589,121.92052139158227
761,0.23841142654418945,1.2545061111450195,11.083225353674832,17.93801101805681,131.10848648125307,165.18020034747957
762,0.20892691612243652,1.2546470165252686,11.112001498784146,9.374492188869326,131.6574748430846,126.5220881312899
763,0.2091209888458252,1.2559847831726074,11.224788130981674,8.506838978207574,131.5777573236223,122.72859914439695
764,0.21126151084899902,1.2546451091766357,11.14021794220156,7.642783299244467,131.4454213660146,122.45101152858777
765,0.23765277862548828,1.2586908340454102,12.18269898690281,19.121404449928196,131.93738699204326,127.63084169753117
766,0.21004533767700195,1.2494888305664062,12.021766597322372,9.470199563899538,132.172804452419,121.14544668940022
767,0.21059632301330566,1.2533669471740723,11.968503555392974,9.896113318875019,132.06208662063221,122.25388107618815
768,0.21151971817016602,1.2540690898895264,11.069414604550161,8.09700915062458,127.4456759574986,123.0540589304289
769,0.22928547859191895,1.2540771961212158,11.941956638209465,17.735389859339673,128.1634631505822,128.74798256893703
770,0.2125391960144043,1.2481746673583984,11.57669296315173,7.984687804472115,128.5437396421656,125.72328630741633
771,0.2270219326019287,1.2482471466064453,11.413000703025899,16.30108841679849,128.10782401111436,160.821044036967
772,0.21949076652526855,1.2533438205718994,11.383154718187805,9.076032340488403,127.20362386008469,117.48008662099355
773,0.21100211143493652,1.2639048099517822,11.327912435133603,7.9544161476655395,127.03976619726953,121.09002251624517
774,0.21153759956359863,1.2501418590545654,11.357505056924948,7.938709517157926,127.14117759912767,123.46512554716892
775,0.21240592002868652,1.263517141342163,10.27372544910146,8.283608371693319,126.64774918773674,122.69655758362202
776,0.21069979667663574,1.2630329132080078,10.087479460958054,7.607739682465477,126.6806393330422,121.47434814245472
777,0.20927095413208008,1.2487711906433105,10.01175731647579,9.138891874052376,126.58252619825123,121.2727497282786
778,0.2101273536682129,1.304434061050415,10.110961473593333,9.089050721800005,126.33363739897496,120.56517093766612
779,0.2084214687347412,1.252265214920044,9.293457407826093,9.56034920166728,125.20360243475889,117.44763292677624
780,0.21056580543518066,1.252089023590088,9.329967191115815,8.349785637369326,124.79965090925609,121.68377105238838
781,0.23560667037963867,1.249920129776001,8.922346868421794,12.224885189858279,126.6766852763423,179.59138770782923
782,0.21141886711120605,1.2536499500274658,8.906932122850787,8.921884884778322,127.2208276309653,122.92151016722367
783,0.20976543426513672,1.243501901626587,8.976305475318417,8.648149672341866,127.47997591065389,123.6815053131308
784,0.20913076400756836,1.2471349239349365,9.032808394444041,8.50373870841414,127.3367320724581,122.03268716521143
785,0.2095186710357666,1.2567329406738281,9.565482227973943,13.610346706992365,128.10352422428417,130.3644791018827
786,0.2112722396850586,1.2621030807495117,9.595224920866954,7.9051666113955825,128.16210637126272,122.06016961224023
787,0.20881199836730957,1.2444891929626465,9.627003984762014,9.45668251300296,128.28947548842413,122.54644089989263
788,0.20730280876159668,1.258246660232544,9.953734228230516,12.356353156485039,128.00386431886085,117.7090592420333
789,0.234971284866333,1.2526130676269531,10.403350076908911,14.056507688451223,132.72737124276097,164.68270216577724
790,0.2089238166809082,1.2540881633758545,10.4656671122286,8.972955990566216,132.59613723328783,120.37143095765687
791,0.20985198020935059,1.2532880306243896,10.07146282034335,8.282842271005782,126.82132862650174,121.84330163996837
792,0.20862436294555664,1.2482717037200928,10.21150688890543,10.32232557039913,126.83107694722821,123.01899337448847
793,0.20950078964233398,1.252364158630371,10.35329227577598,10.066003541047355,126.7746716424087,123.11745226493586
794,0.208709716796875,1.2556419372558594,10.46358341298969,9.606650080551248,126.31522517653283,117.43822250645277
795,0.20998716354370117,1.2485270500183105,9.982952563924453,8.804038216339984,125.702060891871,124.23283625526408
796,0.21106362342834473,1.2574901580810547,10.034539101987276,8.421031992023813,125.35114005382616,118.55096123179196
797,0.20866608619689941,1.2532987594604492,9.903409817903032,8.145389672160533,125.15531931664029,120.58823352803394
798,0.20937347412109375,1.2556331157684326,9.532950241365542,8.651757391110129,125.66006106099773,122.7564766856078
799,0.20975661277770996,1.2574951648712158,9.070965024012342,9.436655514919236,121.25635244665459,120.64561602234582
800,0.2075040340423584,1.259263038635254,9.155908618030365,9.822391930746438,121.26857288828396,120.49363537395064
801,0.20919227600097656,1.2475359439849854,9.070985184053713,7.433607931239271,121.26031838517136,121.76075660884221
802,0.20901918411254883,1.2609403133392334,9.079822136140653,10.410695091268526,120.79637771197369,118.37958664251191
803,0.20915889739990234,1.2471158504486084,8.911415810834171,8.381940287982548,120.49114344196946,120.06510956489336
804,0.2106003761291504,1.245847463607788,8.821249825464065,8.704990226850168,120.82925075736571,120.8192956604152
805,0.2536754608154297,1.252587080001831,10.063085071946713,21.22239068116648,131.90858265564037,235.02615523801074
806,0.20952892303466797,1.2546184062957764,10.14818134953586,9.271994767915288,132.28550031761284,122.32013785151673
807,0.21133637428283691,1.2553181648254395,10.31893300026971,9.85290617949901,132.24075568984648,120.14078725037028
808,0.20908594131469727,1.3067646026611328,10.359047399726922,9.052901385682267,132.06105507872527,120.95947057439588
809,0.20933103561401367,1.2528917789459229,10.46373662493924,10.483547767042404,132.13281301993214,121.36319543441407
810,0.21019387245178223,1.2539868354797363,10.454701974576937,9.732045427123396,132.2403029000051,121.5685341746804
811,0.2092607021331787,1.2516388893127441,10.700300626923827,9.889594454708172,131.81459020378182,117.50362964660947
812,0.20910120010375977,1.2546370029449463,10.752698362907987,10.934672451110128,131.90720124930778,119.30569709777156
813,0.2082662582397461,1.2607407569885254,10.848042912352314,9.335385782425815,131.57121469779523,116.70524404976786
814,0.20866012573242188,1.2545058727264404,11.192937199248512,12.153933095812148,130.71104084134487,112.21755709591173
815,0.20869207382202148,1.2507202625274658,10.019736108667933,9.4903797753607,119.307602481822,120.99177164278227
816,0.21055221557617188,1.262650728225708,9.96865408693721,8.761174550608054,119.19737341631094,121.21784719640598
817,0.20939016342163086,1.2503941059112549,9.903895969704259,9.205325007169495,119.3802258156272,121.96931124353274
818,0.20752978324890137,1.2573349475860596,9.953523678463215,9.549178473271834,119.0153877289396,117.31108970751993
819,0.2101128101348877,1.2550408840179443,9.804567025825738,8.993981240667644,119.02262882209826,121.43560636600075
820,0.20784902572631836,1.240509033203125,9.735666396920331,9.043039138069332,118.60223351047318,117.36458105842965
821,0.20957159996032715,1.257558822631836,9.709273398409561,9.625664469600448,119.19448095075877,123.42610404946527
822,0.20675015449523926,1.2509827613830566,9.858086120393803,12.42279967095256,119.1873214292834,119.23410188301769
823,0.21083450317382812,1.258223533630371,9.827721437174553,9.031738950233324,119.84444495510601,123.27647930799408
824,0.20923185348510742,1.2555489540100098,10.033329255213447,14.21001127620109,120.15238456535135,115.29695319836503
825,0.20711922645568848,1.2600839138031006,10.162266798630057,10.779755209526797,120.44724394153363,123.94036540460512
826,0.20721983909606934,1.247790813446045,10.690241038564539,14.040916949952857,119.96210003334124,116.36640811448238
827,0.2073681354522705,1.2481951713562012,11.280868942209121,15.111604043615326,119.38251769192561,116.17348782937616
828,0.2110753059387207,1.2550098896026611,11.086181729261117,7.602306343791787,119.78227546555134,121.30866744377725
829,0.20959687232971191,1.2463407516479492,11.298094734300172,11.113111291058209,119.68553944312096,120.46824614169695
830,0.20804381370544434,1.3119897842407227,11.413138517384828,10.193476968915895,119.49027773094244,115.41196393664444
831,0.21465015411376953,1.2499330043792725,11.842684849432562,13.921127790077769,117.49089753405062,103.43230208054706
832,0.207427978515625,1.2506868839263916,11.654473574656219,10.540686923189108,117.49990491874226,119.324175729934
833,0.2097158432006836,1.2554147243499756,11.624498917756759,8.731992381238733,117.34632367932859,121.7406669138574
834,0.20864272117614746,1.252805233001709,11.283513734682007,10.800159445453588,117.75532465281535,119.38696293323271
835,0.20775699615478516,1.3053898811340332,11.259935425599547,10.543972118702214,117.88745280041519,125.26164688060345
836,0.20769906044006348,1.2470691204071045,11.017573399637781,11.617296690335184,118.04635494044211,117.95542951475181
837,0.2250218391418457,1.252305269241333,10.593575171320206,10.871621760439568,118.3632191942969,119.34213036792403
838,0.2336716651916504,1.2555351257324219,11.886831998352172,20.534874614111445,122.19935580856045,159.67003358641284
839,0.20833897590637207,1.2629356384277344,11.815189824594295,10.396689553479453,122.21023580039453,120.57704606003757
840,0.20572400093078613,1.2534348964691162,11.907961170081451,11.121190423787448,122.66308361508827,119.9404420835818
841,0.20776104927062988,1.2583909034729004,11.475483336948447,9.596349458747719,124.49665334055044,121.76799933516875
842,0.20870614051818848,1.2571659088134766,11.369817350970454,9.48402706340918,124.47494626236839,119.10710494811352
843,0.20720362663269043,1.239922285079956,11.467447999935928,9.708298870893483,124.19953136425075,118.98651793268093
844,0.22854900360107422,1.2493340969085693,11.379947614083479,9.925155586929094,124.21699626984062,119.56161198913156
845,0.21022748947143555,1.241481065750122,11.309091339155025,9.835409369417665,123.73658609640911,120.45754514628838
846,0.20945286750793457,1.2462289333343506,10.925197848167109,7.778361780456036,123.9542205981933,120.13177453259348
847,0.209122896194458,1.2621283531188965,10.81095435057685,9.72918678453698,124.15272161551513,121.32714054114234
848,0.20677590370178223,1.3046038150787354,9.724541776567715,9.670748874020092,120.19328241199892,120.0756415512508
849,0.20847845077514648,1.2556557655334473,9.699246974913315,10.143741536935451,120.06946965243912,119.33891846443962
850,0.2066056728363037,1.2563531398773193,9.53955125463331,9.524233220987394,120.0366257984775,119.61200354396584
851,0.2094111442565918,1.2599122524261475,9.470329297418195,8.904129886596586,119.99026178817516,121.30435923214512
852,0.2065589427947998,1.255145788192749,9.659224299814625,11.372977087373464,120.02253685099848,119.42985557634663
853,0.20882749557495117,1.2570445537567139,9.611319561432724,9.22925148707448,120.12260556821658,119.98720510486207
854,0.20825791358947754,1.2593612670898438,9.639443279636055,10.20639276896241,120.33637402471705,121.69929655413634
855,0.20715570449829102,1.2607598304748535,9.868197540677055,12.122951979827661,120.45478424523162,121.64164735143379
856,0.2085280418395996,1.257462978363037,10.492334243911667,14.019728812802152,120.42687340927355,119.85266617301289
857,0.20697593688964844,1.2599098682403564,10.617476752181028,10.980611867230596,120.226860674086,119.32701318926681
858,0.2369394302368164,1.2532012462615967,11.309881976446388,16.59480111667369,124.46678823032634,162.47491711365439
859,0.2116861343383789,1.259366750717163,11.327013591851832,10.315057690989867,124.447473740997,119.14577357114605
860,0.20822787284851074,1.2652437686920166,11.199480941220788,8.248906714676973,124.71722666713981,122.30953280539418
861,0.20868539810180664,1.2559401988983154,11.215807016408846,9.067390638477171,124.70084371387152,121.1405296994619
862,0.20906424522399902,1.250561237335205,11.098809836663744,10.20300528992246,125.05331998876514,122.95461832528309
863,0.2501368522644043,1.2501170635223389,11.1243070072935,9.484223193372038,125.28297235199068,122.28372873711731
864,0.20627999305725098,1.2515332698822021,11.088062238474734,9.843945080774741,125.05927695541443,119.462342588374
865,0.20865726470947266,1.2567212581634521,10.669419233711132,7.936521932191628,124.86111503133839,119.66002811067331
866,0.20673918724060059,1.254615068435669,10.229463308798023,9.620169563671066,124.6969537651185,118.21105351081405
867,0.207672119140625,1.2589898109436035,10.067114520179166,9.35712398104202,125.36595767961963,126.01705233427822
868,0.20861077308654785,1.2511818408966064,9.230863166654165,8.232287581423694,121.22625919533229,121.07793227078079
869,0.2083444595336914,1.2497057914733887,9.239725969639048,10.403685720838698,121.35287612155147,120.41194283333778
870,0.20845961570739746,1.2573597431182861,9.368611030734309,9.537757325629572,121.17595276639227,120.54029925380215
871,0.21815109252929688,1.2484331130981445,9.443084691443385,9.812127245567954,121.26963447559463,122.07734679148562
872,0.2080984115600586,1.24916672706604,9.349748329927724,9.269641674765845,120.87430682903008,119.0013418596374
873,0.21454715728759766,1.2582557201385498,9.281694723383143,8.803687127926226,120.76620292037447,121.20268965056135
874,0.20867061614990234,1.2487506866455078,9.482694559176066,11.853943438703947,121.00056487640492,121.80596214867865
875,0.2189168930053711,1.2582063674926758,9.883759607197527,11.94717241240625,120.1783947866735,111.43832721335887
876,0.20963430404663086,1.2585701942443848,9.909780391228761,9.880377403983392,120.51867699850558,121.61387562913495
877,0.2083427906036377,1.2475910186767578,9.92517792378518,9.51109930660621,120.09501713181362,121.78045366735863
878,0.20691990852355957,1.2517635822296143,10.387388881897424,12.854397162546139,120.27824807447803,122.91024169742491
879,0.20779848098754883,1.2551274299621582,10.377602450461158,10.305821406476062,120.40758947133796,121.70535680193696
880,0.20642948150634766,1.243217945098877,10.562123606460961,11.382968885627609,120.33287705474224,119.79317508784513
881,0.20668554306030273,1.2561187744140625,10.58791335848158,10.070024765774114,120.11337128421576,119.88228908622071
882,0.2236652374267578,1.2508461475372314,11.272046773483988,16.110975824789932,124.20672925737688,159.9349215912486
883,0.22571682929992676,1.2584869861602783,12.133170759712442,17.41492699021078,129.00352545867986,169.17065166359117
884,0.20740127563476562,1.2530608177185059,11.841421307148456,8.936448913064083,129.20269430823697,123.79765064424986
885,0.2494959831237793,1.2611241340637207,11.767918354849217,11.212142889413837,130.54844896404705,124.89587377145962
886,0.22905874252319336,1.2534809112548828,12.145116905182093,13.65236290731216,129.73767249523456,113.50611094101018
887,0.2077498435974121,1.2533199787139893,12.17547190414761,9.81464929626138,129.56447109873687,120.04843970238164
888,0.20871758460998535,1.2583775520324707,11.839508850935976,9.494766630429806,129.31549799092232,120.42051061927957
889,0.23160099983215332,1.25522780418396,12.259883300459357,14.509565901709877,135.14085187038893,179.9588955966029
890,0.20867323875427246,1.239267110824585,12.208399817149532,10.868134052529355,135.03505673390907,118.73522372304667
891,0.2095942497253418,1.3087191581726074,12.133894580952989,9.324972403808669,135.2007131862834,121.5388536099638
892,0.20666146278381348,1.2446842193603516,11.604211032269918,10.814140337959213,131.58315653771822,123.75935510559681
893,0.20731043815612793,1.2479870319366455,11.06257307234922,11.99854739100384,126.5632185990471,118.97127227688003
894,0.20656728744506836,1.2539043426513672,12.422062922885848,22.531347418430343,123.710543894575,95.27090359952878
895,0.208967924118042,1.2577688694000244,12.26435148531554,9.635028513710752,123.3272147437181,121.06258226289063
896,0.2408442497253418,1.250356912612915,12.335783264196234,14.366680696119102,128.2949564779771,163.18352828360037
897,0.20802974700927734,1.2469501495361328,12.481088348045436,11.267700134753401,128.54145430781745,122.51341800078498
898,0.20652246475219727,1.2560381889343262,12.687951296162309,11.563396111598546,128.42082803835234,119.21424792462834
899,0.21266627311706543,1.2404162883758545,14.173900696935467,29.369059909441468,122.7207969240992,122.95858445407167
900,0.20653009414672852,1.2331461906433105,14.084574420848885,9.97487129166349,123.06717772690656,122.19903175112026
901,0.2394101619720459,1.2411372661590576,15.302656025132823,21.505788446648072,124.75029451927205,138.37002153361863
902,0.20911860466003418,1.250060796737671,15.19928505459875,9.780430632618463,124.44886871927383,120.74509710561459
903,0.2106947898864746,1.2569422721862793,15.058080444997582,10.586501294992193,124.07768624660923,115.25944755023393
904,0.2184746265411377,1.2547063827514648,13.676500899408675,8.715551962541246,126.72172461298229,121.71128726325952
905,0.20937395095825195,1.265023946762085,13.698332444385219,9.853343963476203,126.83142921587105,122.15962829177822
906,0.21054792404174805,1.2413082122802734,13.943798241019499,16.821338662461912,122.47421539803216,119.6113901052112
907,0.23209643363952637,1.2517104148864746,13.67978913410287,8.627609065587116,122.57639384911712,123.53520251163499
908,0.20928597450256348,1.2527210712432861,13.411256786092329,8.878072631493119,122.60127788286161,119.46308826207311
909,0.24107122421264648,1.2543857097625732,12.389358317061347,19.150075219131658,123.86026359849743,135.54844161042968
910,0.20767903327941895,1.251835823059082,12.357633003542391,9.657618156473934,123.94698774422925,123.06627320843852
911,0.2097923755645752,1.2493398189544678,11.073457298100923,8.66403139223339,122.31242734292645,122.02441752059065
912,0.20751023292541504,1.3199470043182373,11.195203772953574,10.997895381144977,122.47741473949836,122.39497107133357
913,0.20963692665100098,1.2507493495941162,10.913851926243206,7.772982827888498,122.84199460225844,118.90524617783487
914,0.21004581451416016,1.259227991104126,10.829840826490521,7.875440965014388,122.90046637826008,122.29600502327591
915,0.21772027015686035,1.2570090293884277,11.966282589628964,21.21776159486066,123.54364057794358,128.59137028861323
916,0.20881271362304688,1.2574570178985596,11.166725513030064,8.8257678964729,123.6200651785351,120.37563611112648
917,0.20920562744140625,1.3112189769744873,11.344175544737249,10.402109382658956,123.43445971808043,121.67914790708829
918,0.20792913436889648,1.243051290512085,11.322439954095591,8.66071672507655,123.72368459539659,122.35533703523461
919,0.2087254524230957,1.2435460090637207,10.30746080048195,9.000283682995232,122.63056450053622,124.6172406618262
920,0.20780110359191895,1.2544260025024414,10.356651602997612,10.149526181630568,122.05731746340807,117.33380283715684
921,0.21196222305297852,1.2453527450561523,10.292898672611928,8.02650208837654,121.93935228930687,120.84476577957865
922,0.21089506149291992,1.2569530010223389,10.248385554909214,10.552764204117842,121.83186807467716,121.32012892503639
923,0.20834684371948242,1.2563941478729248,10.579999704774359,11.08912432653996,121.15238351262799,112.11040055734341
924,0.20933794975280762,1.2548770904541016,10.618209295048437,8.25753686775516,121.16093826203851,122.38155251738085
925,0.2082529067993164,1.2561488151550293,9.54161446348597,10.451813279235992,120.48138160303475,121.79580369857578
926,0.20885181427001953,1.2601842880249023,9.565319498902422,9.062818250637408,120.26606968826464,118.22251696342516
927,0.22788238525390625,1.2559330463409424,9.542259317743213,10.17150757106688,119.99777680648512,118.99621908929339
928,0.20648455619812012,1.2575631141662598,9.699683684654826,10.23496039419268,120.29436107984218,125.32117976880498
929,0.21019792556762695,1.25323486328125,9.634378351750348,8.347230353950444,119.99682928084319,121.6419226718364
930,0.20661711692810059,1.2563278675079346,9.764199389281,11.447736556937109,120.27208662690546,120.08637629777947
931,0.20761489868164062,1.2518939971923828,10.12092651248005,11.593773320367031,120.23686545248924,120.49255403541667
932,0.2621290683746338,1.2544500827789307,11.056801447164123,19.911513550958546,121.23772914545137,131.3287658546576
933,0.21061420440673828,1.246258020401001,11.029838883980517,10.819498694703928,122.35046182787951,123.23772738162474
934,0.20849347114562988,1.2549388408660889,11.152368076072795,9.48282878867795,121.98142476650305,118.6911819036162
935,0.2099919319152832,1.2534453868865967,11.160744504997737,10.535577568485397,122.32726541234915,125.25421015703716
936,0.22087907791137695,1.2502858638763428,12.20323118039325,19.487685004592514,125.40547260694245,149.00458890935784
937,0.20684289932250977,1.2556438446044922,12.247411045426256,10.613306221396956,126.21857553067989,127.1272483266681
938,0.20731544494628906,1.2590787410736084,12.285451573343941,10.615365673369544,126.3466152044956,126.60157650696195
939,0.20871925354003906,1.2567839622497559,12.45321025046591,10.024817125170124,126.96344778493922,127.8102484762723
940,0.24794602394104004,1.247823715209961,12.179627311043015,8.711907162708176,126.87484652111702,119.20036365955772
941,0.2091662883758545,1.2597391605377197,11.984781797266283,9.645318182599699,126.85813905090508,120.3254793332971
942,0.20742249488830566,1.252385139465332,10.858351606640829,8.647211644704022,125.86555080835197,121.40288342912655
943,0.2101902961730957,1.2537469863891602,10.627857503465055,8.514557662946167,125.62665200335346,120.84873933163949
944,0.2086939811706543,1.2557947635650635,10.706430270519732,10.268556459224719,125.14917172499754,113.91637912005713
945,0.2076718807220459,1.2577028274536133,10.658232418103598,10.05359904432406,125.00516062212895,123.81409912835144
946,0.21157455444335938,1.2490019798278809,9.6176189397535,9.081550221091527,122.3091442171004,122.04442485907234
947,0.20765256881713867,1.2495372295379639,9.501363060569968,9.450747429561638,121.42040933033691,118.23989945903307
948,0.20901989936828613,1.258521318435669,9.368014933536324,9.28188440303311,120.61882180010358,118.58570120462859
949,0.2077343463897705,1.2553887367248535,9.24863659421743,8.831033731981197,120.07119952692196,122.33402574445637
950,0.20698881149291992,1.2488181591033936,9.304664671061746,9.272187931151318,120.61743223586582,124.66269074899601
951,0.20810317993164062,1.2561008930206299,9.373199856773201,10.330670039714228,121.04942844903249,124.64544146496375
952,0.20718836784362793,1.2585978507995605,9.4718400947936,9.633614024908034,120.88554466621432,119.764045600945
953,0.20952105522155762,1.2612621784210205,9.409969061154191,7.89584732655209,121.04890197700486,122.48231243954504
954,0.20948529243469238,1.258739709854126,9.25941256195827,8.762991467265513,121.58732100949342,119.30056944494265
955,0.22506284713745117,1.2455997467041016,10.296530933204176,20.424782756783102,126.40348123141305,171.9757013475475
956,0.2222893238067627,1.2518327236175537,11.459679274810672,20.71303363715647,124.51235623565981,103.13317490154
957,0.21004605293273926,1.252208948135376,11.482904752092688,9.683002202381807,124.76650009418772,120.78133804431211
958,0.21707892417907715,1.2454841136932373,12.402203265628396,18.474869538390205,124.63220265953699,117.24272685812139
959,0.20952987670898438,1.2413148880004883,12.450042252837955,9.30942360407677,124.68513820092025,122.86338115828893
960,0.23156118392944336,1.2504329681396484,13.33207763460265,18.092541748798283,128.3723210917308,161.53451965710155
961,0.20891380310058594,1.2568702697753906,13.493477296503022,11.94466665871794,128.10852282919126,122.00745883956819
962,0.207902193069458,1.2521510124206543,13.647307276188311,11.171913821760942,128.45066400385272,123.18545734755986
963,0.20886826515197754,1.2579538822174072,13.89236018517864,10.346376416455376,128.33927281441183,121.3684005451365
964,0.20829105377197266,1.2511045932769775,13.93548913156713,9.194280931150427,128.56583490759868,121.56619037681087
965,0.21109580993652344,1.2556891441345215,12.781825976950131,8.888151210613088,123.3868888805749,120.18624107730969
966,0.20926761627197266,1.2496159076690674,11.566184794398804,8.5566218116432,125.45193267459247,123.78361284171578
967,0.20848536491394043,1.2514679431915283,11.387992096287821,7.901075221271984,125.68056358922995,123.06764719068686
968,0.21073317527770996,1.258234977722168,10.460329981226607,9.198248387778076,126.11967316511031,121.63382261692512
969,0.22972512245178223,1.2447659969329834,10.570007538692122,10.406199178731914,126.36929262693059,125.35957577649148
970,0.21042418479919434,1.2465248107910156,9.594863506877529,8.341101430652339,122.65619867655377,124.4035801533334
971,0.2101144790649414,1.2505724430084229,9.392414468290143,9.920176272844078,122.56444182005427,121.08989027457326
972,0.20705819129943848,1.246567726135254,9.451468372518983,11.76245286404935,122.64647016521035,124.00574079912057
973,0.20861029624938965,1.305206060409546,9.33303701900092,9.162062881274752,122.62962297700555,121.19992866308843
974,0.21022868156433105,1.2529120445251465,9.244588286213098,8.309793603272205,122.85584186098632,123.82837921661853
975,0.20629572868347168,1.2456560134887695,9.815967384226173,14.601942190743861,122.45848280282374,116.21265049568379
976,0.20876193046569824,1.2472801208496094,9.922200879859847,9.618956767979917,122.1604007127311,120.80279194078966
977,0.20798778533935547,1.2536237239837646,9.919740276177437,7.8764691844478865,122.08424908266875,122.30613089006317
978,0.2140367031097412,1.2568211555480957,11.137226134696878,21.373106972972494,121.9631294278748,120.42262606898564
979,0.24156403541564941,1.2569911479949951,11.86350190540381,17.668956885801222,125.11827128790954,156.91099437683891
980,0.2090451717376709,1.2497222423553467,12.043501641824081,10.141098794855044,124.98440921674629,123.06495944170061
981,0.20737981796264648,1.237630844116211,11.995821061089243,9.443370465495715,125.07700219346232,122.01582004173393
982,0.22115111351013184,1.2543528079986572,12.068631577156756,12.490558024724459,125.17651903801698,125.00090924466704
983,0.2303624153137207,1.248960018157959,12.094304403896956,9.418791148676743,125.17123249612466,121.14706324416544
984,0.21144866943359375,1.2552120685577393,12.231052079495646,9.677270359259115,124.92476323700184,121.36368662539034
985,0.24258923530578613,1.2554049491882324,12.498933755195255,17.280758947739955,129.26207609215842,159.5857790472494
986,0.20751619338989258,1.254521131515503,12.561107121076512,10.240690426792478,129.24720103125725,120.6540413317781
987,0.2086935043334961,1.255692958831787,12.710258997548609,9.36798794916885,129.17324014488935,121.5665220263845
988,0.20602202415466309,1.2517738342285156,12.00419178625648,14.312434860051237,129.85216681216517,127.21189274174327
989,0.20994830131530762,1.2582566738128662,11.123796435160456,8.865003374840956,126.43095321795633,122.6988584347508
990,0.24346184730529785,1.2408361434936523,12.09325955739467,19.835730017197193,128.2684226566721,141.43965382885807
991,0.20781350135803223,1.2571821212768555,12.1557724061252,10.068498952801,128.24321203644257,121.76371383943894
992,0.20830821990966797,1.2409870624542236,11.963800134749334,10.570835310965801,126.61307205516304,108.69950943187182
993,0.20470190048217773,1.2573668956756592,12.266433565920474,12.445125460388137,126.35129660151628,118.5293087076975
994,0.20862388610839844,1.2608602046966553,12.227474725078817,9.287681950842558,126.27786055206779,120.62932613090564
995,0.20709443092346191,1.261340856552124,11.507273202674357,10.078743723695364,123.060740853083,127.41458205740143
996,0.2851390838623047,1.2455761432647705,12.195306680913303,17.121025209181937,127.47180514188835,164.76468421983168
997,0.2073657512664795,1.2500758171081543,12.325180624216188,10.6667273821977,126.41257178336468,110.9741884411479
998,0.20906591415405273,1.2489991188049316,11.686983103231597,7.930459650205309,125.94275834909459,122.51375839904217
999,0.20824909210205078,1.2521910667419434,12.142985567275783,13.425028015282841,126.20258267986051,125.29710174241006
0,0.6229946613311768,2.1558871269226074,9.565170344508656,9.565170344508656,145.41710176398348,145.41710176398348
1,0.6086320877075195,1.768559217453003,10.083821731262084,10.602473118015512,142.4075937041015,139.39808564421946
2,0.6147441864013672,1.786755084991455,9.986747122905777,9.792597906193167,143.4598642641832,145.56440538434663
3,0.6731448173522949,1.8105394840240479,9.903724019944379,9.654654711060182,144.10499980039884,146.04040640904577
4,0.6097583770751953,1.7680954933166504,10.001704345620222,10.3936256483236,145.10263160733976,149.0931588351034
5,0.5752182006835938,1.7677390575408936,12.159684421112347,22.94958479857297,143.94029703394946,138.12862416699804
6,0.615048885345459,1.849043369293213,11.863120236902933,10.08373513164645,144.25797430853027,146.16403795601497
7,0.5941920280456543,1.7784240245819092,12.877887971897902,19.981262116862673,144.19978142708885,143.7924312569989
8,0.6115665435791016,1.782409429550171,12.557749630328665,9.99664289777478,144.5507035689062,147.35808070344484
9,0.6136598587036133,1.7790310382843018,12.349943264518789,10.47968597222988,144.7422441204682,146.4661090845264
10,0.6144404411315918,1.778590202331543,12.369767888665052,9.763416585971292,144.72446009106338,145.2392614699353
11,0.6137790679931641,1.7889227867126465,12.173694079115403,8.641735022519043,145.53306217459775,147.48410647956302
12,0.6120321750640869,1.7849009037017822,12.370846945439165,11.764126569430776,145.7963664309439,148.19744794780814
13,0.6032047271728516,1.7783308029174805,12.396218837743394,9.908373634102484,145.6434530202546,144.51127230215317
14,0.6065719127655029,1.784179925918579,13.249006171602407,18.921498986913697,145.00404578406608,142.69908647321796
15,0.6245810985565186,1.7778599262237549,11.867009758033705,9.129620662885978,146.0443673629648,148.53183995598545
16,0.6131103038787842,1.7826168537139893,11.839004461943194,9.803682170741341,146.1864409970082,147.5847742964487
17,0.6122241020202637,1.774472951889038,10.930557106853977,10.8967885659705,146.34977090287305,145.42573031564763
18,0.6127707958221436,1.7838473320007324,10.870936130357231,9.400433132807326,146.3917574690507,147.77794636522145
19,0.6008651256561279,1.7780287265777588,11.226331250251441,14.033637171171975,144.68692265829114,129.4177609769306
20,0.6245362758636475,1.7754380702972412,11.487330326312321,12.373407346580112,144.88035157475636,147.17355063458768
21,0.6026232242584229,1.783653974533081,11.806455936190968,11.832991121305497,143.37702294285458,132.4508201605452
22,0.6194584369659424,1.7761516571044922,11.538814887262642,9.087716080147516,143.1862675513891,146.28989403315322
23,0.6084671020507812,1.771488904953003,12.003459059996114,14.5548153614372,142.89515361022035,141.60013289046572
24,0.6111583709716797,1.7839758396148682,11.199501047159202,10.881918858544598,143.3878711839133,147.62626221014727
25,0.6151182651519775,1.7857670783996582,11.446139516911556,11.596005360409492,143.19787485695218,146.63187668637468
26,0.6208102703094482,1.7929978370666504,11.47098865046962,10.052173506321974,143.23397366050818,147.9457623320081
27,0.6284129619598389,1.787980079650879,11.343022735351413,9.617129414788423,144.41464710968987,157.2324648074648
28,0.6197526454925537,1.7885398864746094,11.341944762432574,9.389653403618961,144.29412223344414,146.572697602764
29,0.6170892715454102,1.7805452346801758,10.831480212989431,8.928991676740543,146.14468845261501,147.92342316863932
30,0.6085081100463867,1.7777559757232666,10.7161752669807,11.220357886492812,146.0947196666832,146.67386277526953
31,0.612116813659668,1.7838084697723389,11.333285448863677,18.004092940135255,146.89761269340391,140.47975042775278
32,0.618415355682373,1.7746660709381104,11.469216776720794,10.447029358718677,146.8996110122093,146.30987722120685
33,0.6165430545806885,1.7809760570526123,11.002611737820697,9.888764972436226,147.40446624169257,146.64868518529863
34,0.6197457313537598,1.7713463306427002,10.784639208235756,8.702193562695193,147.3312317413551,146.89391720677258
35,0.6175198554992676,1.7767319679260254,10.663366005630815,10.383273334360098,147.3352235846092,146.67179511891516
36,0.6153380870819092,1.7823643684387207,10.666774636950022,10.086259819514037,147.40366490360805,148.6301755219967
37,0.6237146854400635,1.782344102859497,10.632274118872395,9.272124234012153,146.31532990402798,146.34911481166424
38,0.6168971061706543,1.7763440608978271,10.764205928900918,10.708971503904184,146.2219760699175,145.63915926165924
39,0.6041769981384277,1.7731997966766357,11.521278828130304,16.499720669034417,146.2579384116629,148.28304658609346
40,0.6205368041992188,1.844435214996338,11.415520423709104,10.162773842280796,146.44997066664035,148.594185325044
41,0.6177523136138916,1.788201093673706,10.72536964658043,11.10258516884852,147.23528002192634,148.33284398061267
42,0.6212551593780518,1.7759029865264893,10.63281767271491,9.521509620063473,147.30648237762315,147.0219007781747
43,0.6188302040100098,1.7729253768920898,10.642334695032819,9.98393519561533,147.36191036632508,147.20296507231808
44,0.6199588775634766,1.7825462818145752,10.830170087244458,10.580547484811557,147.40724612774653,147.34727482098717
45,0.6150953769683838,1.7819790840148926,10.806738689024872,10.148959352164244,147.26411473787272,145.24048122017655
46,0.6152346134185791,1.785679578781128,10.807562975216332,10.094502681428645,147.10510246851885,147.04005282845824
47,0.6149466037750244,1.78727388381958,10.90558673856937,10.252361867542538,147.08392351240332,146.13732525050887
48,0.6151537895202637,1.7852892875671387,10.816919691805406,9.822301036264554,147.31375199343637,147.9374440719901
49,0.5988037586212158,1.769240140914917,10.293582091563957,11.266344666619911,146.37790372193422,138.92456387107177
50,0.6211056709289551,1.7793619632720947,10.93792278339939,16.606180760635105,146.54706933401036,150.2858414458056
51,0.6179962158203125,1.7810778617858887,10.921072440124012,10.934081736094782,146.3918210904499,146.78036154500774
52,0.6218056678771973,1.7812879085540771,10.996356913553615,10.274354354359481,147.03932252214645,153.4969150951403
53,0.6182270050048828,1.777989149093628,11.15493590794429,11.569725139522102,147.0757040580356,147.56678043120968
54,0.6151249408721924,1.7880356311798096,11.129009839704551,10.32128680241414,146.97483844351925,146.33861867582362
55,0.6157584190368652,1.7791962623596191,11.123349243788173,10.092353393000483,147.11862423543977,146.6783391393818
56,0.6157870292663574,1.7808399200439453,12.340311000922151,22.2641202527684,147.62722602648563,152.12607073891687
57,0.6178209781646729,1.8472299575805664,12.453465522833028,11.383907086651309,147.7541545194543,147.4066101801954
58,0.6161112785339355,1.7970237731933594,13.405303438502221,19.340680192956498,148.6322836353067,156.718735230514
59,0.621453046798706,1.7823469638824463,13.285577903561153,10.069089317209231,149.5279198495779,147.8809260137836
60,0.6193301677703857,1.7821316719055176,12.628963332263847,10.040035047662059,149.233001728028,147.33666023030693
61,0.6212451457977295,1.7865231037139893,12.496197324478064,9.606421658236929,149.310178634277,147.55213060749767
62,0.6172819137573242,1.783700942993164,12.50468910355089,10.35927214508774,148.52268514386031,145.62198019097337
63,0.6175711154937744,1.7800898551940918,12.352726579314405,10.050099897157265,148.55838350756835,147.9237640682905
64,0.6217241287231445,1.7757389545440674,12.397359810511567,10.767619114385756,148.62900980637232,147.04488166386324
65,0.6148152351379395,1.7839601039886475,12.433869178935451,10.457447077239326,148.5520086924136,145.9083279997945
66,0.615623950958252,1.786458969116211,11.221064644570644,10.136074909120335,148.53289923480315,151.93497616281232
67,0.6192078590393066,1.7833118438720703,11.193928025312276,11.112540894067624,148.57990303323322,147.87664816449626
68,0.6203927993774414,1.7811079025268555,10.437072133841543,11.772121278249163,147.70409928447583,147.9606977429401
69,0.6064746379852295,1.787194013595581,10.580423091656932,11.502598895363136,147.75191982953584,148.35913146438364
70,0.6186068058013916,1.783137321472168,10.675070257954076,10.986506710633492,147.69894399933332,146.80690192828152
71,0.6183056831359863,1.7800531387329102,10.671537530549243,9.571094384188598,147.7047356800934,147.61004741509834
72,0.6172549724578857,1.7769801616668701,10.836027747257614,12.004174312171436,148.0376098053396,148.95072144343558
73,0.6191616058349609,1.7846779823303223,10.97614264383966,11.451248862977742,147.997535164176,147.52301765665442
74,0.6148929595947266,1.7744419574737549,10.975620033271852,10.762393008707669,148.1729126500615,148.79865652271818
75,0.618915319442749,1.781491756439209,10.901817347884515,9.719420223365955,148.43234124162615,148.50261391544092
76,0.6136770248413086,1.7787747383117676,11.340346784992285,14.521369280198034,147.85728268849283,146.18439063147935
77,0.6129155158996582,1.783996820449829,11.3630704329703,11.339777373847799,147.8875613215353,148.17943449492063
78,0.6174280643463135,1.7864439487457275,11.333219386084943,11.473610809395577,148.0585504192351,149.67058871993854
79,0.6196088790893555,1.7798240184783936,11.29627197941755,11.133124828689196,147.9727414804301,147.5010420763333
80,0.6178700923919678,1.7880971431732178,11.15751461551216,9.598933071579603,148.1006257287732,148.0857444117126
81,0.6148006916046143,1.794267177581787,11.289909485461203,10.89504308367901,148.0142632738754,146.7464228661205
82,0.6170108318328857,1.7892873287200928,11.076736161148661,9.872441069046015,147.86125346120386,147.4206233167203
83,0.6194267272949219,1.78348708152771,11.060458947911986,11.288476730610984,147.7248177546827,146.15866059144258
84,0.6164290904998779,1.785562515258789,10.968554403120478,9.843347560792619,147.7668224728204,149.2187037040952
85,0.6150858402252197,1.7761342525482178,10.967702069287023,9.71089688503139,147.58762432287344,146.71063241597142
86,0.6188507080078125,1.7812669277191162,10.616541253778838,11.009761125116183,147.571661723379,146.02476463653485
87,0.6158959865570068,1.7884750366210938,10.39831433889557,9.157508225015114,147.65292407136,148.99205797473053
88,0.6175971031188965,1.7871029376983643,10.325875657823977,10.749223998679664,147.51360404720785,148.27738847841732
89,0.6149523258209229,1.7799451351165771,10.296551370846093,10.839881958910336,147.48929011452987,147.25790274955355
90,0.6157627105712891,1.842607021331787,10.306960455313455,9.703023916253226,147.50403956666548,148.23323893306866
91,0.6165115833282471,1.7794108390808105,10.177937076969881,9.604809300243273,147.69654647215833,148.67149192104887
92,0.618096113204956,1.7885499000549316,10.234834680381399,10.44141710316118,147.71321698708329,147.58732846596965
93,0.6156466007232666,1.7896819114685059,9.99212737650788,8.861403691875827,148.0143887916135,149.17037863674477
94,0.6182389259338379,1.7944386005401611,9.971764403716799,9.639717832881798,147.91915581653146,148.2663739532748
95,0.6201961040496826,1.8536043167114258,9.928554024117743,9.278793089040816,148.07394792128503,148.25855346350716
96,0.6149475574493408,1.7895400524139404,9.816520621921315,9.889427103151903,148.0890098264802,146.1753836884863
97,0.6154208183288574,1.7870190143585205,9.820162574509117,9.193927750893153,147.99121548556178,148.01411456554655
98,0.6181221008300781,1.770939826965332,9.697693329216332,9.524531545751808,148.0001144995978,148.36637861877762
99,0.612872838973999,1.779752254486084,9.913744544055557,13.000394107302569,148.0942263867959,148.19902162153448
100,0.6191613674163818,1.795283317565918,9.949925776285763,10.064836238555305,148.01928863541585,147.48386141926812
101,0.6146702766418457,1.7822539806365967,10.086580238766238,10.971353925048032,147.9243514701307,147.7221202681974
102,0.6135809421539307,1.791855812072754,10.057643581720363,10.152050532702418,147.99818446857688,148.32565845043177
103,0.613955020904541,1.7803218364715576,10.255185504261743,10.836822917289606,148.01869888750642,149.3755228260399
104,0.612983226776123,1.7940962314605713,10.276436497207516,9.852227762339556,147.93513020645474,147.43068714275793
105,0.6209335327148438,1.79380202293396,10.350865937179508,10.023087488760718,147.99314907039698,148.83874210292976
106,0.6184689998626709,1.7854068279266357,10.461010777564871,10.990875507005537,148.15695766663038,147.81346965082048
107,0.616455078125,1.7894351482391357,10.592564278362278,10.509462758867212,148.15995810459972,148.04411894523972
108,0.6505594253540039,1.794938087463379,11.717464057217644,20.773529334305483,147.34569026730168,140.2237002457972
109,0.6155314445495605,1.7824490070343018,11.458529031038236,10.411043845508495,147.35774782080045,148.3195971565222
110,0.6126303672790527,1.797363042831421,11.479295085175803,10.272496779930957,147.39834181324844,147.8898013437478
111,0.6170508861541748,1.7876372337341309,11.417125574031258,10.349658813602597,147.59265159701016,149.66521810581492
112,0.5954732894897461,1.7973051071166992,12.318556612447216,19.166360916861983,146.2504588838607,134.9037313189371
113,0.6139049530029297,1.8180809020996094,12.413606905621885,11.78732584903631,145.90470511201517,145.91798510758466
114,0.6160125732421875,1.7906568050384521,12.45425642202571,10.25872292637782,145.69171390021603,145.30077502476644
115,0.6130633354187012,1.798144817352295,12.54789263092358,10.959449577739399,145.57616675658272,147.6832706665969
116,0.6104931831359863,1.7909772396087646,12.52198276847713,10.731776882541052,145.10615094296446,143.11331151463781
117,0.6164150238037109,1.7911522388458252,12.509579966263292,10.385434736728829,145.0365218837572,147.3478283531665
118,0.6187996864318848,1.7995588779449463,11.469622128734503,10.373950959017591,145.82331199007655,148.09160130899102
119,0.6150352954864502,1.7890808582305908,11.547920716111642,11.194029719279875,145.85156976507523,148.6021749065092
120,0.6171939373016357,1.789844036102295,11.642114852128508,11.214438140099634,145.8943995212356,148.31809890535135
121,0.6167106628417969,1.7924962043762207,11.62985753287072,10.227085621024713,145.80029620538005,148.72418494725963
122,0.6215167045593262,1.8125545978546143,10.836253425864282,11.2303198467976,147.05020592070107,147.40282847214706
123,0.6268448829650879,1.7824440002441406,10.762166191747033,11.046453507863818,147.26995279078386,148.1154538084129
124,0.6335229873657227,1.8335139751434326,10.659786048288215,9.234921491789649,148.50758948277146,157.6771419446422
125,0.618011474609375,1.774123191833496,10.73034483789311,11.665037473788344,148.53752297939747,147.98260563285731
126,0.6185166835784912,1.8069348335266113,10.638211489197253,9.810443395582482,148.98984470198496,147.6365287405124
127,0.6048727035522461,1.7847721576690674,11.150123959092506,15.504559435681337,148.81655018175238,145.61488315084068
128,0.6189770698547363,1.7916791439056396,11.190752252898035,10.7802338970729,148.79029590875035,147.82905857897066
129,0.6100282669067383,1.7775511741638184,11.23437275130598,11.630234703359314,148.31815935681658,143.88080938717172
130,0.6221678256988525,1.7890362739562988,11.124757012672259,10.11828075376243,148.28761406319623,148.01264596914788
131,0.6170821189880371,1.7847881317138672,11.250789182640252,11.487407320704648,148.2450469369421,148.2985136847181
132,0.6191518306732178,1.7873671054840088,11.208455295591081,10.806980976305894,148.41368577806344,149.08921688336034
133,0.6184186935424805,1.7788372039794922,11.07562419746449,9.718142526597912,148.32299569395573,147.20855296733595
134,0.6210229396820068,1.7729547023773193,11.131508235489616,9.793761872040905,147.3872798767614,148.31998377269912
135,0.6004507541656494,1.7849040031433105,11.240442287936222,12.754377998254416,147.39727118482648,148.08251871350836
136,0.6222505569458008,1.784316062927246,11.492635927218785,12.332379788408083,148.4001346253077,157.6651631453242
137,0.6164309978485107,1.7917828559875488,10.993354861272568,10.511748776219175,148.79286461464508,149.54218304421454
138,0.6193745136260986,1.793856143951416,10.910379900310303,9.950484287450255,148.99701108837658,149.87052331628536
139,0.6171908378601074,1.7871689796447754,10.698364262398297,9.510078324239242,149.51660351307478,149.07673363415424
140,0.618117094039917,1.7956058979034424,10.652720539020565,9.661843519985116,149.49870940857727,147.8337049241728
141,0.6199905872344971,1.8583531379699707,10.403644610238691,8.996648032885929,149.42839383949158,147.5953579938609
142,0.6086182594299316,1.7806203365325928,10.055878913288339,7.329324006802353,148.28502154351744,137.6554939236189
143,0.618323564529419,1.7808053493499756,10.103221917070346,10.191572564418001,148.27910332168318,147.1493707489936
144,0.6212649345397949,1.7808630466461182,9.981711492679732,8.57865762813476,148.10784204520945,146.60737100796175
145,0.6206505298614502,1.7899980545043945,9.733304032545325,10.270303396910343,147.9922617762374,146.92671602378755
146,0.623457670211792,1.7875642776489258,9.400861535441559,9.007954817370404,147.03381784834423,148.0807238663927
147,0.621392011642456,1.782060146331787,9.380439821530874,10.307531637112351,146.88792543569207,148.08325891769306
148,0.6216654777526855,1.788975715637207,9.356257207875212,9.70865815089362,146.68348860280474,147.82615498741217
149,0.6186473369598389,1.7908596992492676,9.402280950629244,9.970315751779555,146.5992917565024,148.2347651711306
150,0.6189558506011963,1.7910780906677246,9.530798443875087,10.947018452443563,146.55119243570832,147.3527117162318
151,0.616757869720459,1.7927651405334473,9.643942170827646,10.128085302411524,146.58705663940341,147.9540000308117
152,0.6083407402038574,1.7920300960540771,9.773209572916242,8.621998027688312,146.70593085713526,138.84423610093793
153,0.6177067756652832,1.7908949851989746,9.763282364927582,10.092300484531389,146.9165303712037,149.25536588967768
154,0.6228902339935303,1.7752628326416016,9.852558112663228,9.471415105491213,147.05269320835302,147.96899937945494
155,0.6193292140960693,1.79240083694458,9.753009535624347,9.274817626521529,147.12216401510642,147.62142409132147
156,0.6228902339935303,1.7770307064056396,9.988984784953535,11.367707310662318,147.02434654877703,147.10254920309916
157,0.6185603141784668,1.7834556102752686,9.986924571969464,10.286929507271623,147.0758703576435,148.59849700635766
158,0.6216232776641846,1.7919747829437256,9.991664476757677,9.756057198775748,147.27472180199518,149.81466943092875
159,0.6173923015594482,1.832230806350708,9.966600879195989,9.719679776162668,147.3714792130958,149.2023392821369
160,0.618537187576294,1.7971127033233643,9.887437159072274,10.15538125120641,147.55005709281062,149.1384905133799
161,0.6199853420257568,1.783423900604248,9.863319442803625,9.886908139725062,147.57472924608868,148.2007215635925
162,0.6153929233551025,1.78989577293396,9.985334358169307,9.842147181345108,148.4153910929316,147.25085456936728
163,0.6172540187835693,1.791877269744873,9.957103725806888,9.809994160907213,148.38638634664417,148.96531842680326
164,0.6204636096954346,1.7858667373657227,10.02917337109722,10.192111558394528,148.36112771575137,147.71641307052715
165,0.6192007064819336,1.783276081085205,10.055213651435597,9.535220429905305,148.41101629770208,148.12030991082824
166,0.6172389984130859,1.7887930870056152,9.884843740729664,9.664008203602972,148.6887299617042,149.8796858431205
167,0.6177339553833008,1.793135404586792,9.853329312252413,9.971785222499108,148.67570076637634,148.46820505307872
168,0.6160318851470947,1.7900731563568115,9.788876261165287,9.111526687904483,148.61286040296565,149.18626579682194
169,0.6148943901062012,1.7775869369506836,9.84064908844286,10.237408048938402,148.51668863525026,148.2406216049831
170,0.6155452728271484,1.7706758975982666,9.826167844997325,10.010568816751068,148.5659611401804,149.63121556268143
171,0.617081880569458,1.7874751091003418,9.899713087610463,10.622360565856455,148.74940454992887,150.035155661077
172,0.6146786212921143,1.7944791316986084,9.96043564715435,10.449372776783957,148.91054791120652,148.86228818214377
173,0.6160831451416016,1.7907977104187012,9.96116323781823,9.817270067546037,148.91760666193187,149.03590593405684
174,0.6170780658721924,1.7940621376037598,9.967001231738895,10.250491497601175,148.9147154975507,147.68750142671536
175,0.6189498901367188,1.7935359477996826,9.981228720810746,9.677495320623823,148.78805490051502,146.85370394047172
176,0.6155431270599365,1.792065143585205,10.030310943158039,10.154830427075893,148.66254488212755,148.6245856592457
177,0.616178035736084,1.7758891582489014,10.06468027846798,10.315478575598526,148.67117688384303,148.5545250702334
178,0.6195192337036133,1.7809410095214844,10.222362489942924,10.6883488026539,148.5335944494663,147.8104414530549
179,0.6158339977264404,1.7864611148834229,10.248029612986539,10.494079279374539,148.59484095115732,148.85308662189306
180,0.6161413192749023,1.794443130493164,10.311627145732148,10.646544144207173,148.63995738433508,150.08237989445917
181,0.6188070774078369,1.7938292026519775,10.242869205828615,9.934781166821153,148.47036563103148,148.33923812804102
182,0.6121609210968018,1.79063081741333,10.31592936446049,11.17997436310268,148.47139893500167,148.87262122184544
183,0.6177599430084229,1.7835259437561035,10.303777180107124,9.69574822401239,148.42219448413712,148.54386142541136
184,0.6157970428466797,1.838106632232666,10.302610604409772,10.238825740627647,148.53018621154135,148.7674187007577
185,0.6167795658111572,1.7898271083831787,10.388900454587471,10.540393822400809,148.7245964125373,148.79780595043118
186,0.6175949573516846,1.780700922012329,10.414879503865565,10.414620919856826,148.75804158076295,148.95903734150238
187,0.6191651821136475,1.7836058139801025,10.38718617374025,10.038545274345392,148.77554862644132,148.729595527017
188,0.6193389892578125,1.7901780605316162,10.277656055467414,9.593047619925539,148.8400392653595,148.4553478422365
189,0.6127893924713135,1.7842810153961182,10.200599129919802,9.723510023898399,148.76871771942052,148.13987116250337
190,0.6152477264404297,1.7852177619934082,10.148990731012896,10.130460155138113,148.6353614053579,148.74881675383313
191,0.6187214851379395,1.7899045944213867,10.309053539797786,11.535409254670077,148.72881730936425,149.2737971681044
192,0.6131699085235596,1.7858312129974365,10.31195729913598,11.209011956484611,148.7067312403759,148.65176053196194
193,0.6142849922180176,1.792309045791626,10.386142720435437,10.437602437006955,148.69321890317633,148.4087380534155
194,0.6138286590576172,1.8545830249786377,10.504880571780681,11.42620425408009,148.7278302910154,149.11353257914848
195,0.6139516830444336,1.7867329120635986,10.656013942470242,12.051727529296414,148.8682337208523,150.20184024879984
196,0.618354320526123,1.866253137588501,10.645248864681642,10.30697014197083,148.7796092324491,148.07279245747077
197,0.6236758232116699,1.7905240058898926,10.72451213598456,10.831177987374595,148.72488327528927,148.18233595541875
198,0.617286205291748,1.7985308170318604,10.823148783636212,10.579414096442047,148.8875707575711,150.08222266505496
199,0.613520622253418,1.796396017074585,11.01224342350876,11.614456422623881,149.03854941796217,149.64965776641392
200,0.6125836372375488,1.7875561714172363,11.079165131504917,10.799677235099672,149.1022038170446,149.38536074465742
201,0.6152291297912598,1.7830052375793457,10.96976858453797,10.44144378500062,149.1647886006927,149.8996450045854
202,0.618863582611084,1.788743019104004,10.920774709574577,10.719073206850675,149.0465823734509,147.46969825954363
203,0.6136388778686523,1.7894830703735352,10.982294062778584,11.052795969047011,149.02991490999415,148.24206341884826
204,0.6169247627258301,1.7881741523742676,11.00323427467623,11.635606373056547,149.0197308150287,149.01169162949387
205,0.6171295642852783,1.7847871780395508,10.924468465839395,11.264069440928068,149.0757358065693,150.7618901642062
206,0.6153826713562012,1.8036699295043945,10.963200074614074,10.69428622971762,149.1869914176544,149.18534856832187
207,0.6134793758392334,1.7929918766021729,10.983993449620531,11.039111737439175,149.29801471154272,149.29256889430158
208,0.6094820499420166,1.7865211963653564,11.024064997475675,10.980129574993478,149.11163855476465,148.21846109727414
209,0.6124858856201172,1.799668312072754,11.004851572617763,11.422322174044746,149.03907921193053,148.9240643380729
210,0.6161844730377197,1.7940621376037598,10.990188015426863,10.653041663190697,148.90161487680598,148.01071739341216
211,0.6637132167816162,1.7914206981658936,10.950659851652212,10.046162147254094,148.82297452864967,149.11324152302203
212,0.6143362522125244,1.7769687175750732,11.002525202954043,11.23772671986901,149.1292377097583,150.53233007063017
213,0.618436336517334,1.788295030593872,10.919561391233845,10.223157851845007,149.14126396558996,148.36232597716446
214,0.611922025680542,1.7923288345336914,10.834856216440626,10.788554625124371,149.16164024103412,149.21545438393588
215,0.6134424209594727,1.7864811420440674,10.685970428123387,9.775211557755632,148.86717529820467,147.81724073591158
216,0.6165859699249268,1.7819178104400635,10.749860950734659,11.333191455830377,148.8088284556648,148.60188014292325
217,0.6153688430786133,1.787107229232788,10.661501514092766,10.155517371020245,148.78344764664,149.03876080405342
218,0.6095318794250488,1.7960920333862305,10.649714519063329,10.862259624699107,148.96225534649844,150.00653809585822
219,0.6139857769012451,1.779278039932251,10.604574276998894,10.970919753400405,149.01861232593862,149.48763413247508
220,0.6043996810913086,1.7852861881256104,10.409266522220355,8.699964115405292,148.79540744076792,145.77866854170497
221,0.6112027168273926,1.790308952331543,10.531729236223233,11.270789287282888,148.78899930301688,149.04916014551176
222,0.6110143661499023,1.783203363418579,10.46325181112719,10.552952468908575,148.68144892160308,149.4568262564925
223,0.6136431694030762,1.786839485168457,10.503159632746888,10.622236068041989,148.7245318862716,148.79315562384943
224,0.6098887920379639,1.7927680015563965,10.73056460535524,13.062604351207908,148.58152820098624,147.7854175310819
225,0.6105921268463135,1.7981958389282227,10.914739122236227,11.616956726565487,148.71199374416236,149.1218961676728
226,0.6231873035430908,1.7870690822601318,10.805735471623306,10.243154949701163,148.70668218282947,148.54876452959456
227,0.6142334938049316,1.7940175533294678,10.949680560616253,11.594968260949717,148.74385625612467,149.4105015370056
228,0.5999810695648193,1.7973377704620361,10.853803515727467,9.903489175811238,147.96295141932242,142.19748972783572
229,0.6145470142364502,1.8556981086730957,10.737561886232882,9.808503458454569,147.85810944990675,148.4392144383184
230,0.6171643733978271,1.7844018936157227,10.889684572450832,10.221190977584802,148.0134045505178,147.3316195478154
231,0.6153979301452637,1.7949650287628174,10.80222816494277,10.396225212202264,147.91832551199448,148.09836976027842
232,0.6137237548828125,1.7928380966186523,10.783414453999919,10.364815359480048,147.5921704461039,146.19527559758671
233,0.614539623260498,1.7953107357025146,10.861860667743192,11.406698205474733,147.7470204325196,150.3416554880065
234,0.6157009601593018,1.7939658164978027,10.63553829383989,10.799380612174875,147.7417926110903,147.7331393167891
235,0.612485408782959,1.8028090000152588,10.590680050507881,11.16837429324542,147.69535126749318,148.65748273170112
236,0.6109268665313721,1.790001630783081,10.709875490702814,11.435109351650489,147.70087475935335,148.60399944819665
237,0.6163387298583984,1.7742769718170166,10.723626689201378,11.732480245935363,147.65469062598518,148.9486602033238
238,0.6137275695800781,1.7973511219024658,10.850918170024944,11.176403984046871,148.27599469132542,148.41053038123806
239,0.6133267879486084,1.7933070659637451,10.971261032797333,11.011932086178467,148.33105022582384,148.9897697833031
240,0.6103637218475342,1.7942147254943848,11.003190079290372,10.54048144251519,148.50955828696567,149.1167001592333
241,0.6117429733276367,1.797152042388916,11.011629037392845,10.480614793226998,148.6152926689775,149.15571358039685
242,0.610954999923706,1.7903246879577637,11.099225902279208,11.240784008343681,148.98331879910916,149.8755368989031
243,0.6132035255432129,1.8012969493865967,11.061807389443793,11.032513077120568,148.8621034401734,149.12950189864898
244,0.6051828861236572,1.7850220203399658,10.794390315496646,8.125209872703415,147.64911881084305,135.60329302348563
245,0.6126301288604736,1.7903449535369873,10.763831784372819,10.862788982007133,147.72811354356682,149.4474300589389
246,0.6145796775817871,1.8600490093231201,10.639865833424604,10.195449842168365,147.73626475957357,148.68551160826405
247,0.6112849712371826,1.7733283042907715,10.53880364361601,10.721858347849412,147.80870706400955,149.67308324768368
248,0.6124923229217529,1.7882270812988281,10.549149603553852,11.279863583425275,147.82650291587217,148.58848889986413
249,0.6126241683959961,1.7839560508728027,10.524934984128219,10.769785891922133,147.83707143509244,149.0954549755059
250,0.6145758628845215,1.7910618782043457,10.606014010234727,11.3512717035803,147.7735698707348,148.48168451565675
251,0.614497184753418,1.8004019260406494,10.667354641273445,11.094021103614175,147.74459090771515,148.86592395020054
252,0.6126410961151123,1.786329984664917,10.65626407807692,11.129878376378397,147.64708737914117,148.90050161316327
253,0.6025989055633545,1.7768011093139648,10.639196212546889,10.861834421820273,147.7588218033078,150.24684614031526
254,0.6118707656860352,1.7949442863464355,10.88933740566036,10.626621803838148,149.08057144461776,148.82078943658541
255,0.6135141849517822,1.7919108867645264,10.856390733463614,10.533322260039654,148.98060037167036,148.44771932946446
256,0.6124105453491211,1.823145866394043,10.879312414833361,10.42466665586584,149.08568088931594,149.73631678472023
257,0.615821123123169,1.7926578521728516,10.82154943790341,10.144228578549896,149.14843241378716,150.30059849239575
258,0.6144359111785889,1.791243076324463,10.998830006964948,13.05266927404066,149.21999075625814,149.30407232457424
259,0.6112215518951416,1.7907671928405762,11.027181232658311,11.053298148855756,149.16682772231712,148.56382463609523
260,0.6147408485412598,1.8035821914672852,11.006268396312842,11.142143340125616,149.16455611161524,148.458968408638
261,0.606438398361206,1.7877180576324463,11.00464633882259,11.07780052871167,149.1211691618668,148.4320544527161
262,0.6061244010925293,1.796705961227417,10.953398837541702,10.61740336356952,149.24423662239707,150.13117621846573
263,0.6103610992431641,1.7916622161865234,10.887312434312161,10.20097038952484,149.13442604769534,149.1487403932984
264,0.6160571575164795,1.7808210849761963,10.862177747438015,10.375274935096686,149.06768120467513,148.15334100638336
265,0.6164414882659912,1.7928714752197266,10.877009536732299,10.681640152982501,149.13184306243306,149.08933790704342
266,0.6149613857269287,1.7832272052764893,10.879713600127625,10.451707289819106,149.12387401293125,149.6566262897019
267,0.6149344444274902,1.779008150100708,10.89589378660594,10.306030443333047,148.91049489050556,148.1668072681393
268,0.6134521961212158,1.7947847843170166,10.61120085731213,10.205739981102571,148.68168147479417,147.01593816746055
269,0.6140925884246826,1.8149008750915527,10.552471503373924,10.46600460947368,148.7657400037646,149.40440992579911
270,0.6146190166473389,1.7797620296478271,10.589838769278012,11.515815999166492,148.77175040054027,148.51907237639472
271,0.6167876720428467,1.8554432392120361,10.486168170087137,10.041094536802934,148.74184763848808,148.1330268321941
272,0.6154818534851074,1.795302391052246,10.468750406742627,10.443225730124425,148.67580502216958,149.470750055281
273,0.6144187450408936,1.7910120487213135,10.573537931983989,11.248845641938441,148.6827714283646,149.21840445524856
274,0.6217987537384033,1.7877087593078613,10.570846808127566,10.348363696532456,148.6331036282527,147.65666300526465
275,0.6127512454986572,1.788320541381836,10.558637000098232,10.559542072689155,148.60857419477742,148.8440435722904
276,0.6144483089447021,1.7912838459014893,10.557733723345269,10.442674522289472,148.482317851051,148.3940628524375
277,0.617382287979126,1.79600191116333,10.593857529360154,10.6672685034819,148.34640776118687,146.807706369498
278,0.6158647537231445,1.776961088180542,10.664891058592119,10.916075273422223,148.41869158733715,147.7387764289635
279,0.6150009632110596,1.7843410968780518,10.671729194579466,10.534385969347158,148.31645165775063,148.38201062993375
280,0.6176564693450928,1.7925257682800293,10.608841292174748,10.886936975119315,148.2189044834933,147.5436006338216
281,0.6156539916992188,1.871478796005249,10.803188622231442,11.984567837369884,148.27850640099095,148.72904600717055
282,0.6149358749389648,1.7874805927276611,10.870389149030808,11.115230998118072,148.05710719265156,147.2567579718869
283,0.6166610717773438,1.7902131080627441,10.811384822176688,10.658802373397222,148.01195543756313,148.76688690436478
284,0.6136586666107178,1.7890846729278564,10.864443914425,10.878954619015593,147.96247867673554,147.1618953969883
285,0.6157283782958984,1.7984998226165771,10.822279585127045,10.137898779709626,147.91029773789046,148.32223418383978
286,0.6150732040405273,1.8045399188995361,10.843416410258572,10.65404277360471,147.92103887400404,148.50147421357315
287,0.6199178695678711,1.7845618724822998,10.894652785962474,11.179632260520936,147.9911098779825,147.50841640928275
288,0.613605260848999,1.801880121231079,11.067281675038902,12.642364164186512,148.2330818867793,150.15849651693162
289,0.6131455898284912,1.7985501289367676,11.176094312912602,11.62251234808414,148.4054998845298,150.10619060743863
290,0.6165251731872559,1.7914741039276123,11.170657192600299,10.832565771996274,148.5158871144006,148.64747293252972
291,0.6132941246032715,1.7870640754699707,11.005368752439308,10.331683435760002,148.48038257405616,148.37400060372596
292,0.61533522605896,1.7890357971191406,11.033939401694951,11.400937490674494,148.60654763204653,148.51840855179046
293,0.6147663593292236,1.7967267036437988,11.008477781831775,10.404186174765464,148.5320852486344,148.0222630702438
294,0.6152303218841553,1.8063209056854248,10.981277581996308,10.606952620660916,148.70701377626398,148.91118067328418
295,0.6742453575134277,1.798515796661377,10.944382838170952,9.768951341456063,148.75163578555276,148.76845427672743
296,0.6160240173339844,1.799921989440918,10.926839627712303,10.478610669018234,148.7514045156616,148.49916151466158
297,0.6180310249328613,1.8021039962768555,10.927194401738129,11.183180000779181,148.7849985070456,147.8443563231225
298,0.617913007736206,1.8525798320770264,10.671469713806399,10.085117284869217,148.75704376963424,149.8789491428181
299,0.6129772663116455,1.7879300117492676,10.673128545476699,11.639100664787154,148.71467401810915,149.6824930921877
300,0.6160852909088135,1.7949039936065674,10.57800730623645,9.881353379593786,148.74603235588438,148.96105631028212
301,0.6176602840423584,1.7897851467132568,10.658677379545592,11.138384168851413,148.79152881394361,148.828965184318
302,0.6681921482086182,1.9340710639953613,10.506928454261084,9.883448237829418,148.7866802449982,148.46992286233655
303,0.8078999519348145,2.1164605617523193,10.593858458042911,11.273486212583737,148.81888385401788,148.34429916044098
304,0.811431884765625,2.1284987926483154,10.626597050536995,10.93433854560174,148.7499233497565,148.22157563067012
305,0.8052635192871094,2.1194541454315186,10.765927091342508,11.162251749511203,148.80891405478425,149.35836132700496
306,0.8068454265594482,2.109400987625122,10.840839791718274,11.227737672775884,148.9044957587771,149.45497855458987
307,0.8182516098022461,2.146988868713379,10.858314761648908,11.357929700085524,149.01634602316258,148.9628589669773
308,0.8132247924804688,2.1149301528930664,10.978830805237475,11.290277720754904,148.99044501531307,149.61993906432292
309,0.8101077079772949,2.126013994216919,10.91704213520329,11.021213964445291,148.9741232685909,149.5192756249661
310,0.80484938621521,2.097564220428467,11.134035236335155,12.051284390912407,148.9274858912177,148.4946825365503
311,0.803591251373291,2.1100430488586426,11.205762196381693,11.855653769316824,148.92097304173188,148.7638366894596
312,0.8118772506713867,2.106876850128174,11.349870553835498,11.324531812367457,148.93558281530485,148.61602059806626
313,0.817119836807251,2.2015364170074463,11.373135069513381,11.506131369362585,149.04329225801808,149.42139358757322
314,0.8056836128234863,2.1133840084075928,11.389926487085445,11.102252721322387,149.05680418770436,148.35669492753323
315,0.8193264007568359,2.145324468612671,11.33146075747704,10.577594453427128,149.0582461294019,149.3727807439805
316,0.7970545291900635,2.1267037391662598,11.476492383669799,12.67805393470348,149.09023949621002,149.77491222267076
317,0.8077459335327148,2.111847162246704,11.391539017811306,10.508396041500584,149.12967195316642,149.35718353654124
318,0.8101987838745117,2.1181466579437256,11.30360658321384,10.41095337478027,149.1450186391996,149.773405924655
319,0.829798698425293,2.187812089920044,11.340711413447476,11.392262266781646,149.3316456764442,151.38554599741173
320,0.8072202205657959,2.1137943267822266,11.209658373393017,10.740753990367828,149.59147748977,151.0930006698085
321,0.8116979598999023,2.127044677734375,11.040995688005466,10.169026915441293,149.65386763559837,149.38773814774305
322,0.8197078704833984,2.137470245361328,11.008952029189633,11.004095224209141,149.63645180490772,148.4418622911604
323,0.8127772808074951,2.129601001739502,10.927456685171347,10.691177929179696,149.69043344486636,149.9612099871592
324,0.8215658664703369,2.1600234508514404,10.801453443454927,9.842220304158186,149.7949848615139,149.40220909400884
325,0.8208458423614502,2.145864725112915,10.769510674545081,10.258166764328697,149.6462846958396,147.88577908723715
326,1.0374698638916016,2.3717563152313232,10.514727858648934,10.130225775741986,149.52789479006694,148.59101316494457
327,0.829704999923706,2.257561683654785,10.484630537350872,10.207422828519988,149.4918966060907,148.99720169677852
328,0.834428071975708,2.1710927486419678,10.527723892213817,10.84188692340972,149.441230255131,149.26674241505805
329,0.9050869941711426,2.260474920272827,10.397731620457376,10.092339549217225,149.25646806853632,149.53792413146468
330,0.8384687900543213,2.2853667736053467,10.315751455573107,9.92095234152513,149.1387230272678,149.91555025712339
331,0.8817548751831055,2.2886362075805664,10.28957689680744,9.907281327784613,149.15657697716532,149.5662776467184
332,0.883894681930542,2.4366090297698975,10.300050349471274,11.108829750847502,149.32010842006127,150.07717672011995
333,0.8417227268218994,2.2109899520874023,10.288039978952337,10.571074223990344,149.2599930787984,149.36005657453026
334,0.8496160507202148,2.2835729122161865,10.297911364681955,9.940934161454337,149.1525030840507,148.32730914653172
335,0.8630900382995605,2.513402223587036,10.297573002731191,10.254783144821058,149.45381979553275,150.89894620205803
336,0.8135018348693848,2.155085325241089,10.373965375091093,10.894149499341006,149.6579437987893,150.6322531975099
337,0.8291170597076416,2.2757558822631836,10.38990556746484,10.36682475225747,149.69191238846818,149.33688759356716
338,0.816241979598999,2.147670030593872,10.275709996038213,9.699931209143434,149.62560839860063,148.603702516383
339,0.8081755638122559,2.1601500511169434,10.3846341595339,11.181581184174094,149.61436366002482,149.42547674570645
340,0.8114008903503418,2.1506502628326416,10.38964510035678,9.971061749753947,149.57216114679542,149.4935251248297
341,0.8127398490905762,2.13136625289917,10.498921458934106,11.000044913557867,149.54761158959678,149.32078207473168
342,0.809819221496582,2.1321380138397217,10.436257384442351,10.482189005929946,149.35944888822877,148.19554970643978
343,0.8012089729309082,2.1310219764709473,10.317862019666682,9.387120576233679,149.26792306438713,148.4447983361138
344,0.8251538276672363,2.2074930667877197,10.336683586401563,10.129149828803119,149.31411726397292,148.78925114238973
345,0.8577985763549805,2.474687337875366,10.382407980147004,10.712027082275473,149.17495490070587,149.50732256938758
346,0.816075325012207,2.2648611068725586,10.405225264910301,11.12232234697399,149.08151208375187,149.69782502797017
347,0.9536299705505371,2.563476085662842,10.42489970970282,10.563569200182673,149.01616139008888,148.68338065693686
348,0.8244631290435791,2.2275266647338867,10.487132935127535,10.32226346339056,149.01758783725558,148.61796698805014
349,0.8266735076904297,2.1637661457061768,10.426648082555197,10.576732658450718,148.897300642663,148.2226047997807
350,0.809894323348999,2.1886940002441406,10.431431851438642,10.01889943858839,148.93281917714063,149.84871046960586
351,0.8461968898773193,2.308565139770508,10.29800413069995,9.66576770617094,148.96969940291098,149.68958433243495
352,0.834587574005127,2.2206931114196777,10.257147216102164,10.073619859952093,149.11610054752543,149.65956115258476
353,0.830371618270874,2.2657527923583984,10.38325596731676,10.648208088379665,149.13860552472994,148.66984810815836
354,0.8198168277740479,2.1935980319976807,10.38489547795692,10.145544935204713,149.1538399780603,148.94159567569346
355,0.8365051746368408,2.30668306350708,10.302942010871416,9.8924924114204,149.11718772521613,149.14080004094595
356,0.848480224609375,2.2788920402526855,10.179780096417634,9.890703202436164,149.01763551059827,148.70230288179187
357,0.8389303684234619,2.2544467449188232,10.151530513698644,10.28107337299279,149.03496342368078,148.85665978776169
358,0.852459192276001,2.367309093475342,10.124576660236292,10.052724928767027,149.09031982815003,149.17153103274288
359,0.8283281326293945,2.2303459644317627,10.10676967766707,10.398662832758518,149.15612388544133,148.88064537269355
360,0.857708215713501,2.3301260471343994,10.146910116669483,10.420303828612521,148.9335668046578,147.62313966177047
361,0.8224990367889404,2.1841588020324707,10.199078358376577,10.187450123241877,148.9049172412514,149.40308869837096
362,0.8186216354370117,2.1889240741729736,10.304230460898669,11.125140885173014,148.81747541072787,148.78514284734956
363,0.8160598278045654,2.1848866939544678,10.259824161100157,10.204145090394551,148.84899487065852,148.98504270746477
364,0.8215799331665039,2.176344871520996,10.28137217106702,10.361025034873341,148.84626372130123,148.91428418212047
365,0.8245844841003418,2.182767868041992,10.321486501705774,10.293635717807941,148.81283314218268,148.8064942497606
366,0.8275799751281738,2.207836151123047,10.272250795353141,9.398346138909837,148.8981561621393,149.55553308135813
367,0.8311216831207275,2.2133100032806396,10.27357638517208,10.29432927118218,148.8928606120178,148.80370428654672
368,0.8399209976196289,2.3407840728759766,10.341362236898664,10.73058344603286,148.90874323840393,149.33035729660435
369,0.8325996398925781,2.2400412559509277,10.369426924701557,10.67930971078746,148.96367557887586,149.4299687774126
370,0.8165676593780518,2.164522171020508,10.326364901743734,9.989683599034269,149.18862845203094,149.87266839332116
371,0.8154029846191406,2.265023946762085,10.300434206831403,9.928143174118587,149.06921574626853,148.20896164074682
372,0.8206970691680908,2.2270936965942383,10.299429579396133,11.1150946108203,148.98644290562828,147.95741444094728
373,0.8219571113586426,2.1842823028564453,10.291809836630659,10.127947662739814,148.92579948706248,148.3786085218066
374,0.8291630744934082,2.225008726119995,10.31701547396598,10.613081408226549,148.95665728715835,149.2228621830791
375,0.8017797470092773,2.182708978652954,10.278711111406155,9.910592092209683,149.00804656638758,149.32038704205308
376,0.8051028251647949,2.143583297729492,10.495229680944279,11.563531834291087,148.88018764612966,148.27694387877906
377,0.8291068077087402,2.1656768321990967,10.541710328900958,10.759135750748985,148.92104910363176,149.2123188615676
378,0.8216068744659424,2.26942777633667,10.471527029039645,10.028750447419728,148.9291375714293,149.4112419745795
379,0.8308296203613281,2.1967830657958984,10.41753274925768,10.139366912967802,148.84927935501963,148.63138661331624
380,0.8182330131530762,2.199896812438965,10.356164382260278,9.375999929060239,148.76495185761036,149.02939341922826
381,0.8496124744415283,2.2389776706695557,10.369964180988827,10.066141161404072,148.87740981362236,149.33354120086713
382,0.8013989925384521,2.1401679515838623,10.302008824504837,10.435541045980418,148.96703751213207,148.8536914260439
383,0.8085830211639404,2.1420187950134277,10.301806219136326,10.12592160905469,149.0390413120212,149.09864652069814
384,0.7996602058410645,2.173097848892212,10.284883900061867,10.44385821748196,149.05497427056702,149.38219176853738
385,0.8068201541900635,2.174224376678467,10.40381527237886,11.09990581537962,149.0344147397584,149.1147917339668
386,0.8233661651611328,2.312347888946533,10.682679408546301,14.352173195965506,149.26617711324346,150.59456761362955
387,0.8171467781066895,2.2200961112976074,10.758061041884735,11.512952084133321,149.32606134975464,149.8111612266795
388,0.8170747756958008,2.1995742321014404,10.884729307120264,11.295433099775,149.46609999399212,150.81162841695414
389,0.8285419940948486,2.223921060562134,10.824962074816089,9.541694589926065,149.54905584692395,149.46094514263464
390,0.8162047863006592,2.1634130477905273,11.11464079586883,12.27278713958765,149.66395274049597,150.1783623549484
391,0.801544189453125,2.145663261413574,11.134869444127398,10.268427643989751,149.6145832661817,148.8398464577246
392,0.8247199058532715,2.279968023300171,11.146964490870216,10.556491513408602,149.71029409599183,149.81079972414523
393,0.823716402053833,2.2406458854675293,11.219693383711274,10.853210537465262,149.6504181769169,148.49988732994905
394,0.8276619911193848,2.250214099884033,11.280921581627172,11.056140196640959,149.62257692701658,149.10377926953402
395,0.8344459533691406,2.3076303005218506,11.220083367418862,10.491523673296516,149.76622852943052,150.55130775810605
396,0.8305749893188477,2.282498836517334,10.9839460274105,11.990799795881873,149.6961648444436,149.89393076376047
397,0.8265831470489502,2.240978717803955,10.879677174561497,10.470263555643298,149.62496305579342,149.09914334017762
398,0.8310768604278564,2.2255828380584717,10.863212495925932,11.130786313419337,149.29611773109858,147.5231751700058
399,0.8241782188415527,2.210926055908203,11.028562910624112,11.195198736907866,149.39909724120227,150.4907402436715
400,0.8366270065307617,2.2526769638061523,11.693416965526428,18.921327688610805,149.39525565509186,150.1399464938442
401,0.834890604019165,2.333183765411377,11.65030346879049,9.83729267663038,149.37136250092732,148.60091491607938
402,0.8845767974853516,2.4142110347747803,11.67297625786698,10.78321940417349,149.33892474345083,149.48642214938047
403,0.8121151924133301,2.249526023864746,11.573237782506068,9.855825783856153,149.39915538921656,149.10219378760618
404,0.8499064445495605,2.340956926345825,11.455916907264427,9.882931444224567,149.37100808760889,148.82230625345704
405,0.8502647876739502,2.3562190532684326,11.498680022515966,10.919154825811907,149.30680151473092,149.90924202932652
406,0.8705124855041504,2.349125862121582,11.391264888826191,10.91664845898411,149.18191601203984,148.64507573684955
407,0.8430099487304688,2.189177989959717,11.320443496948945,9.76204963687082,149.38888768208693,151.16886004064844
408,0.83162522315979,2.290173053741455,11.312987360262074,11.056224946550643,149.33951873840056,147.02948573314237
409,0.8234856128692627,2.249602794647217,11.167097630456158,9.736301438848713,149.2092132657784,149.18768551745003
410,0.8254959583282471,2.159027099609375,10.250047950815361,9.75083089220283,149.1303445872611,149.35125970867097
411,0.8138909339904785,2.176740884780884,10.303298398230826,10.369797150785026,149.2645679541368,149.94314858483597
412,0.8073348999023438,2.1572601795196533,10.127555848488502,9.025793906750245,149.26171829560502,149.45792556406312
413,0.8137471675872803,2.1670989990234375,10.123533098708476,9.815598286055906,149.32845641324226,149.76957496397887
414,0.8068792819976807,2.1558070182800293,10.25056826554444,11.153283112584194,149.47166768483382,150.25441896937244
415,0.8473665714263916,2.369947910308838,10.131036280177224,9.723834972139773,149.3882243301169,149.0748084821572
416,0.8267574310302734,2.2265522480010986,10.103903407805635,10.64531973526821,149.4868584274156,149.63141670983666
417,0.8615117073059082,2.2749338150024414,10.159684220314375,10.319857761958215,149.27023348894835,149.00261065597607
418,0.8209829330444336,2.3108181953430176,10.325089493492289,12.710277678329783,149.60564081231124,150.383558966771
419,0.8372411727905273,2.2677860260009766,10.496218297117,11.447589475095818,149.67451447049098,149.87642209924746
420,0.8363480567932129,2.257929801940918,10.646289066750516,11.251538588538,149.70885227241,149.69463772786148
421,0.8412668704986572,2.300708055496216,10.710572483078694,11.012631314066805,149.58637304896718,148.71835635040745
422,0.810434103012085,2.1790878772735596,10.774941791352063,9.669486989483927,149.64467198823854,150.04091495677673
423,0.8117892742156982,2.1584670543670654,10.823531414333754,10.301494515872818,149.6804277427003,150.12713250859645
424,0.8116705417633057,2.1580560207366943,10.722822944506447,10.14619841431113,149.64918205967982,149.94196213916786
425,0.8062469959259033,2.1562318801879883,10.872661398918902,11.222219516264325,149.69939075997797,149.57689548513864
426,0.815087080001831,2.1606431007385254,10.823711621320877,10.155821959287941,149.5565855166288,148.20336427634436
427,0.8071343898773193,2.1432788372039795,10.868898384177026,10.771725390519723,149.7453195771763,150.88995126145144
428,0.8076791763305664,2.153470039367676,10.616268875760674,10.183982594166267,149.62185967426268,149.14895993763497
429,0.8114340305328369,2.149974822998047,10.384464739745066,9.129548114939738,149.60829758462006,149.74080120282085
430,0.8045828342437744,2.15586519241333,10.46652351181006,12.07212630918792,149.84070818730487,152.01874375470993
431,0.807952880859375,2.16099214553833,10.608043426407079,12.427830460036997,150.1376398834068,151.6876733114267
432,0.811525821685791,2.1505093574523926,10.7015699692776,10.604752418189133,150.10129883712335,149.6775044939422
433,0.8040249347686768,2.152113199234009,10.6761582124961,10.047376948057813,150.01986914373526,149.3128355747156
434,0.8157236576080322,2.156219720840454,10.798831772158927,11.372934010939414,149.88601728197963,148.60344352161167
435,0.8136835098266602,2.1611688137054443,10.653822199688104,9.772123791556098,149.91506794032296,149.86740206857183
436,0.8072490692138672,2.1414809226989746,10.745058200212629,11.068181964533188,150.15142482083002,150.56693308141482
437,0.8021020889282227,2.166937828063965,10.761871700027248,10.939860388665917,150.14576266501086,150.8333297032599
438,0.8021161556243896,2.156147003173828,10.926207462387037,11.827340217764142,150.29654287630166,150.65676205054297
439,0.811988115310669,2.144205331802368,11.127206390494928,11.13953739601866,150.23036655944486,149.07903803425307
440,0.8005111217498779,2.164897918701172,11.023630531670177,11.036367720940424,150.03418614872356,150.05693964749696
441,0.8076539039611816,2.1921608448028564,10.784799839117124,10.039523534506468,149.8714712840004,150.060524664195
442,0.8105340003967285,2.152271032333374,10.887323037530207,11.62998440231993,149.92598886136489,150.22268026758726
443,0.8025369644165039,2.1552271842956543,11.089441008174694,12.068556654502704,149.94782673300537,149.53121429112036
444,0.8068618774414062,2.1549298763275146,11.018468619544262,10.663210124635068,149.97517059943,148.87688218585754
445,0.8114001750946045,2.1527469158172607,11.01729959300547,9.760433526168185,149.89185339760326,149.0342300503044
446,0.814267635345459,2.1683082580566406,10.917924365909807,10.074429693576564,149.75788751647542,149.22727427013695
447,0.7855997085571289,2.1685144901275635,11.706892570772647,18.82954243729432,149.76593237473668,150.91377828587207
448,0.8021588325500488,2.1577932834625244,11.786965323920569,12.628067749243364,149.8461311932959,151.45875023613553
449,0.8162803649902344,2.176872968673706,11.775626645819822,11.026150615011183,149.7909684292151,148.52741039344514
450,0.8082449436187744,2.1715171337127686,11.655177463433718,9.831875897079405,149.7142922075599,149.29017743094485
451,0.8110029697418213,2.1715500354766846,11.654351466834793,10.031263568517218,149.72958642769908,150.21346686558675
452,0.8138318061828613,2.1733219623565674,11.481479873211907,9.901268466091047,149.63261254212767,149.25294141187322
453,0.8093140125274658,2.1624670028686523,11.30040678733968,10.257825795780445,149.62107656335746,149.41585450341816
454,0.8097779750823975,2.1581809520721436,11.436208409420235,12.02122634544063,149.73285296875102,149.99464623979307
455,0.8014035224914551,2.15710711479187,11.652990660183523,11.928256033801052,149.79974764319968,149.70317679479095
456,0.7981457710266113,2.1566553115844727,11.71871272810294,10.731650372770751,149.85049431470128,149.73474098515283
457,0.8104367256164551,2.1529362201690674,10.81846947158858,9.827109872150693,149.83971222822925,150.8059574211519
458,0.8136892318725586,2.1723294258117676,10.544090703231115,9.884280065668712,149.66146415185116,149.67626947235465
459,0.8156681060791016,2.158872365951538,10.286092186598784,8.44616544868788,149.8252904664851,150.16567353978445
460,0.8109369277954102,2.1560451984405518,10.427389948773198,11.244853518823547,149.85934514672778,149.63072423337178
461,0.8104591369628906,2.165919542312622,10.53287769066377,11.086140987422965,149.74211671164818,149.04118251479085
462,0.8136260509490967,2.149540901184082,10.630049976614739,10.87299132560073,149.7432480108792,149.26425440418328
463,0.8128447532653809,2.171069860458374,10.656225150220717,10.519577531840214,149.84552835146872,150.4386579093134
464,0.8120908737182617,2.1597843170166016,10.68323611475141,12.291335990747534,149.8319111981487,149.85847470659297
465,0.814223051071167,2.164080858230591,10.462319444429289,9.71908933057987,149.77475796367077,149.13164445001132
466,0.8100118637084961,2.1642367839813232,10.34711752243027,9.579631152780564,149.77704214110008,149.75758275944602
467,0.8148307800292969,2.1538541316986084,10.362470078920637,9.980635437054367,149.56158592783623,148.65139528851353
468,0.8141837120056152,2.1629209518432617,10.350396916749375,9.7635484439561,149.53612949583908,149.4217051523834
469,0.8082294464111328,2.165485143661499,10.559404076818709,10.536237049381207,149.5013726144678,149.81810472607157
470,0.8098616600036621,2.172588348388672,10.398919307095765,9.640005821594103,149.5014689964763,149.63168805345668
471,0.8204808235168457,2.1576130390167236,10.239479429365229,9.491742210117614,149.5151435040603,149.17792759063084
472,0.812371015548706,2.178184747695923,10.141038559366727,9.888582625615715,149.48020092108723,148.91482857445237
473,0.8151822090148926,2.1577558517456055,10.021942831531218,9.32862025348513,149.30112212641416,148.64786996258312
474,0.8070871829986572,2.146294116973877,9.757256621023732,9.644473885672664,149.32438557957465,150.0911092381978
475,0.8136305809020996,2.171259880065918,9.818039926140031,10.326922381742847,149.40933907794175,149.98117943368237
476,0.8071849346160889,2.1624209880828857,9.898547665564909,10.384708547029344,149.41961310933362,149.86032307336427
477,0.8109023571014404,2.174520969390869,9.86861451400323,9.68130392143758,149.4920322173244,149.37558636842192
478,0.8101804256439209,2.1660947799682617,9.897090029626932,10.04830360019313,149.60843284349764,150.58571141411556
479,0.8171229362487793,2.1626360416412354,9.741548003698352,8.980816790095385,149.46896490893667,148.4234253804615
480,0.8099992275238037,2.1542816162109375,9.801306305610995,10.237588840720523,149.4964430533179,149.9064694972691
481,0.8108537197113037,2.1683781147003174,9.855798404430317,10.036663198310855,149.5078609072743,149.29210613019515
482,0.8098466396331787,2.1693272590637207,9.954162010041962,10.87221868173215,149.41326385870792,147.96885808878818
483,0.8128268718719482,2.1635775566101074,10.096473551114036,10.751735664205874,149.5389522590237,149.90475396574118
484,0.8102359771728516,2.1663830280303955,10.181439200471178,10.494130379244083,149.56893484527828,150.39093510074332
485,0.8048915863037109,2.1588351726531982,10.228473673363602,10.79726711066711,149.6352189907337,150.64402088823672
486,0.8027565479278564,2.1526401042938232,10.531287812990074,13.412849943294052,149.38225818348457,147.330715000873
487,0.81540846824646,2.1709558963775635,10.62716379697811,10.64006376131794,149.40771699352248,149.63017446880133
488,0.811241865158081,2.1540093421936035,10.606292174684592,9.83958737725795,149.21116349928184,148.6201764717089
489,0.8077044486999512,2.178361177444458,10.821447806654227,11.13237310979174,149.31551187775455,149.46690916518827
490,0.8114407062530518,2.1666061878204346,10.774588664018149,9.768997414359735,149.2132451035417,148.883801755141
491,0.8098082542419434,2.1695480346679688,10.723122298731914,9.521999545448516,149.29060122053002,150.06566730007813
492,0.8033144474029541,2.158045768737793,10.642122119076374,10.06221688517674,149.48432416100258,149.90608749351392
493,0.8129472732543945,2.1619889736175537,10.58461872909932,10.176701764435336,149.3423301835893,148.48481419160808
494,0.8135862350463867,2.159097909927368,10.554154297025681,10.189486058507693,149.28117085476816,149.77934181253227
495,0.8126516342163086,2.17175030708313,10.527348623226,10.529210372670299,149.17446056801654,149.57691802072043
496,0.8151810169219971,2.1548099517822266,10.249521789505788,10.634581606091949,149.38375337432905,149.42364306399801
497,0.8091301918029785,2.1860458850860596,10.113061724340167,9.275463109661711,149.3812715595259,149.60535632076994
498,0.8050532341003418,2.163238048553467,10.18007307208427,10.509700854698984,149.40278512211776,148.83531209762765
499,0.8142602443695068,2.181877613067627,10.16648194688018,10.99646185775085,149.4057665407011,149.4967233510214
500,0.8106062412261963,2.1697580814361572,10.277319378053797,10.877371726095905,149.44777614588554,149.3038978069855
501,0.8059780597686768,2.1821436882019043,10.659083757961362,13.33964334452416,149.5045070497362,150.63297633858457
502,0.7843301296234131,2.1586740016937256,11.08647393381367,14.336118643699802,148.91196737143002,143.98069071045256
503,0.8035252094268799,2.1675848960876465,11.13392930311842,10.651255457482849,149.03859200504724,149.7510605277801
504,0.8092703819274902,2.1621170043945312,11.20284792523167,10.878672279640194,148.95005472643714,148.89396902643136
505,0.804323673248291,2.16705322265625,11.73865371428052,15.887268263158798,148.35448472117952,143.62121796814407
506,0.8096189498901367,2.1765830516815186,11.801970584377592,11.267750307062675,148.39025187146302,149.7813145668332
507,0.8111250400543213,2.154097080230713,12.014596092546373,11.401718191349522,148.0061157022466,145.76399462860525
508,0.8139910697937012,2.1551458835601807,11.979242672892724,10.156166658162487,148.07297672932162,149.5039223683782
509,0.8092606067657471,2.1669821739196777,11.941676437920055,10.620799508024142,148.05124876497405,149.27944370754582
510,0.8125488758087158,2.1557343006134033,11.84128699641802,9.87347731107559,147.91622331589303,147.9536433161752
511,0.8038122653961182,2.164425849914551,11.55440197285191,10.470793108863052,147.92457992207284,150.71654240038256
512,0.8137414455413818,2.1771457195281982,11.214923044440713,10.941329359587815,148.34039828589897,148.13887434871387
513,0.8097958564758301,2.1591241359710693,11.145837143635067,9.960396449426415,148.396779472763,150.31487239642036
514,0.8099517822265625,2.1644411087036133,11.083965236657622,10.259953209865738,148.37623324502283,148.68850674902987
515,0.8073639869689941,2.162343978881836,10.456102609239291,9.608641988975462,148.89805500922037,148.83943561011944
516,0.8110170364379883,2.1733970642089844,10.410896285372894,10.815687068398713,148.86403206407235,149.44108511535302
517,0.8080999851226807,2.1510510444641113,10.411594449191185,11.408699829532427,149.20773796126406,149.2010536005224
518,0.8022134304046631,2.1623077392578125,10.61476360594558,12.18785822570645,149.3964191662074,151.39073441781156
519,0.8107593059539795,2.1555066108703613,10.550542577923384,9.978589227802185,149.35161769758662,148.83142902133798
520,0.8092329502105713,2.1685078144073486,10.79102174116207,12.278268943462422,149.4766185818038,149.20365215834687
521,0.8051526546478271,2.170750379562378,10.690916655289424,9.469742250136612,149.42399219997205,150.1902785820653
522,0.8108506202697754,2.179464340209961,10.566680762555219,9.69897043224578,149.59424281238117,149.84138047280487
523,0.7981724739074707,2.1684489250183105,11.49514789547612,19.245067778635416,149.1535766260861,145.90821053346986
524,0.8088510036468506,2.1603598594665527,11.724911437791219,12.557588633016724,149.21417992989285,149.29453978709734
525,0.8058035373687744,2.163398027420044,11.812947193936004,10.488999550423312,149.4405401686315,151.10303799750562
526,0.8097307682037354,2.1637370586395264,11.908621017560328,11.772425304641954,149.56712004328784,150.70688386191642
527,0.8000280857086182,2.156891107559204,11.728885974302115,9.611349396950297,149.70040436401877,150.5338968078318
528,0.8085412979125977,2.1665477752685547,11.492898871234928,9.827987195034565,149.5549195009568,149.93588578719184
529,0.8066630363464355,2.1858808994293213,11.540388704484005,10.45348756029297,149.6369048804318,149.65128281608813
530,0.8106460571289062,2.184325933456421,11.304049928304826,9.914881181670637,149.64603473584498,149.29495071247874
531,0.8103454113006592,2.1772520542144775,11.373164790036693,10.160890867455265,149.5783259967124,149.5131911907394
532,0.8059797286987305,2.155419111251831,11.485305528211105,10.820377813989928,149.48549643721464,148.9130848778271
533,0.8106679916381836,2.1591391563415527,10.704992427419358,11.44193677071793,149.93681491337048,150.42139529502856
534,0.8148488998413086,2.173563003540039,10.466277627243548,10.17044063125862,149.94026165744103,149.32900722780278
535,0.8110637664794922,2.153404951095581,10.470810500625637,10.534328284244218,149.7655138074255,149.3555594973499
536,0.8107199668884277,2.162936210632324,10.279014969372467,9.854469992110221,149.656022556924,149.61197135690162
537,0.8082809448242188,2.1855061054229736,10.483857812802606,11.6597778312517,149.5438370363573,149.41204160216483
538,0.8069472312927246,2.1774919033050537,10.643773314492716,11.427142211935678,149.4395634117967,148.89314954158584
539,0.8090519905090332,2.173297166824341,10.562127167974168,9.63702609510749,149.5042923990616,150.2985726887371
540,0.8095529079437256,2.1769049167633057,10.594112841310938,10.234737915038336,149.45529072085031,148.80493393036608
541,0.8130481243133545,2.1590988636016846,10.620804046469882,10.427802919044716,149.4292864773424,149.25314875566002
542,0.8116297721862793,2.1767852306365967,10.560312391414197,10.21546126343306,149.46376471190777,149.2578672234808
543,0.810462236404419,2.1733949184417725,10.406569225470745,9.904505111283413,149.35904204284762,149.37416860442733
544,0.8150436878204346,2.162731170654297,10.380026264421907,9.90501102077025,149.31052323422705,148.8438191415972
545,0.8106789588928223,2.1728999614715576,10.401833364572799,10.752399285753128,149.37376809122898,149.98800806736904
546,0.8066987991333008,2.18304181098938,10.476211807680144,10.598254423183668,149.2282919815508,148.15721026011994
547,0.8069725036621094,2.1678407192230225,10.387410547574877,10.771765230199021,149.3538733508131,150.66785529478759
548,0.803748607635498,2.173992395401001,10.385688684878174,11.409923584968652,149.5596768619385,150.95118465283963
549,0.8056290149688721,2.1576170921325684,10.627217850808318,12.05231775440894,149.46462104508754,149.34801452022765
550,0.8082940578460693,2.1682565212249756,10.76724142150957,11.634973622050868,149.5965261432604,150.12398491209478
551,0.8074500560760498,2.1656055450439453,10.884932737824624,11.604716082195235,149.7068147343796,150.3560346668521
552,0.81087327003479,2.147177219390869,11.002068251672615,11.386816401912956,149.6741076748046,148.93079662773064
553,0.8050961494445801,2.1637020111083984,11.097972375417516,10.863546348732454,149.664687724995,149.27996910633118
554,0.7926743030548096,2.210439920425415,10.959756933866235,8.522856605257408,149.0752819094029,142.9497609856763
555,0.815640926361084,2.2057557106018066,10.771242434398282,8.867254291073621,149.02250709982502,149.4602599715905
556,0.8128507137298584,2.1547372341156006,10.867209537805097,11.557925457251809,149.15905995826444,149.5227388445141
557,0.8065357208251953,2.162471055984497,10.888140027768268,10.981070129830732,149.07279639997824,149.80521971192525
558,0.8061871528625488,2.1702637672424316,10.988572490602607,12.414248213312053,149.01258996021278,150.34912025518514
559,0.8074865341186523,2.169065475463867,10.90474087814399,11.214001629822759,148.9278604362757,148.50071928085654
560,0.8101487159729004,2.1717610359191895,10.935920714433541,11.946771984946398,148.80275638563762,148.87294440571443
561,0.8176846504211426,2.220970869064331,10.902059000711446,11.26609894497429,148.72940441514075,149.62251496188338
562,0.8484342098236084,2.374390125274658,10.9461395781248,11.827622176046479,148.82747916327472,149.91154410907058
563,0.8170320987701416,2.1849639415740967,11.097192332565047,12.374073893134923,148.8899703289679,149.90488076326278
564,0.8490612506866455,2.238588809967041,11.15908479554027,9.141781235009637,149.52102431092015,149.26030080519877
565,0.846733808517456,2.3755898475646973,11.469693272293824,11.973339058609167,149.4943253490037,149.19327035242605
566,0.8591268062591553,2.3206899166107178,11.477173873402865,11.632731468342229,149.4488595207503,149.06808056197994
567,0.8190371990203857,2.15687894821167,11.428692152916536,10.496252924967418,149.52228406662962,150.5394651707183
568,0.8078687191009521,2.1537299156188965,11.308139870298046,11.208725387127174,149.4100390489064,149.22667007795346
569,0.8057634830474854,2.140254497528076,11.27276705228843,10.860273449726584,149.62106174447126,150.61094623650484
570,0.7990407943725586,2.1304030418395996,11.231877134214187,11.537872804203978,149.756967881573,150.23200577673202
571,0.8036534786224365,2.139625310897827,11.168827079842888,10.635598401261309,149.80603999875945,150.1132361337478
572,0.9886636734008789,2.2866463661193848,10.950813227692027,9.647483654537869,149.6935194259288,148.78633838076416
573,0.8132381439208984,2.1467061042785645,10.797182018086946,10.837761797084092,149.65870194711994,149.5567059751741
574,0.8354146480560303,2.2407538890838623,10.920384826827284,10.37380932241302,149.6290455599596,148.96373693359507
575,0.8348100185394287,2.3506321907043457,10.685418129547003,9.623672085806366,149.68173956673132,149.72021042014336
576,0.8135569095611572,2.238753080368042,10.518202921641988,9.960579389292064,149.638167497243,148.6323598670968
577,0.8063178062438965,2.159792423248291,10.509316642122688,10.40739012977443,149.57349299140418,149.8927201123305
578,0.8005962371826172,2.157658338546753,10.581042883149978,11.925987797400063,149.7034406939851,150.52614710376247
579,0.8098201751708984,2.154862880706787,10.54071949223682,10.457039540595005,149.63790339087618,149.95557320541542
580,0.8053774833679199,2.155225992202759,10.303796793220847,9.168645814044257,149.55328633770065,149.38583524497668
581,0.8066349029541016,2.159183979034424,10.553889739834915,13.136527867401988,149.36050799609404,148.18545271768198
582,0.8051717281341553,2.150632858276367,10.651102485997638,10.619611116165107,149.500510846662,150.1863668864436
583,0.801569938659668,2.146674871444702,10.694258239060416,11.26931932771187,149.5510611982412,150.06220949096607
584,0.8020370006561279,2.1501729488372803,10.64063516121902,9.837578543999062,149.7096356106136,150.54948105731896
585,0.8039052486419678,2.174497127532959,10.79471987309045,11.164519204520653,149.7791973407975,150.4158277219828
586,0.805051326751709,2.1398892402648926,10.941380392609421,11.427184584481772,150.07387860022658,151.57917246138726
587,0.8030893802642822,2.158827066421509,10.887308607395092,9.866672277631144,150.0138028644424,149.2919627544886
588,0.8067941665649414,2.1548078060150146,10.7718118916615,10.77102064006415,149.97023224589353,150.09044091827388
589,0.8003132343292236,2.147810697555542,11.103381598481079,13.77273660879078,150.01134311812433,150.3666819277238
590,0.8061199188232422,2.1626040935516357,11.261282936522534,10.747659194458823,150.08932169181384,150.1656209818713
591,0.8076052665710449,2.159743309020996,11.041210753487537,10.935806037052004,150.23850748918383,149.677310691382
592,0.8041257858276367,2.2000906467437744,11.028520890391956,10.492712485209307,150.3383010446076,151.18430244068094
593,0.8014912605285645,2.157351016998291,10.961558821719844,10.59969864099074,150.41201758211105,150.7993748660008
594,0.8020875453948975,2.1519131660461426,11.185187917229646,12.073869499097103,150.26519329687187,149.0812382049273
595,0.8010737895965576,2.141010284423828,11.159634512263535,10.908985154859536,150.1714981248489,149.47887600175318
596,0.8040270805358887,2.1622610092163086,11.037389002259463,10.204729484441042,150.03044054148978,150.16859662779592
597,0.8012828826904297,2.1519458293914795,11.378290546557494,13.275687720611458,150.12644154907494,150.25197283033992
598,0.8852946758270264,2.1665332317352295,11.319607617621042,10.184191350699617,150.1880503010515,150.7065284380397
599,0.8071589469909668,2.1720590591430664,10.913915143689586,9.715811869476223,150.14684987835616,149.95467770077082
600,0.8104450702667236,2.1519720554351807,10.802546149184575,9.633969249408715,150.1097042788392,149.79416498670147
601,0.8024990558624268,2.1377792358398438,10.81647658050291,11.075110350235361,150.26500393684572,151.2303072714471
602,0.7984678745269775,2.1576061248779297,10.835624626499909,10.684192945179289,150.11023840874117,149.63664715963523
603,0.8030271530151367,2.153313159942627,10.928821679366955,11.531669169661196,150.17145512708356,151.41154204942515
604,0.800490140914917,2.154737949371338,10.858276482854114,11.368417533968717,150.42129931877838,151.57968012187538
605,0.8016176223754883,2.156632900238037,10.831585006629568,10.642070392614063,150.59420665731741,151.20794938714346
606,0.8030097484588623,2.146806001663208,10.88320866263219,10.720966044467279,150.51557455822916,149.3822756369137
607,0.8019709587097168,2.158041000366211,10.642991519151208,10.873516285801625,150.62596422324455,151.3558694804936
608,0.7990195751190186,2.146059989929199,10.926545126789055,13.01972742707808,150.63841967974562,150.83108300305054
609,0.8017218112945557,2.146421194076538,11.052390843486327,10.97426903644894,150.65968941909517,150.1673750942664
610,0.8042356967926025,2.1497068405151367,11.158171783736542,10.69177865191087,150.6820055208653,150.01732600440207
611,0.8013870716094971,2.1556448936462402,11.089323937125148,10.386631884121444,150.57165423577538,150.12679442054826
612,0.8067648410797119,2.151629686355591,11.149670671090142,11.287660284829212,150.7514752728062,151.43485752994337
613,0.7953062057495117,2.138106107711792,11.308786152650745,13.122823985267221,150.77510243346023,151.6478136559657
614,0.8029584884643555,2.1651928424835205,11.350779328277477,11.788349290236038,150.6409182646205,150.23783843347798
615,0.8053736686706543,2.151201009750366,11.368701969194127,10.821296801780566,150.55234982412392,150.3222649821776
616,0.8026111125946045,2.160979747772217,11.341370963553803,10.447655988064044,150.5937252500749,149.79602989642328
617,0.8044264316558838,2.163330078125,11.35739791256265,11.033785775890088,150.60208413734173,151.43945835316214
618,0.8021860122680664,2.1512038707733154,11.228531043147504,11.731058732926613,150.5534392426605,150.3446340562382
619,0.8076193332672119,2.161972999572754,11.116536377730167,9.85432238227558,150.449119644308,149.1241791107415
620,0.8072776794433594,2.143228054046631,11.033199789455518,9.85841276916436,150.44848846310623,150.01101419238452
621,0.8396792411804199,2.3338990211486816,10.950145282096852,9.556086810534804,150.3945044441751,149.58695423123692
622,0.8227798938751221,2.297893762588501,10.893440375919893,10.72061122305962,150.27082113273588,150.19802441555117
623,0.8132262229919434,2.1724438667297363,10.608034369218936,10.268763918257655,150.08817826186424,149.8213849472493
624,0.8171112537384033,2.17809796333313,10.444188166024599,10.149887258292672,149.95826213687843,148.93867718361963
625,0.8125674724578857,2.1618056297302246,10.377722028171323,10.156635423247806,149.85822711603186,149.32191477371185
626,0.8149318695068359,2.179243564605713,10.493651851970355,11.606954226054349,149.92305410127054,150.4442997488102
627,0.8610742092132568,2.288776159286499,10.450891800530744,10.606185261493975,149.7754213362893,149.96313070334998
628,0.8214981555938721,2.255749225616455,10.287090487707754,10.093045604696727,149.75061659298635,150.09658662320817
629,0.8421504497528076,2.2287700176239014,10.470969590288757,11.693113408085594,149.82641237458535,149.88213692673173
630,0.8144333362579346,2.222731590270996,10.610766713327425,11.25638399955105,149.9364589960147,151.11148040667786
631,0.8457560539245605,2.3314530849456787,10.689054565766188,10.338965334922415,149.94854965055737,149.70786077666375
632,0.8923311233520508,2.3877530097961426,10.709827785603277,10.928343421430531,149.84828511158506,149.19537902582798
633,0.8205533027648926,2.286325216293335,10.734397081016962,10.51445687239449,149.83976126953235,149.7361465267222
634,0.8124310970306396,2.1796460151672363,10.833301575331994,11.138932201443001,149.91160465361946,149.65711102449075
635,0.8131804466247559,2.149867057800293,10.868673340014364,10.510353070071504,149.98362964482268,150.04216468574427
636,0.8104033470153809,2.1644110679626465,11.127764977442588,14.197870600336595,150.13588916177292,151.96689491831287
637,0.809833288192749,2.155735731124878,11.140439808760894,10.732933574677016,150.09624547005984,149.56669378621893
638,0.806509256362915,2.1656901836395264,11.221040871816104,10.899056235248842,150.1081564507876,150.2156964304856
639,0.8084080219268799,2.1587681770324707,11.086759884446865,10.350303534393205,150.14573729196096,150.2579453384654
640,0.8064110279083252,2.168056011199951,11.191984608565145,12.308631240733845,150.05318622344086,150.18596972147688
641,0.8122434616088867,2.1670539379119873,11.180992147326215,10.229040722533108,150.05591904836893,149.7351890259447
642,0.8260319232940674,2.187253952026367,11.152448854841117,10.642910496579567,150.052068264948,149.15687119161822
643,0.8462884426116943,2.380976915359497,11.297580612508343,11.965774449066725,150.0995530145377,150.21099402261933
644,1.2925221920013428,2.2102649211883545,11.417547307172933,12.338599148088916,150.08460986015854,149.5076794806992
645,0.8474223613739014,269.52891850471497,11.551937411378782,11.854254112129986,150.1083407373109,150.27947345726795
646,0.7833418846130371,1.8635880947113037,11.176709411958276,10.445590606131557,149.84627355566226,149.3462231018267
647,0.6198337078094482,1.8105762004852295,11.175325291624707,10.719092371341318,149.83769557939814,149.48091402357755
648,0.6198606491088867,1.8229467868804932,11.132422049435265,10.47002381335441,149.82702585515477,150.1089991880516
649,0.6215729713439941,1.8177862167358398,11.157950846146349,10.605591501504055,149.7720796255178,149.7084830420959
650,0.6168885231018066,1.81026291847229,10.96200715422352,10.349194321505571,149.6518147876314,148.98332134261287
651,0.6246137619018555,1.8262219429016113,10.912325436528926,9.732223545587148,149.67264184761189,149.94345962574954
652,0.6146652698516846,1.8161771297454834,10.926661943817521,10.786275569465525,149.7085292198298,149.51574491379728
653,0.6134450435638428,1.8131036758422852,10.91393322066357,11.838487217527206,149.71182279484628,150.24392977278424
654,0.6164007186889648,1.8179388046264648,10.82793035519921,11.478570493445314,149.7871202736056,150.2606542682925
655,0.6160492897033691,1.8120901584625244,10.660805873809057,10.183009298228452,149.79599287292567,150.36819945046864
656,0.6138491630554199,1.811194896697998,10.646109630463611,10.298628172677116,149.8594598152951,149.9808925255212
657,0.6126611232757568,1.8262791633605957,10.75681045838712,11.826100650576404,149.925084344679,150.13715931741632
658,0.6123340129852295,1.8151156902313232,10.924128112133156,12.143200350814753,149.96627402410223,150.52089598228378
659,0.6126787662506104,1.827951192855835,11.050548152252535,11.869791902697862,150.1017966416419,151.06370921749243
660,0.6132376194000244,1.8154046535491943,11.169727456380226,11.540987362782493,150.34884935450845,151.45384847127826
661,0.611961841583252,1.810654640197754,11.215844324359798,10.193392225382869,150.46919609593698,151.14692704003508
662,0.6166794300079346,1.8300189971923828,11.28342183938374,11.46205071970494,150.51309175292388,149.95470148366624
663,0.6151587963104248,1.809476613998413,11.486744434136526,13.871713165055075,150.79670226931904,153.08003493673607
664,0.6145548820495605,1.8123221397399902,11.426806204020918,10.87918819228922,150.78242550333997,150.11788660850183
665,0.6141889095306396,1.8063130378723145,11.53834257507931,11.298373008812371,150.78399321833555,150.38387660042434
666,0.612985372543335,1.805858850479126,11.851677208497327,13.43197450685727,151.1836819638292,153.97777998045768
667,0.6152429580688477,1.8112318515777588,11.744250775015011,10.751836315753266,151.32086729202936,151.50901259941787
668,0.6135768890380859,1.8104631900787354,11.593319649682309,10.633889097487703,151.43680804658297,151.6803035278198
669,0.6141467094421387,1.8191578388214111,11.41526641533206,10.089259559195408,151.29320073533637,149.6276361050264
670,0.6156599521636963,1.8049209117889404,11.397619009138612,11.364513300848008,151.06481450428498,149.1699861607647
671,0.6173794269561768,1.8086400032043457,11.509121663023427,11.308418764231,150.96087497199213,150.10753171710624
672,0.6132080554962158,1.8075408935546875,11.59719536521445,12.342787741615183,151.087352768614,151.219479449885
673,0.6187551021575928,1.8184280395507812,11.243441659371147,10.334176106622053,150.70877049687903,149.29421221938622
674,0.614922046661377,1.819444179534912,11.288247583942766,11.327247438005383,150.71323518257734,150.16253346548496
675,0.6151759624481201,1.823786973953247,11.2913845975114,11.329743144498718,150.6766745551559,150.01827032620986
676,0.6147239208221436,1.8168487548828125,11.042261656289325,10.940745094636526,150.30055331082812,150.21656753718037
677,0.6205003261566162,1.8305540084838867,11.012613354171375,10.455353294573753,150.0921452929418,149.42493242055477
678,0.6153240203857422,1.8610281944274902,11.066100377631965,11.168759332093629,149.93309466320744,150.08979723047577
679,0.6164712905883789,1.813840389251709,11.162703541274235,11.055291195618082,150.03013188390813,150.5980083120332
680,0.6168110370635986,1.813514232635498,11.20155899412391,11.753067829344793,150.16770893158846,150.5457566375682
681,0.6135258674621582,1.8093323707580566,11.169027008115446,10.983098904146352,150.1456991730443,149.8874341316649
682,0.616034746170044,1.8231654167175293,11.203124164363235,12.683759304093051,150.0571837273118,150.3343249925598
683,0.6184844970703125,1.8081867694854736,11.128673046763657,9.589664930626274,150.01794238541976,148.90179880046603
684,0.615786075592041,1.8138041496276855,10.97402620431922,9.78077901356103,149.985000609976,149.83311571104718
685,0.6127305030822754,1.8122758865356445,10.953763635386153,11.127117455168035,149.94046764282447,149.5729406546946
686,0.6171879768371582,1.822737693786621,10.85885755175956,9.991684258370604,149.96936555518832,150.50554666081894
687,0.6152400970458984,1.824187994003296,10.816303580091756,10.02981357789571,150.04878003490376,150.2190772177089
688,0.6151509284973145,1.8124091625213623,10.626512449659401,9.270848027770082,149.97611221248619,149.36311900630017
689,0.6155397891998291,1.8247411251068115,10.515302910867138,9.943195807695453,149.8655028552006,149.49191473917728
690,0.6165330410003662,1.8054687976837158,10.50012991941578,11.601337914831223,149.92031764929033,151.09390457846553
691,0.6138350963592529,1.8089303970336914,10.443525619664689,10.417055906635419,150.0186431250075,150.87068888883672
692,0.616060733795166,1.8232169151306152,10.203229014350454,10.280793250950705,149.89705405342352,149.1184342767199
693,0.6204063892364502,1.8244822025299072,10.191746446024045,9.474839247362178,149.952537135353,149.45662961976063
694,0.6629683971405029,1.8137178421020508,10.291699350543599,10.780308058756578,149.9878934064935,150.1866784224523
695,0.6132936477661133,1.8200008869171143,10.224445730712404,10.45458125685608,150.04641601511753,150.15816674093486
696,0.6144328117370605,1.8123929500579834,10.179637727283485,9.543604224081415,149.9233903475728,149.27528998537173
697,0.6174089908599854,1.8043551445007324,10.134408601502312,9.577522320083983,149.83356514430216,149.32082518500238
698,0.6222288608551025,1.816356897354126,10.308385461378009,11.010616626527055,149.9354309584071,150.38177714734948
699,0.616602897644043,1.8221361637115479,10.296352261004406,9.82286380395943,150.0546909048304,150.68451420341057
700,0.6147801876068115,1.8169100284576416,10.094920297190933,9.587018276696483,149.89745630027386,149.52155853289986
701,0.6176807880401611,1.8179810047149658,10.109760868393673,10.565461618662821,149.83044992539823,150.2006251400806
702,0.6135513782501221,1.8140223026275635,10.04438378920789,9.627022459092863,149.9527778989456,150.34171401219376
703,0.6167287826538086,1.816542387008667,10.043794481588773,9.468946171171016,149.92846712789986,149.21352190930315
704,0.6185877323150635,1.8129558563232422,10.011987710866071,10.46224035152958,149.89365073483702,149.83851449182384
705,0.6187310218811035,1.8205037117004395,9.935669204764611,9.69139619584147,149.85345216238724,149.75618101643693
706,0.6158857345581055,1.8231379985809326,10.054904284208622,10.735955018521521,149.955458489555,150.29535325704933
707,0.6154665946960449,1.8092868328094482,10.146005899161555,10.488538469613307,150.0740639225506,150.50687951495863
708,0.6155269145965576,1.824592113494873,10.084592749319436,10.396485128105862,150.02384354051907,149.8795733270339
709,0.6183712482452393,1.8308658599853516,10.193707682209402,10.914013132859079,149.98230059085353,150.269084706755
710,0.6195533275604248,1.8118748664855957,10.355410711500447,11.204048569606943,149.95665007232304,149.26505334759554
711,0.6177821159362793,1.8076188564300537,10.373362665485162,10.744981158509978,149.94129163678826,150.04704078473276
712,0.6181941032409668,1.875967025756836,10.370049876263,9.593894566871235,149.86630570944325,149.5918547387433
713,0.6166388988494873,1.814394235610962,10.41201822272161,9.888629635757127,149.85222094689684,149.0726742838391
714,0.616483211517334,1.821317195892334,10.31708285462772,9.512886670590673,149.85483868913425,149.86469191419786
715,0.6155776977539062,1.8166236877441406,10.33971937074266,9.917761356990884,149.82778356978991,149.4856298229937
716,0.6190850734710693,1.8107569217681885,10.28067970035399,10.145558314634807,149.74945676519857,149.5120852111361
717,0.6165790557861328,1.8209774494171143,10.222509543240205,9.906836898475456,149.68926939672136,149.9050058301864
718,0.6160557270050049,1.8188858032226562,10.365950104923206,11.830890744935864,149.7333127196237,150.32000655605754
719,0.6175611019134521,1.8181169033050537,10.280121412938994,10.055726213016994,149.70945887426674,150.0305462531851
720,0.6152613162994385,1.8112404346466064,10.177598377989238,10.178818220109367,149.70677942323027,149.238258837231
721,0.6152689456939697,1.8256678581237793,10.017792202076429,9.146919399381881,149.69801447202872,149.95939127271674
722,0.6166918277740479,1.8153622150421143,10.027449032991436,9.690462876021297,149.8946892444383,151.55860246283942
723,0.6150696277618408,1.8037409782409668,10.03011153167881,9.915254622630886,150.00406406793655,150.166422518822
724,0.6184217929840088,1.8135638236999512,10.247573744410914,11.687508797911715,150.0434685311236,150.25873654606806
725,0.6180453300476074,1.8154323101043701,10.268975012216213,10.131774035043858,150.06273845518854,149.678329063643
726,0.6169118881225586,1.8255372047424316,10.239040012153737,9.84620831401006,150.09454832430944,149.83018390234497
727,0.6185030937194824,1.860978126525879,10.33969877339043,10.913424510842372,150.15658000159235,150.52532260301587
728,0.6137471199035645,1.806966781616211,10.180315411027316,10.23705712130473,150.27694636636053,151.5236702037393
729,0.6186277866363525,1.8132860660552979,10.142822421325986,9.680796316003713,150.318405802082,150.44514061039976
730,0.6164669990539551,1.8156931400299072,10.102824153460837,9.778835541457857,150.51013569889338,151.1555578053447
731,0.6195628643035889,1.8126652240753174,10.198947144611989,10.108149310893417,150.35134675877433,148.37150187152602
732,0.6184449195861816,1.8033828735351562,10.157524090352695,9.276232333428345,150.13555174301848,149.40065230528097
733,0.6159877777099609,1.8248281478881836,10.217469620550654,10.514709924610464,150.0964951043348,149.77585613198545
734,0.6169841289520264,1.8183960914611816,10.015477365495247,9.667586247357633,149.97980068734051,149.091792376125
735,0.6161820888519287,1.8167898654937744,10.133732833708816,11.314328717179553,149.99153197986794,149.79564198891745
736,0.6177036762237549,1.8225741386413574,10.191041006959214,10.41929004651406,149.98021266593838,149.7169907630496
737,0.6142158508300781,1.8227910995483398,10.082070924443137,9.823723685681582,149.96227819822934,150.34597792592507
738,0.6161007881164551,1.809164047241211,10.186592588960309,11.282273766476461,149.72906832982508,149.19157151969662
739,0.6170265674591064,1.81496262550354,10.317823144106077,10.993101867461396,149.7349019975794,150.503477287943
740,0.6132655143737793,1.824389934539795,10.334935609131009,9.949960191707174,149.66400055868107,150.44654341636144
741,0.6141936779022217,1.8226778507232666,10.440126620946241,11.160059429045747,149.83170582392907,150.04855452400574
742,0.6122958660125732,1.804206132888794,10.520727030453248,10.082236428498401,150.28578822405063,153.941476306497
743,0.6191387176513672,1.7970452308654785,10.497421583115726,10.281655451235233,150.12496804633386,148.1676543548176
744,0.6157717704772949,1.793982744216919,10.582530917548986,10.518679591690244,150.18521242896966,149.69423620248284
745,0.6121668815612793,1.7943542003631592,10.380017556557734,9.289195107267034,150.1652446146914,149.59596384613496
746,0.6188449859619141,1.8003528118133545,10.471470738535661,11.33382186629333,150.09933755769526,149.0579201930882
747,0.6637668609619141,1.7996149063110352,10.515868485673234,10.267701157057317,150.0646101540099,149.99870388907152
748,0.6157755851745605,1.7979459762573242,10.40051058198813,10.128694729625424,150.18954288901725,150.44089886977002
749,0.6137957572937012,1.7985711097717285,10.318434291350776,10.172338961087856,150.09996875260634,149.60773592383416
750,0.615807056427002,1.8044061660766602,10.352788561417189,10.293502892371311,149.99495610411563,149.39641693145418
751,0.6180706024169922,1.8130168914794922,10.159970755083659,9.231881365710436,149.91373760634403,149.23636954628984
752,0.6172986030578613,1.8125519752502441,10.052711946727365,9.009648344935476,149.46345641686298,149.4386644116865
753,0.6193511486053467,1.8104591369628906,10.157564051696253,11.33017650092411,149.62654454053603,149.79853559154805
754,0.6142292022705078,1.8088898658752441,10.264893748298984,11.591976557717564,149.66849290506838,150.11371984780607
755,0.6169178485870361,1.8207447528839111,10.423391056471038,10.874168188987548,149.60800981028822,148.99113289833355
756,0.6152389049530029,1.8155498504638672,10.44883852107602,11.588296512343145,149.67513352636718,149.72915735387804
757,0.6144752502441406,1.827418327331543,10.492623746140556,10.705553407702675,149.6082450470796,149.32981909619554
758,0.617344856262207,1.8093528747558594,10.504912250739656,10.251579775616438,149.4857440776625,149.2158891755991
759,0.6171643733978271,1.821321964263916,10.478023212763198,9.90344858132326,149.49676967028233,149.71799185003243
760,0.617201566696167,1.8072772026062012,10.577608200545718,11.289352770196516,149.5462961744592,149.89168197322277
761,0.6175134181976318,1.814072847366333,10.693957784954097,10.395377209794228,149.60900446410614,149.86345244275907
762,0.611994743347168,1.8149240016937256,11.011598958741915,12.186060082813654,149.7624578439269,150.97319820989446
763,0.6165804862976074,1.8157048225402832,10.795822173773898,9.172408651243956,149.78748232011213,150.0487803534001
764,0.619260311126709,1.8087880611419678,10.724321022248219,10.876965042460766,149.66830712018583,148.92196784854306
765,0.618206262588501,1.8080549240112305,10.688743232210005,10.518390288605403,149.7853722435877,150.16178413235238
766,0.6157197952270508,1.8143281936645508,10.733058272932277,12.031446919565884,149.86337909670175,150.5092258850185
767,0.6164712905883789,1.817612886428833,10.677937525988497,10.15434593826487,149.94584921792207,150.1545203083989
768,0.6165390014648438,1.8044490814208984,10.696383101488145,10.436035530612923,150.1165340051594,150.92273704797236
769,0.6127803325653076,1.8075838088989258,10.944414796224141,12.383765528683213,150.1026564453271,149.57921625170965
770,0.6147489547729492,1.8235790729522705,10.910826356156306,10.953468369518179,150.01768605378192,149.04197805777073
771,0.6153035163879395,1.8229291439056396,10.89978287467023,10.284942394933456,150.0014652475258,149.7012443801978
772,0.6144869327545166,1.8183622360229492,10.853870766669582,11.726939002807173,149.9610135862979,150.56868159761558
773,0.6132969856262207,1.8177907466888428,10.901338838415802,9.647089368706165,150.0276689157203,150.7153336476244
774,0.6151180267333984,1.809335708618164,10.883420172393087,10.697778382233617,150.0551305802528,149.19658449386782
775,0.6166143417358398,1.8124778270721436,10.915744713386749,10.841635698542,149.9994659684171,149.6051380139953
776,0.6162781715393066,1.8163459300994873,10.765486265713786,10.528862442836257,149.97628125725288,150.27737877337614
777,0.6157422065734863,1.8181476593017578,10.875383612787848,11.253319409005499,149.92250812532222,149.61678898909258
778,0.615645170211792,1.806924819946289,10.895009750221318,10.63229690494762,149.7205631803579,148.90328759832914
779,0.6152408123016357,1.8147697448730469,10.773855824208193,11.172226268551952,149.7271614301633,149.64519874976355
780,0.614328145980835,1.8093550205230713,10.750395067735052,10.718860804786804,149.8658780390915,150.42914414705277
781,0.6160261631011963,1.8179903030395508,10.77027559756944,10.48374769327732,149.83770603681052,149.4195243573877
782,0.6101341247558594,1.8808727264404297,11.100080837772476,15.024991404837508,149.94879494950197,151.67957072453004
783,0.6145033836364746,1.8019356727600098,11.212065861974665,10.76693961072808,149.79673362233274,149.19472037593243
784,0.6147122383117676,1.8285796642303467,11.251447368286689,11.091593445353865,149.6917615781848,148.1468640523884
785,0.6166672706604004,1.8152177333831787,11.432773991689574,12.654901932570828,149.8008849041052,150.6963712731992
786,0.6125564575195312,1.8128643035888672,11.69988120712723,13.19993459721283,149.94126548471812,151.68118457950504
787,0.615225076675415,1.8112432956695557,11.781353426663786,12.068041604371047,150.00294656680674,150.23359980997907
788,0.6142158508300781,1.8199279308319092,11.749276697701294,10.311529615322698,150.0363212796881,149.23703472714263
789,0.6160831451416016,1.828460693359375,11.790896706459366,11.588426356132677,150.06679555022532,149.94994145513607
790,0.6179990768432617,1.811363935470581,11.784969437449456,10.659588114687722,149.99101861835607,149.67137482836011
791,0.6134579181671143,1.8225479125976562,11.854059396300366,11.174647281786413,150.04454739015551,149.95481207538228
792,0.6171247959136963,1.8072013854980469,11.345920956533366,9.943607007167504,149.78637656077115,149.0978624306863
793,0.6154794692993164,1.8106658458709717,11.360788152791589,10.915611573310313,149.82064027827033,149.53735755092418
794,0.6155440807342529,1.8120181560516357,11.24726291646091,9.956341082047075,149.92180375308303,149.1584988005153
795,0.6166970729827881,1.8245668411254883,10.910847648394796,9.290749251909673,149.79005080671453,149.3788418095146
796,0.612619161605835,1.8138926029205322,10.971911474577135,13.81057285903621,149.67887579470275,150.5694344593872
797,0.6207129955291748,1.8681907653808594,10.829747485771389,10.646401716313603,149.5226502225392,148.67134408834346
798,0.666184663772583,1.8183982372283936,10.891561426229526,10.92966901990405,149.46873042148613,148.6978367166119
799,0.6143536567687988,1.8047869205474854,10.788048840999101,10.553300503828456,149.53870786609292,150.64971590120396
800,0.6184308528900146,1.821544885635376,10.702802299477638,9.807122699473084,149.4691446245883,148.97574241331358
801,0.6207847595214844,1.8168351650238037,10.60252908723604,10.171915159370407,149.40682569517315,149.33162278123092
802,0.6138975620269775,1.825434684753418,10.688031991526746,10.798636050074595,149.42603372628523,149.28994274180707
803,0.617640495300293,1.8127377033233643,10.650794512746746,10.543236785510311,149.36146459920855,148.89166628015755
804,0.6181747913360596,1.8162131309509277,10.749738271557614,10.945778670155766,149.32440973834824,148.787950191912
805,0.619901180267334,1.81272292137146,10.930079705045253,11.094163586786056,149.23476510805122,148.48239550654432
806,0.6182734966278076,1.816411018371582,10.634991431756568,10.85969012614935,149.1559297093893,149.78108047276805
807,0.6172690391540527,1.80387282371521,10.755325678251513,11.849744181263068,149.2803820803902,149.91586779835274
808,0.6173052787780762,1.8154449462890625,10.738331141859181,10.759723655980721,149.40272707064824,149.92128661919196
809,0.6213610172271729,1.8162639141082764,10.756723103476162,10.73722011999827,149.1864093993342,148.48653918806394
810,0.6195695400238037,1.8239309787750244,10.92041728512672,11.444064515978644,149.24807953234634,149.5924437434349
811,0.6178286075592041,1.8055815696716309,11.014360151018737,11.111343818290589,149.21061042144333,148.95693167220085
812,0.6151823997497559,1.8194377422332764,11.029516728419399,10.950201824081192,149.30095000886183,150.19333861599185
813,0.6126949787139893,1.8208706378936768,11.077317430336432,11.021243804680662,149.43235957003648,150.20576189190407
814,0.6178789138793945,1.8105740547180176,11.0178760054812,10.351364421603432,149.56080704157893,150.0724249073364
815,0.621971845626831,1.8665428161621094,11.14794428337924,12.394846365766474,149.7110193963915,149.9845190546701
816,0.6180758476257324,1.8050422668457031,11.230211976071299,11.682367053069928,149.71398882316612,149.8107747405146
817,0.6183810234069824,1.8554089069366455,11.08328007993179,10.380425219867982,149.67100984484404,149.48607801513145
818,0.6189060211181641,1.8160545825958252,11.156229052822018,11.489213384883021,149.65395700833523,149.7507582541042
819,0.6187882423400879,1.8030016422271729,11.06262810717894,9.801210663567478,149.69672365981418,148.91420570285356
820,0.6160697937011719,1.8010101318359375,10.916739445135253,9.985177895541778,149.55128290141076,148.13803615940088
821,0.6171386241912842,1.8140246868133545,10.719809205661868,9.142041423556716,149.66736003545716,150.11770301266432
822,0.6168684959411621,1.8163871765136719,11.013205422513558,13.884163992598104,149.59747118715896,149.49445013301
823,0.6165659427642822,1.823122262954712,11.031322858094113,11.202418160486214,149.60785849029568,150.30963492327132
824,0.60805344581604,1.8058719635009766,12.200489199293227,22.043027833594564,149.11211981400277,145.11503814440718
825,0.6188087463378906,1.8271408081054688,12.269151305904632,13.081467431880554,149.130009247824,150.16341339288226
826,0.6178252696990967,1.8201029300689697,12.150944238983058,10.50029638385416,149.12254951467534,149.73617740902824
827,0.6200530529022217,1.8154048919677734,12.205941234479974,10.930395174837145,149.08743804920206,149.1349633603988
828,0.6168212890625,1.8189740180969238,12.454924015013427,13.979041190217536,148.71427753339304,146.0191530960138
829,0.6178839206695557,1.8119933605194092,12.483036326731236,10.082333780745603,148.85189218764384,150.29035224536167
830,0.6204168796539307,1.8186283111572266,12.44282086242018,9.583023252431207,149.05506659946005,150.16978027756304
831,0.6074738502502441,1.8620617389678955,12.566028727608096,10.37412007543586,149.01330593936228,149.70009641168673
832,0.619175910949707,1.8206911087036133,12.255785417550559,10.781730892022733,148.94152814444456,148.77667218383257
833,0.6168844699859619,1.8157989978790283,12.189830030800099,10.54286429298163,148.85326210287346,149.4269745075606
834,0.6194334030151367,1.8056349754333496,11.077856251857018,10.923290044163757,149.29544751535528,149.53689226922512
835,0.6186270713806152,1.8129479885101318,10.78037362357201,10.106641149030459,149.21733376519697,149.38227589129917
836,0.6165304183959961,1.8306231498718262,11.418019855589097,16.87675870402503,148.92977022671136,146.86054202417222
837,0.6176190376281738,1.8068420886993408,11.42117952071587,10.961991826104896,148.99774551659223,149.81471625920744
838,0.6228587627410889,1.8162562847137451,11.039551480986194,10.162760792920759,149.31514358672297,149.1931337973213
839,0.6168553829193115,1.8210830688476562,11.102882850994481,10.715647480828473,149.21080947294848,149.2470111076169
840,0.6179897785186768,1.816995620727539,11.212650395286264,10.68069869534903,149.24536144771,150.515300025178
841,0.6206169128417969,1.8258557319641113,11.141266090205779,9.660277024631018,149.16888458642504,148.93532779883705
842,0.6184453964233398,1.8191452026367188,11.11721819164101,10.541251906375052,149.34002770831498,150.48810340273187
843,0.6181578636169434,1.8194613456726074,11.11270250505525,10.49770742712403,149.3191059634247,149.2177570586577
844,0.6176459789276123,1.807286024093628,11.036425703274958,10.160522026360834,149.3423096892039,149.76892952701706
845,0.6193199157714844,1.818814992904663,11.540113229828572,15.143516414566598,148.9368616217708,145.32779521696858
846,0.6217541694641113,1.8172311782836914,10.886499000838748,10.340616414126796,149.5039427677265,152.53135348372902
847,0.6181349754333496,1.8297817707061768,10.866574034595008,10.762742163667472,149.58772036190595,150.65249220100188
848,0.6201820373535156,1.8769381046295166,10.85580084259015,10.055028872872215,149.68039708629053,150.11990104116725
849,0.6173028945922852,1.8214266300201416,10.743379797550059,9.591437030427564,149.766476836201,150.1078086067219
850,0.6152517795562744,1.8272209167480469,10.791642380415428,11.163324524002697,149.63262148829227,149.1767465460905
851,0.6185619831085205,1.816352128982544,10.81295926333119,9.873445853788663,149.76241369503438,150.23324986625818
852,0.6186668872833252,1.8213870525360107,10.828699296585134,10.698652238914462,149.67520576443735,149.61602409676163
853,0.6140038967132568,1.815709114074707,10.85606994317368,10.7714138930095,149.576508153954,148.23078095382368
854,0.6170451641082764,1.805413007736206,10.880285134479118,10.402673939415209,149.55170176638578,149.52086565133536
855,0.6161682605743408,1.808318853378296,10.521901453936026,11.559679609135685,149.93769198716763,149.18769742478713
856,0.6213719844818115,1.800736904144287,10.444647719556496,9.568079070331475,149.63403985982788,149.49483221033128
857,0.6118197441101074,1.8215210437774658,10.47611539871695,11.077418955272005,149.58543854180522,150.16647902077528
858,0.6182310581207275,1.818748950958252,10.55147254202225,10.80860030592524,149.5916621385629,150.18213700874418
859,0.6196250915527344,1.8181309700012207,10.58512402672078,9.927951877412868,149.5000505709551,149.19169293064408
860,0.602095365524292,1.811537265777588,10.483821937209392,10.150303628888823,149.5619160450836,149.7954012873751
861,0.6176135540008545,1.8172051906585693,10.759485678824323,12.63008326993797,149.48591242682264,149.47321368364877
862,0.6204309463500977,1.8480846881866455,10.839203455589843,11.495830006569665,149.5608984845985,150.3658846745201
863,0.6403279304504395,1.903268814086914,10.878086436668056,11.160243703791625,149.6284095926482,148.90589203432077
864,0.6178243160247803,1.8154969215393066,10.944933395087569,11.071143523610331,149.6040916284434,149.2776860092875
865,0.6163907051086426,1.8378369808197021,10.84739170932642,10.584262751524193,149.61344465664578,149.28122770681074
866,0.617501974105835,1.815378189086914,11.128845238505711,12.38261436212439,149.64439397926427,149.80432543651605
867,0.618931770324707,1.811056137084961,11.142084600220112,11.209812572416013,149.61801752623762,149.9027144905087
868,0.6131720542907715,1.8203449249267578,11.202366690993077,11.411421213654908,149.31097091657915,147.11167091215987
869,0.6117429733276367,1.8198370933532715,11.898327753834177,16.88756250582385,149.18451409386574,147.9271247035098
870,0.6167359352111816,1.8306288719177246,11.911060705319139,10.277633143738441,149.14919551121278,149.44221546084538
871,0.5906665325164795,1.8254921436309814,11.797350245310778,11.492978669854374,148.0926287758891,138.90754633041206
872,0.6138060092926025,1.8164217472076416,11.751634515249371,11.038672705955586,148.1072006849015,150.5116037646439
873,0.6055152416229248,1.8190951347351074,11.790135301026275,11.545251561560665,148.25475048623383,150.38139004764412
874,0.6160166263580322,1.8124310970306396,12.42051245181733,17.37491503152088,147.98852503008877,146.615431447837
875,0.603668212890625,1.8177576065063477,12.529431609371269,11.673454327063572,148.21191736173637,151.51515102328705
876,0.6156139373779297,1.8191049098968506,12.278093481925247,9.869233087664188,148.1473394654905,149.15854647405715
877,0.618682861328125,1.8134818077087402,12.133963938379162,9.768517136955152,148.07739290879738,149.2032489235776
878,0.6200294494628906,1.809324026107788,11.969560295145136,9.767384781314645,148.2857498845703,149.19524066988885
879,0.6188585758209229,1.8186249732971191,11.289228640476583,10.084245959138332,148.609785820455,151.16748406235672
880,0.6219215393066406,1.820307970046997,11.35552659258909,10.940612664863508,148.6869742867653,150.21410012394864
881,0.6153156757354736,1.8719708919525146,11.25979532456071,10.535665989570562,149.72271528997268,149.26495636248598
882,0.6168441772460938,1.805433750152588,11.175705641300931,10.197775873357806,149.92593697696287,152.54382063454568
883,0.6037354469299316,1.8017489910125732,12.009371399794235,19.8819091464937,148.28765101107678,133.99853038878325
884,0.614954948425293,1.8205931186676025,11.559810024803886,12.879301281617396,148.55483502976182,149.28727163468704
885,0.6161594390869141,1.8239309787750244,11.786505972628802,13.940413805312733,148.36079393943584,149.57474012002743
886,0.6183450222015381,1.8142988681793213,12.500982471660434,17.013998077980514,148.31078148909904,148.6584219706894
887,0.6205787658691406,1.8228530883789062,12.462118988055556,9.379882300906358,148.38332319072327,149.92866593982
888,0.6191351413726807,1.819978952407837,12.479575609604717,9.941950996806252,148.59124124695416,151.27442123219754
889,0.615609884262085,1.8166460990905762,12.416119891396242,9.449688777053577,148.33588247024915,148.6138962953063
890,0.6194498538970947,1.8125317096710205,12.202232829925906,8.801742050160161,148.22299844449375,149.08525986639506
891,0.6011013984680176,1.812006950378418,12.347747525576207,11.990812946073568,148.27359648500368,149.77093676758506
892,0.6191351413726807,1.795670747756958,12.255008818846118,9.27038880605691,147.9290670544493,149.0985263290019
893,0.614835262298584,1.8119804859161377,11.20241814061286,9.356002364161125,149.49774692087618,149.6853290530521
894,0.6155922412872314,1.8181037902832031,10.898077941076988,9.835899286258687,149.51491902129814,149.4589926389068
895,0.6192164421081543,1.8101837635040283,10.546034544695926,10.419979841502126,149.624740118745,150.67295109449577
896,0.6130290031433105,1.8140437602996826,10.030668971845635,11.860342349477587,149.67056211945985,149.11664197783784
897,0.6196651458740234,1.869230031967163,10.11563873152937,10.229579897743687,149.60714461280855,149.29449087330704
898,0.6183061599731445,1.8090078830718994,9.99057995774921,8.691363259004675,149.30636646677448,148.266639771857
899,0.6782753467559814,1.8175621032714844,9.97583820604635,9.302271260024968,149.40081130959987,149.55834472356045
900,0.6040587425231934,1.8066720962524414,10.033851004408884,9.381870033785514,149.4887279764227,149.96442653462316
901,0.615816593170166,1.8096799850463867,10.877605690041506,20.428359802399775,149.22120298961937,147.0956868995512
902,0.6175689697265625,1.8237190246582031,10.901812797292802,9.51245987856987,149.32774877943433,150.16398422715184
903,0.6179993152618408,1.830543041229248,11.48627732656403,15.200647656873407,149.0547341870351,146.95518312906
904,0.631054162979126,1.8471260070800781,11.475840948031152,9.731535500929901,148.94269347377139,148.3385855062692
905,0.6181731224060059,1.8158330917358398,11.57913301751575,11.45290053634809,148.90396084187708,150.28562477555278
906,0.6044213771820068,1.8343935012817383,11.134199654249421,7.411008716814324,147.45946199168844,134.6716534759516
907,0.6154508590698242,1.8189470767974854,11.091006424960804,9.797647604857524,147.41343050785957,148.83417603501834
908,0.6191067695617676,1.8184502124786377,11.183390494816937,9.61520395756601,147.74719204561626,151.6042551494241
909,0.6229767799377441,1.834212064743042,11.221294825018536,9.681314562040928,147.72114355114894,149.2978597788872
910,0.6197128295898438,1.8743891716003418,11.27947201247248,9.963641908324973,147.67794571090604,149.5324481321943
911,0.6215219497680664,1.83266019821167,10.196241275363239,9.596052431307367,147.8803017354022,149.11924714451294
912,0.6202590465545654,1.8295032978057861,10.419488926558328,11.744936390520763,147.81121181862835,149.4730850594131
913,0.6169877052307129,1.8285179138183594,10.312870257842935,14.134460969719463,148.10873203032781,149.93038524605487
914,0.6250195503234863,1.8788888454437256,10.343820156440424,10.041034486904806,148.14842129600433,148.73547816303426
915,0.639575719833374,1.8580729961395264,10.145359732274283,9.468296294686674,148.0885297549641,149.68670936515048
916,0.6449832916259766,2.158329725265503,10.416959483001781,10.127006224089316,149.46582864389063,148.4446423652169
917,0.6382730007171631,1.924483060836792,10.542978674933646,11.057839524176181,149.97234012406614,153.89929083677325
918,0.6399741172790527,1.8893680572509766,10.481585886585545,9.00127607408498,149.74506366325133,149.33149054127603
919,0.6178891658782959,1.8473689556121826,10.327027330789633,8.135729004081814,148.81340326161575,139.98125576253148
920,0.6501929759979248,1.9649152755737305,10.317819684450008,9.871565444928716,148.76329542652184,149.03136978125502
921,0.6431066989898682,1.938312292098999,10.464663974303646,11.064495329843739,148.7988045569944,149.47433844923864
922,0.6494171619415283,1.9531886577606201,10.33648305116317,10.463127159116015,148.82352486119868,149.72028810145625
923,0.6414742469787598,2.0082900524139404,10.065322927033648,11.422859728424246,148.8183288489702,149.87842512376992
924,0.639167308807373,1.9006218910217285,10.083222766481835,10.220032881386686,148.91082180697353,149.6604077430676
925,0.6367678642272949,1.8611862659454346,9.843004705045603,7.066115680324325,147.99095100458118,140.48800134122695
926,0.6250729560852051,1.9430878162384033,9.964588422870813,11.342843402341419,148.00833517418852,148.61848406128988
927,0.638385534286499,1.875335931777954,9.709284551745009,8.504800812918143,147.55299023581827,149.3458414530709
928,0.6231460571289062,1.826228141784668,9.919899079184432,11.107421348479217,147.44313472177163,148.2329354008097
929,0.6203272342681885,1.809133768081665,10.040865814573895,9.345396357976446,148.46281425573073,150.1780511021223
930,0.6182568073272705,1.8129267692565918,10.149763188621323,10.960539185402997,148.5401961291241,149.80518851518883
931,0.6046123504638672,1.8772118091583252,11.10623894888157,20.629252932446207,147.99378498359414,144.01022699393923
932,0.6206550598144531,1.826078176498413,11.1198856432535,10.599594102835326,148.0442574265657,150.22501253117136
933,0.6222960948944092,1.8161768913269043,11.071451962841925,10.93852292430849,148.00084094435243,149.44426030163743
934,0.6221752166748047,1.8111228942871094,11.003978501365303,9.545298266620463,147.99056397029005,149.55763800244387
935,0.6176943778991699,1.8159050941467285,11.371525801701232,10.741588683683602,148.86055822634145,149.18794390174125
936,0.6239516735076904,1.812354326248169,11.334489773324313,10.972483118572242,148.90923471476876,149.10524894556272
937,0.6234414577484131,1.8196642398834229,11.486549006640312,10.025393146078123,149.01951345380127,150.44862884339614
938,0.6158924102783203,1.817979335784912,11.358886703991093,9.830798321987034,149.1093690545732,149.13149140852875
939,0.6166579723358154,1.8260409832000732,11.559531872662514,11.35184804469067,149.14430959349815,150.52745649137196
940,0.6164617538452148,1.8148210048675537,11.44207863441022,9.786006802880049,149.18713612832255,150.23345386343266
941,0.620708703994751,1.8151683807373047,10.284833477534997,9.056801363693976,149.64154384706558,148.5543041813696
942,0.6198105812072754,1.8117098808288574,10.23214124928659,10.072671820351268,149.43736059947838,148.18318005529937
943,0.6225852966308594,1.8181757926940918,10.180722222440886,10.424332655851423,149.46743597714416,149.74501407829553
944,0.6197540760040283,1.821077823638916,10.267192565469959,10.410001696911195,149.46417836232132,149.52506185421518
945,0.6153056621551514,1.8156909942626953,10.322561008890002,11.295273117884046,149.45943451403667,149.14050541889463
946,0.6083042621612549,1.8208799362182617,11.720936145805737,24.956234487729585,149.63478082264925,150.85871203168864
947,0.6179914474487305,1.8122279644012451,11.674755375566201,9.563585443682772,149.62302822014084,150.33110281831205
948,0.6174371242523193,1.8765959739685059,11.78317555012384,10.915000067563426,149.55874690645456,148.48867827166566
949,0.6169800758361816,1.798759937286377,11.864625337821595,12.166345921668215,149.5107283847352,150.04727127417857
950,0.6192629337310791,1.8181939125061035,12.080839578635235,11.94814921101645,148.7724516675782,142.85068669186268
951,0.6206619739532471,1.8297162055969238,12.334855634947674,11.59696192681837,148.95549966925824,150.38478419817037
952,0.6162209510803223,1.8196141719818115,12.364736425971214,10.371479730586675,149.012414190191,148.75232526462676
953,0.623786211013794,1.8119170665740967,12.309185819734445,9.868826593483735,149.0101045573326,149.72191774971128
954,0.6073164939880371,1.8222298622131348,12.31974681042266,10.515611603793342,149.1294409655731,150.7184259366204
955,0.6203727722167969,1.815810203552246,12.26416895388121,10.739494552469544,149.23271388518003,150.17323461496403
956,0.6197118759155273,1.82814621925354,10.847666333867014,10.791208287587612,149.12120912965685,149.7436644764569
957,0.6115937232971191,1.8261988162994385,11.630377208516553,17.39069419017816,149.0521999451531,149.64101097327438
958,0.6191284656524658,1.8150076866149902,11.863500290837774,13.246230890775657,149.19248154696962,149.89149428983075
959,0.6109597682952881,1.828423261642456,11.722595940316769,10.757302416458158,149.16457671691768,149.7682229736593
960,0.6179718971252441,1.8231861591339111,11.55997888255756,10.321978633424354,149.76900137274293,148.89493325011534
961,0.6207308769226074,1.8199899196624756,11.505421459968932,11.051387700932095,149.69292389372902,149.62400940803082
962,0.6186800003051758,1.8171348571777344,11.723524418864752,12.552509319544868,149.66538504420018,148.47693676933858
963,0.6166818141937256,1.818897008895874,11.693424074472436,9.567823149560567,149.66895782759363,149.7576455836459
964,0.6184189319610596,1.873431921005249,11.716749925948495,10.748870118553938,149.65657167272218,150.59456438790585
965,0.6197936534881592,1.8208470344543457,11.646065477801681,10.032650071001411,149.57506969341043,149.3582148218465
966,0.6178503036499023,1.816436767578125,11.516594305500337,9.496496564574171,149.3885790504218,147.87875804657045
967,0.6187443733215332,1.8211588859558105,10.880027102616427,11.025022161339056,149.3609301387713,149.3645218567694
968,0.6175088882446289,1.800797939300537,10.553340042794304,9.979360292554421,149.35355432534163,149.81773615553402
969,0.6174900531768799,1.806574821472168,10.503323396913446,10.257135957649586,148.90391729318856,145.27185265212862
970,0.6190555095672607,1.8306219577789307,10.542389286355876,10.71263752784866,148.99665054183626,149.82226573659256
971,0.6191041469573975,1.8198668956756592,10.531569499626332,10.943189833636655,149.0394750907441,150.05225489710904
972,0.6233968734741211,1.821779489517212,10.33948054260093,10.631619749290834,149.1227180867479,149.3093667293764
973,0.6173241138458252,1.8136320114135742,10.365900165717022,9.832019380721494,149.08225265028074,149.35299121897478
974,0.6098265647888184,1.815701961517334,10.838149389253953,15.47136235392326,148.92453482491123,149.01738613421077
975,0.6186809539794922,1.8084189891815186,10.828697355912059,9.938129737582454,148.86060595899352,148.718926162669
976,0.618952751159668,1.8080508708953857,10.90672027532558,10.276725758709356,148.9302904292152,148.57560274878728
977,0.618319034576416,1.8195569515228271,11.597659030207486,17.934409710158153,147.88427600425524,138.90437760717018
978,0.6209921836853027,1.8178739547729492,11.641906274473577,10.421832735215322,148.1186374699631,152.16135081261234
979,0.6110014915466309,1.8131279945373535,11.605683788834238,9.894911101256199,148.5462679385358,149.54815733785574
980,0.6215348243713379,1.8166401386260986,11.476404630096143,9.419845940467694,148.5230261275582,149.58984762681663
981,0.6185858249664307,1.8706281185150146,11.287099640446979,9.05013993714504,148.44991133533352,149.32110697486235
982,0.6169390678405762,1.847599983215332,11.299514284239695,10.755766187217986,148.4475225293665,149.28547866970615
983,0.6196448802947998,1.817044973373413,11.289879795010384,9.735674488428378,148.60700094423947,150.9477753677043
984,0.618391752243042,1.8107049465179443,10.81614403964102,10.734004800229634,148.63719319848033,149.31930867661902
985,0.6127724647521973,1.9006309509277344,11.350347443144383,15.28016377261607,148.19603209963003,144.3073151741661
986,0.6197199821472168,1.8186039924621582,11.474175793278329,11.515009260048796,148.2969599774885,149.58488152737226
987,0.6205489635467529,1.808741807937622,10.625808409142772,9.450735868802585,149.4051018331234,149.98579616351938
988,0.6168129444122314,1.8255538940429688,10.609305538645097,10.256804030238587,149.16034452026844,149.71377768406225
989,0.6203508377075195,1.8069732189178467,10.603705223918755,9.838907953992766,149.35696881068102,151.51440024198166
990,0.6185402870178223,1.8222060203552246,10.732401821042835,10.706811911708499,149.34180385333931,149.4381980533997
991,0.6092648506164551,1.8141050338745117,10.767836938138243,9.40449110809914,149.36450628618988,149.54813130336782
992,0.6188936233520508,1.824291706085205,10.626300747676828,9.340404282603826,149.3427164205421,149.06758001322873
993,0.619131326675415,1.8344578742980957,10.663403114036786,10.106698152027956,149.11166247077864,148.6372358700695
994,0.6179616451263428,1.822943925857544,10.71648998674701,11.264873527331853,149.09994760592022,149.20216002803488
995,0.6185109615325928,1.8255817890167236,10.215986994008729,10.275133845233272,149.59076337573885,149.21547287235214
996,0.6215789318084717,1.8182027339935303,10.014974262237512,9.504881942336638,149.5725467941357,149.40271571134076
997,0.6178979873657227,1.8117468357086182,10.095987987743104,10.260873123858518,149.5001011151067,149.26133937322956
998,0.676201581954956,1.8268792629241943,9.928469507051473,8.581619223322269,149.48173261562954,149.53009268929077
999,0.6157674789428711,1.823340892791748,10.258829890423447,13.1425117877125,149.22977399043995,148.99481399008567
0,1.0436811447143555,2.847991943359375,10.849150457958848,10.849150457958848,191.2944053810345,191.2944053810345
1,1.035395860671997,2.227205991744995,10.694809468463234,10.540468478967618,191.50757310728696,191.72074083353942
2,1.0497019290924072,2.2533609867095947,10.596498539682338,10.39987668212055,191.48782986966515,191.44834339442153
3,1.0460855960845947,2.227060317993164,10.460619969716511,10.05298425981903,191.40513424112737,191.157047355514
4,1.0270969867706299,2.2028889656066895,10.27225286604357,9.51878445135181,191.4790194036604,191.7745600537926
5,1.0497751235961914,2.218740940093994,10.193495413873856,9.799708153025295,191.67521526562302,192.656194575436
6,1.0352628231048584,2.3038320541381836,10.204020422814512,10.267170476458443,191.555372771076,190.83631780379386
7,1.0890319347381592,2.2431089878082275,10.214460501619289,10.287541053252724,191.56673106814273,191.6462391476098
8,1.0488817691802979,2.240615129470825,10.125963001891835,9.417983004072202,191.53244490053672,191.25815555968882
9,1.0278782844543457,2.2463178634643555,10.170436610940472,10.570699092378206,191.50197376246717,191.2277335198412
10,1.0243990421295166,2.202821969985962,10.002175871493897,9.166543063493094,191.54405504345775,191.71521819094033
11,1.0253078937530518,2.2093212604522705,9.914468322277624,9.663392986804876,191.4518546395832,190.79873679479365
12,1.0193507671356201,2.220269203186035,9.80051627588206,9.260356218164912,191.44692543331024,191.399051331692
13,1.023728847503662,2.2175145149230957,9.80555713078435,10.10339280884195,191.47612328503754,191.449025872787
14,1.0291619300842285,2.203186273574829,9.853716333883622,10.000376482344501,191.41984625904848,191.21178979390243
15,1.0314509868621826,2.2113990783691406,9.743811785611296,8.700662670302034,191.28361733862724,191.2939053712233
16,1.0237109661102295,2.2115659713745117,9.762197011604666,10.451022736392162,191.32480607325843,191.24820515010583
17,1.022289752960205,2.2036423683166504,9.725425651719181,9.91982745439789,191.2563252310319,190.96143072534443
18,1.0230820178985596,2.214574098587036,9.824456782671664,10.408294313597011,191.25418865890262,191.23678983839613
19,1.0240259170532227,2.206760883331299,9.719278334074556,9.51891460640714,191.28526413138053,191.53848824461977
20,1.0824599266052246,2.194721221923828,9.809439661519104,10.068156337938557,191.1822853185268,190.68543006240333
21,1.026524543762207,2.200852870941162,9.765436338433897,9.223359755952796,191.26853233593894,191.66120696891508
22,1.0312907695770264,2.201604127883911,9.889259095637897,10.498583790204911,191.26289710083347,191.3426989806374
23,1.0275943279266357,2.2070531845092773,9.768571014530133,8.896511997764314,191.3317110996708,192.13716586116024
24,1.026273250579834,2.2195940017700195,9.739373619761686,9.708402534660044,191.37018251434318,191.59650394062626
25,1.0304758548736572,2.2049899101257324,9.855612858646698,9.86305505915217,191.36110530387407,191.2031332665322
26,1.0274181365966797,2.2212867736816406,9.765734606437011,9.552240214295274,191.3676468147525,191.31362025889015
27,1.0178215503692627,2.210127353668213,9.82350458404504,10.49752723047817,191.08710913962082,188.15605397402769
28,1.0201306343078613,2.199970006942749,9.83203810766707,10.493629549817342,191.19191322671156,192.28483070930355
29,1.0859160423278809,2.2095248699188232,9.828513668521317,9.483670214949601,191.23684236082386,191.98777958574252
30,1.0024478435516357,2.200840950012207,10.64098421390306,18.192861791755984,189.66723602338485,174.98936668801332
31,1.0226325988769531,2.2146780490875244,10.77168689710088,10.530386587930973,189.60296588015018,191.01850553656834
32,1.0289666652679443,2.2156522274017334,10.720070944570105,9.982424264897176,189.6469877250235,191.78291742937114
33,1.0663526058197021,2.2247140407562256,10.894049398228136,10.63629653434461,189.69413932786935,192.60868188961854
34,1.0252859592437744,2.2039833068847656,11.043416228841673,11.202070840795423,189.57745479029668,190.4296585648992
35,1.027369737625122,2.207097053527832,11.17223833164184,11.151276087153821,189.59631666277465,191.391751991312
36,1.0261757373809814,2.2159149646759033,11.43089801636022,12.138837061479109,189.4677670270084,190.0281239012278
37,0.9959731101989746,2.2099077701568604,11.399614142392908,10.18468849080503,189.21968345361972,185.67521824014088
38,1.0275535583496094,2.277735710144043,11.443970050940056,10.937188635288825,189.20337333423726,192.12172951547882
39,1.0233511924743652,2.2126400470733643,11.46322536265896,9.676223332138669,189.14674420262114,191.4214882695814
40,1.0306196212768555,2.201785087585449,10.620390981549928,9.76451798066564,190.84863538956293,192.0082785574308
41,1.0223548412322998,2.2232887744903564,10.728509561138772,11.611572383819407,190.94412001384177,191.97335177935724
42,1.0303559303283691,2.221140146255493,10.744548282697254,10.142811480481996,190.98393674725162,192.18108476346936
43,1.02443528175354,2.2180721759796143,10.811309183288184,11.303905540253924,190.86725777524316,191.44189216953413
44,1.0282819271087646,2.227820873260498,10.761009518940845,10.69907419732203,191.00278109427128,191.78489175518035
45,1.0274779796600342,2.221889019012451,10.625425483177947,9.795435729524836,191.03155644267724,191.67950547537163
46,1.026305913925171,2.2742929458618164,10.37607533444518,9.64533557415141,191.28388829996908,192.55144247414592
47,1.029383659362793,2.2868168354034424,10.3009793545831,9.433728692184271,191.88039799050313,191.64031514548168
48,1.0287528038024902,2.2388341426849365,10.244664423367151,10.37403932312933,191.8274081194425,191.59183080487242
49,1.02992582321167,2.214221239089966,10.205277874021705,9.282357838684208,191.89782732326725,192.1256803078291
50,1.0305604934692383,2.2169151306152344,10.236856920656498,10.080308447013584,191.8462357324456,191.49236264921439
51,1.0285892486572266,2.217780590057373,10.153951983946852,10.782523016722944,191.79235538632685,191.43454831816956
52,1.0289831161499023,2.210521697998047,10.151048857589783,10.113780216911291,191.70191564445713,191.2766873447722
53,1.030555248260498,2.216770887374878,10.063671553694924,10.43013250130532,191.73204556283173,191.74319135328028
54,1.0449466705322266,2.2285847663879395,10.071634083243898,10.778699492811793,191.74728276699278,191.93726379679077
55,1.0626394748687744,2.332843542098999,9.983779083478701,8.916885731872853,191.67512263524503,190.95790415789378
56,1.0649609565734863,2.2789878845214844,9.982311990335905,9.630664642723474,191.60403683742064,191.84058449590196
57,1.0402343273162842,2.3084988594055176,9.960776539965446,9.218374188479665,191.60599003466533,191.6598471179285
58,1.034625768661499,2.2217040061950684,10.001525186010733,10.781525783582193,191.60014027757828,191.53333323400216
59,1.0463602542877197,2.2649648189544678,10.024519215375324,9.512298132330127,191.54178661441168,191.542143676163
60,1.0316119194030762,2.244349956512451,9.995742778693462,9.792544080194956,190.38449291616126,179.9194256667104
61,1.0377702713012695,2.2438838481903076,9.933773633549297,10.16283156528129,190.37043111666918,191.29393032324865
62,1.0324211120605469,2.223562002182007,9.982382783306427,10.599871714482598,190.43307472525248,191.90312343060566
63,1.0693788528442383,2.3787930011749268,10.11356312793762,11.741935947617268,190.48305521751658,192.2429962759212
64,1.0799338817596436,2.2933011054992676,10.088107820079959,10.52414641423517,190.46502191366795,191.75693075830426
65,1.0947265625,2.31247878074646,10.188963321812931,9.925440749202572,190.62382019314126,192.54588695262697
66,1.0794379711151123,2.2462351322174072,10.224710354660093,9.988134971195073,190.43440820709597,189.94646463544913
67,1.0282440185546875,2.2737820148468018,10.273273477477627,9.704005416655033,190.401692795776,191.33269300472864
68,1.0444233417510986,2.26460599899292,10.252086501937985,10.56965602818575,190.49751421797947,192.49154745603659
69,1.0503158569335938,2.345228910446167,10.30794661445307,10.070899257480992,190.49294089556207,191.49641045198894
70,1.0571045875549316,2.2638721466064453,10.35690064209498,10.282084356614035,191.71874039182575,192.17742062934735
71,1.0453591346740723,2.253092050552368,10.359872449524758,10.192549639579077,191.6918799078742,191.02532548373344
72,1.0672791004180908,2.2944369316101074,10.207494133255066,9.076088551785706,191.69391877785023,191.92351213036568
73,1.0644750595092773,2.2993721961975098,9.98786156248688,9.545610239935417,191.61515036400843,191.45531213750314
74,1.0636160373687744,2.307204246520996,9.994398538857848,10.58951617794482,191.53645414421356,190.96996856035562
75,1.0611085891723633,2.333784818649292,10.13609009203059,11.342356280930003,189.65116120807093,173.6929575912007
76,1.0361790657043457,2.228864908218384,10.144475176514403,10.071985816033209,189.84353063196517,191.8701588743918
77,1.031733751296997,2.2244062423706055,10.138517488540401,9.64442853691501,189.8222014285515,191.1194009705917
78,1.025482177734375,2.2305009365081787,10.165943001222615,10.84391115500788,189.7111913159992,191.38144633051346
79,0.9995551109313965,2.219907760620117,10.833388525684288,16.745354502097705,189.1523386209851,185.90788350184806
80,1.0293161869049072,2.2188758850097656,10.855894777746355,10.507146877234742,189.16409677812877,192.2950022007841
81,1.0268561840057373,2.2342193126678467,10.82041965643462,9.837798426461683,189.2299642818294,191.68400052074014
82,1.0466499328613281,2.267768144607544,10.845779880896416,9.329690796403696,189.248344585437,192.10731516644148
83,1.0534491539001465,2.281179904937744,10.945305598404117,10.54086741501241,189.27118090166917,191.68367529982442
84,1.0300350189208984,2.2262320518493652,10.86135222437252,9.749982437628866,189.36050495008516,191.86320904451577
85,1.0186152458190918,2.2289175987243652,10.723590874403977,9.96474278124456,191.08744743664585,190.96238245680763
86,1.0902073383331299,2.231947898864746,10.76457090872963,10.481786159289747,191.10227243846447,192.01840889257772
87,1.0279059410095215,2.226400852203369,10.786965683825596,9.868376287874673,191.20022895124788,192.09896609842588
88,1.0312426090240479,2.227842092514038,10.699704976485013,9.971304081602058,191.204545387079,191.42461068882514
89,1.0273070335388184,2.2259232997894287,10.006141738110149,9.809722118349036,191.67806781419546,190.64310777301245
90,1.0270090103149414,2.2292819023132324,9.944414317635616,9.889872672489414,191.5900564109699,191.41488816852845
91,1.0288078784942627,2.224382162094116,9.95492155362124,9.942870786317922,191.57067503083496,191.4901867193907
92,1.034764289855957,2.234990358352661,10.112706855221152,10.907543812402828,191.50547870854365,191.4553519435284
93,1.030372142791748,2.239109754562378,9.999994816490727,9.413747027708155,191.52351657426007,191.8640539569883
94,1.0284955501556396,2.2206430435180664,10.068051573831568,10.430550011037278,191.41911483175954,190.8191916195109
95,1.032942295074463,2.2215418815612793,10.002558784923432,9.309814892163203,191.60900570206815,192.86129115989354
96,1.0363779067993164,2.226321220397949,10.092086145521325,11.377059765268687,191.90727350586457,195.00108693054185
97,1.0309040546417236,2.2342147827148438,10.172218571479235,10.669700547453775,191.85003080320513,191.52653907183182
98,1.0338847637176514,2.233119249343872,10.171838252008401,9.967500886893717,191.89654160147913,191.88971867156516
99,1.029587745666504,2.294029712677002,10.284622880154325,10.937568399808264,191.98676828555185,191.54537461373965
100,1.039604663848877,2.2195310592651367,10.366139397823968,10.705037849185842,192.0323684060235,191.8708893732445
101,1.0343539714813232,2.227951765060425,10.477928765960126,11.060764467679512,191.95976414635084,190.76414412266428
102,1.0284936428070068,2.234738826751709,10.468547222518087,10.813728377982429,192.095662556561,192.81433604563028
103,1.0251479148864746,2.2239298820495605,10.564723671562227,10.375511518149565,191.95176641918016,190.42509258317978
104,1.0364224910736084,2.2334401607513428,10.533661852235003,10.119931817765016,192.03862902051804,191.6878176328893
105,1.0362236499786377,2.2255330085754395,10.597889303411824,9.952089403931424,191.7672262372185,190.1472633268982
106,1.0311861038208008,2.2272510528564453,10.469695201632602,10.095118747476473,191.39341579213288,191.26298247968617
107,1.038290023803711,2.2311179637908936,10.403304147272358,10.005790003851342,191.4547395412765,192.1397765632678
108,1.0140478610992432,2.230870246887207,10.409889352585711,10.033352940027235,190.82103156734954,185.55263893229534
109,1.0353050231933594,2.2327868938446045,10.44193311319828,11.258006005933963,190.81527175149196,191.48777645516412
110,1.0366530418395996,2.2337443828582764,10.434442999573166,10.630136712934704,190.7882039754101,191.60021161242588
111,1.0408079624176025,2.2208847999572754,10.32119562201941,9.928290692141948,190.89654793421192,191.84758371068241
112,1.035214900970459,2.2818782329559326,10.208684907527545,9.68862123306379,190.77925160252602,191.6413727287711
113,1.0428962707519531,2.231672763824463,10.323280257339192,11.521465016266042,190.86734954039105,191.30607196183024
114,1.0855181217193604,2.219681978225708,10.2997121543428,9.884250787801083,190.75372510042044,190.55157323318338
115,1.0355892181396484,2.288559913635254,10.347779550063436,10.432763361137773,190.87933139406044,191.40332626329814
116,1.0349500179290771,2.21856951713562,10.410436849255905,10.721691739401182,190.90947923402973,191.56446087937877
117,1.0331313610076904,2.2200968265533447,10.452741561470273,10.428837125995017,190.93117676822163,192.35675190518683
118,1.0376560688018799,2.229490041732788,11.893673954271696,24.442676868041453,191.80044703327837,194.24534158286266
119,1.0299971103668213,2.219233989715576,11.851131704239652,10.832583505613538,191.67580236314302,190.24132975381102
120,1.0277533531188965,2.2413201332092285,11.843931216321392,10.5581318337521,191.90174266158374,193.859614596833
121,1.0103931427001953,2.239556074142456,12.011244113001295,11.601419658940978,191.84657295334802,191.29588662832498
122,1.0174260139465332,2.222907781600952,12.234528011688607,11.921460219936893,191.7951887539792,191.12753073508316
123,1.0170905590057373,2.2863717079162598,12.010614819664955,9.282333096029543,191.90319876513328,192.38617207337091
124,1.0333707332611084,2.226531982421875,12.101158829992784,10.789690891079365,191.93734725318035,190.89305811365395
125,1.031545639038086,2.2891829013824463,12.142237593937882,10.843551000588754,192.005614958209,192.08600331358483
126,0.9896836280822754,2.2201201915740967,13.05714280023563,19.870743802378662,189.9673964821588,171.1822761188767
127,1.0357513427734375,2.2205493450164795,13.048763781278776,10.345046936426485,189.85380596588783,191.220846742477
128,0.9530937671661377,2.235218048095703,13.945103543907152,33.40607449432521,185.601323288289,151.72051480687423
129,1.0336191654205322,2.2316527366638184,13.926617744932154,10.647725515863538,185.71720214063834,191.4001182773048
130,1.0294849872589111,2.239928960800171,14.03411657879821,11.63312017241268,185.4638487645248,191.32608083569738
131,1.0176799297332764,2.2249388694763184,13.820088489646574,9.461138767424625,184.65114363107193,183.16883529379635
132,1.0347201824188232,2.3315184116363525,13.672144448164437,10.442019805115496,184.71807247951855,191.79681921954932
133,1.0296282768249512,2.2310879230499268,13.92746335997289,11.835522214114075,184.44662342311472,189.67168150933236
134,1.0356216430664062,2.2356507778167725,13.877800438678037,10.293061678130847,184.4045573745393,190.47239762790002
135,0.9831559658050537,2.238037347793579,14.059449579864856,12.660042412456935,182.39827206975335,172.02315026572495
136,1.034512996673584,2.235563039779663,13.262889818252528,11.905146186255394,184.20658201438823,189.26537556522592
137,1.0310654640197754,2.2337870597839355,13.145816652898134,9.174315282882532,184.239455148407,191.54957808266465
138,1.0321342945098877,2.2315304279327393,10.837354656682646,10.321454532170357,188.01698663162924,189.49582963909654
139,1.0083661079406738,2.230050802230835,11.651566609204183,18.789845041078888,188.39560328872668,195.18628484827934
140,1.0439856052398682,2.2093849182128906,11.47591223502177,9.87657643058856,188.43394472977545,191.70949524618504
141,1.0169987678527832,2.2163431644439697,11.406938982683387,8.77140624404079,187.8585364831136,177.41475282717786
142,1.03023099899292,2.250939130783081,11.394197832347912,10.314608301760739,187.78488252644726,191.06027965288575
143,1.0335972309112549,2.211351156234741,11.241461861047771,10.308162501112651,187.93353049998922,191.15816124475197
144,1.029918909072876,2.2199060916900635,11.217648439706734,10.05492746472049,187.9711910121426,190.84900274943413
145,0.9914247989654541,2.2288520336151123,12.435034146287212,24.833899478261724,188.47741387189845,177.0853788632835
146,1.0349645614624023,2.2267961502075195,12.39443465223848,11.499151245768081,188.7179117301908,191.67035414814882
147,1.0160422325134277,2.212380886077881,12.576210324581155,10.992072006309265,188.6329842848086,190.7003036288432
148,1.0331170558929443,2.2091219425201416,12.494452400593332,9.503875292292118,188.82398182595395,191.4058050505501
149,1.030505895614624,2.299718141555786,11.633467955903836,10.180000594183946,188.33121359215656,190.2586025103052
150,1.0345163345336914,2.229261875152588,11.627741915289139,9.819316024441584,188.43798474979099,192.77720682252945
151,1.0099945068359375,2.2751517295837402,12.893432005399049,21.428307145139883,190.4826526589811,197.8614319190789
152,1.0366668701171875,2.228429079055786,12.995474894622385,11.335037193994104,190.46886714486953,190.92242451176986
153,1.0384271144866943,2.216162919998169,13.067989383591456,11.033307390803339,190.50285849347833,191.49807473084036
154,1.0382587909698486,2.2247090339660645,13.21787598391047,11.553793467910673,190.4386684546238,190.20710236088874
155,1.0413925647735596,2.2311136722564697,11.90333760936085,11.688515732765499,191.8317939285851,191.01663360289655
156,1.035979986190796,2.2223243713378906,11.776724657265664,10.23302172481625,191.84259160289216,191.77833089121953
157,1.0421011447906494,2.2283871173858643,11.679031288917251,10.015138322825106,191.77444766069033,190.0188642068248
158,1.0397286415100098,2.2209248542785645,11.71057049156603,9.819267318779904,191.71769301859973,190.83825862964392
159,1.0376989841461182,2.2282702922821045,11.709353336650292,10.1678290450266,191.82929729333344,191.37464525764227
160,1.0340354442596436,2.2197747230529785,11.797633068589587,10.702113343834524,191.70136191519458,191.49785304114096
161,1.1431872844696045,2.232835292816162,10.7021639138686,10.47361559793001,191.0555071655484,191.40288442261726
162,1.0348458290100098,2.227384090423584,10.56129448033009,9.926342858609006,191.03580526366505,190.72540549293655
163,1.034592866897583,2.2317349910736084,10.573404616617891,11.154408753681352,191.09240445962678,192.0640666904572
164,1.036525011062622,2.2367682456970215,10.505028296424205,10.870030265973792,191.23780843109233,191.66114207554472
165,1.001112699508667,2.229799270629883,10.488655638654917,11.524789155072622,189.17178471076977,170.3563963996702
166,1.035736083984375,2.2743160724639893,10.493615319233758,10.282618530604656,189.14029394415863,191.46342322510847
167,1.038489818572998,2.2210581302642822,10.507847733873124,10.157462469218789,189.32940431488342,191.90996791407258
168,1.0373179912567139,2.2305350303649902,10.588137019501765,10.622160175066295,189.4282136347596,191.8263518284056
169,1.041616678237915,2.2306902408599854,10.670311568331694,10.989574533325909,189.44602199517539,191.55272886180055
170,1.0409064292907715,2.2262237071990967,10.700748713226261,11.006484792780181,189.3475719743866,190.51335283325284
171,1.0415687561035156,2.2286758422851562,10.622185469097206,9.687983156639449,189.40087122923347,191.9358769710862
172,1.0292174816131592,2.2197885513305664,10.71250101886466,10.829498356283546,189.4170626343817,190.88731954441835
173,1.0372512340545654,2.2116448879241943,10.646381088203473,10.493209447069493,189.30991592570857,190.9925996037262
174,1.0344536304473877,2.2814531326293945,10.560971904515617,10.015938429095222,189.44188807711208,192.98086358957994
175,1.0351190567016602,2.22495698928833,10.42482485981798,10.163318708096249,191.5928111400418,191.86562702896737
176,1.0384392738342285,2.224821090698242,10.396564011223948,10.00001004466434,191.59011394290857,191.4364512537764
177,1.0346882343292236,2.2314271926879883,10.307351264128508,9.2653349982644,191.74977985821678,193.50662706715445
178,1.0373108386993408,2.231147050857544,10.323334987838418,10.781997412165385,191.7400331817018,191.72888506325552
179,1.035597324371338,2.2211227416992188,10.228934852027148,10.045573175213203,191.74172586783442,191.56965572312671
180,1.0339851379394531,2.2228431701660156,10.143202146162189,10.1491577341306,191.90535402076645,192.14963436257344
181,1.0337333679199219,2.2272958755493164,10.260742515948971,10.863386854507276,191.76037475981485,190.48608436157048
182,1.0373499393463135,2.2165637016296387,10.130046082998618,9.522534026780022,191.8383574471856,191.66714641812518
183,1.0359044075012207,2.2234928607940674,10.149675315436141,10.68950177144471,191.85063811377253,191.11540626959595
184,1.0400972366333008,2.2179062366485596,10.214957952823116,10.66876480296498,191.67878122493946,191.26229470124895
185,1.0363280773162842,2.228754997253418,10.245609228256972,10.469831462434794,191.65574602348215,191.63527501439444
186,1.0394315719604492,2.229681968688965,10.298960186970234,10.533519631796958,191.70703105645225,191.94930158347762
187,1.02951979637146,2.23717999458313,10.46438576279745,10.919590756536564,191.40865214057368,190.52283790836879
188,1.0318608283996582,2.221590280532837,10.50109105639795,11.149050348170391,191.48497396675538,192.49210332507232
189,1.0396969318389893,2.229680299758911,10.534969108816583,10.384353699399522,191.43361582381345,191.0560742937073
190,1.0373191833496094,2.237912893295288,10.561611912931145,10.415585775276211,191.36998971092987,191.5133732337379
191,1.0392718315124512,2.2284228801727295,10.443985430818048,9.687122033376326,191.42874672166872,191.0736544689588
192,1.0140421390533447,2.237217664718628,10.43594175657681,9.442097284367655,189.87353656452834,176.11504484672162
193,1.0412750244140625,2.210305690765381,10.380358717508575,10.133671380762339,189.94330457314717,191.81308635578404
194,1.0383753776550293,2.232525110244751,10.322190533614389,10.08708296402312,190.0392909867482,192.22215883725931
195,1.0386230945587158,2.226202964782715,10.226040468219255,9.50833080848345,190.03615963475949,191.60396149450725
196,1.0424878597259521,2.3034281730651855,10.134901839128974,9.622133340894148,190.01386234386564,191.726328674539
197,1.0349178314208984,2.2355618476867676,9.984103080775226,9.41160317299909,190.06874839543974,191.07169842410985
198,1.0456931591033936,2.2191762924194336,9.989702345772441,11.205042998142563,189.9391400640966,191.196020011641
199,1.0987677574157715,2.240859270095825,11.490983716106513,25.397167402740244,190.39277314336917,195.59240508643296
200,1.0384893417358398,2.2337489128112793,11.556179359002124,11.067542204232293,190.49613915410774,192.54703334112327
201,1.0379669666290283,2.228405237197876,11.623510418398853,10.360432627343624,190.53890782051522,191.50134113303386
202,1.0406861305236816,2.2309093475341797,11.76014829498082,10.80847605018733,192.03532602586108,191.07922690018023
203,1.0202596187591553,2.229858875274658,11.750736997916103,10.039558410115182,190.96953877577383,181.15521385491158
204,1.033310890197754,2.228666067123413,11.807829202158018,10.658005006442274,190.96315295814253,192.15830066094628
205,1.0347206592559814,2.233808994293213,12.05324974510464,11.962536237949664,190.95394013460233,191.51183325910546
206,1.0422401428222656,2.2384538650512695,12.13810137044024,10.47064959425013,190.91414175926184,191.3283449211338
207,1.043741226196289,2.235862970352173,12.340490534583493,11.435494814431625,190.94638257733786,191.3941066048703
208,1.0388951301574707,2.2741639614105225,12.268793868007158,10.488076332379222,190.9616687308764,191.34888154702617
209,1.0221076011657715,2.2186431884765625,10.523277759032426,7.942006312992911,188.78408995250987,173.8166173027681
210,1.0404682159423828,2.2255821228027344,10.489156078632885,10.726325400236885,188.63347407809266,191.04087459695097
211,1.048769474029541,2.313711643218994,10.43344517977372,9.803323638751976,188.60609973856768,191.2275977377837
212,1.0417587757110596,2.317136764526367,10.562465898452563,12.098683236975763,188.5686650489937,190.7048800044403
213,1.0311882495880127,2.303027868270874,11.144936806911357,15.864267494703132,188.76298812005166,183.0984445654915
214,1.0358223915100098,2.2605650424957275,11.327350881253452,12.482145749863214,187.49554528911546,179.48387235158407
215,1.059084177017212,2.3245770931243896,11.242534083393345,11.114368259348614,187.4940894999288,191.49727536723915
216,1.0567870140075684,2.2825849056243896,11.269764381246699,10.74295257278365,187.53120179591195,191.69946788096547
217,1.0556120872497559,2.3074140548706055,11.122516416790623,9.963015169870854,187.40849005903783,190.16698923612864
218,1.076686143875122,2.4269280433654785,11.183571835326887,11.098630517741865,187.51343720472357,192.39835300388387
219,1.0970661640167236,2.3708720207214355,11.43815962492246,10.487884208948644,189.34335311709617,192.11577642649422
220,1.0918004512786865,2.409132957458496,11.494764938644789,11.292378537460163,189.3907027814762,191.5143712407509
221,1.1104798316955566,2.3812949657440186,11.69220011354938,11.777675387797885,189.5010850467536,192.33142039055775
222,1.0472652912139893,2.242933988571167,11.521252509425594,10.389207195737917,189.618754792115,191.88157745805432
223,1.039867877960205,2.2260870933532715,11.016396842736953,10.815710827816694,190.50188076406,191.92970428494164
224,1.094466209411621,2.247962713241577,10.83904261277075,10.708603450201222,191.71373468634377,191.6024115744217
225,1.0397119522094727,2.2267980575561523,10.811710837502826,10.841050506669351,191.58128248806227,190.17275338442414
226,1.0449388027191162,2.228734016418457,10.74546277183055,10.080471916060894,191.56041862708423,191.4908292711851
227,1.0446844100952148,2.2861220836639404,10.74430678139519,9.951455265517263,191.7489642930655,192.05244589594173
228,1.0409390926361084,2.24708890914917,10.725271228596775,10.908274989757718,191.7098904260158,192.00761433338658
229,1.042463779449463,2.233118772506714,10.682222133042291,10.057393253403806,191.62008040148777,191.21767618121393
230,1.0429730415344238,2.2173690795898438,10.55604209791342,10.030578186171432,191.73290409775728,192.64260820344592
231,1.056457281112671,2.2380459308624268,10.434668868583534,10.563943094499056,191.61943962921328,191.1967757051176
232,1.0469834804534912,2.251077175140381,10.340035293007904,9.442871439981605,191.6041341194436,191.72852236035766
233,1.0433201789855957,2.226426124572754,10.277544231373081,10.190800211468487,191.63492969755845,192.23766006609026
234,1.0415689945220947,2.2321770191192627,10.153840641338363,9.471567549854013,191.68498768830207,192.10299148185783
235,1.043456792831421,2.238952398300171,10.14391057012677,10.741749794553437,191.85103051045482,191.8331816059518
236,1.0417168140411377,2.294363021850586,10.171684231520766,10.35820853000084,191.8994284514419,191.9748086810558
237,1.0320446491241455,2.2382960319519043,10.275523953017279,10.989852480482405,191.85954005840287,191.65356196555155
238,1.0408270359039307,2.227334976196289,10.182976940342531,9.982804863010212,191.84630797533228,191.87529350268048
239,1.0431370735168457,2.235522985458374,10.110524631701917,9.332870166997687,191.96835384774107,192.43813490530175
240,1.039949893951416,2.24295973777771,10.19015074697238,10.826839338876075,191.8451778333078,191.41084805911333
241,1.0412838459014893,2.2181777954101562,10.173877007196783,10.401205696743062,191.89850808847956,191.73007825683544
242,1.040632963180542,2.2285513877868652,10.24832572258152,10.18735859382897,191.86981100544335,191.44155152999508
243,1.0383861064910889,2.22648024559021,10.301250096660112,10.720043952254422,191.90136375147335,192.55318752639062
244,1.0367074012756348,2.244302988052368,10.334146330629542,9.800529889548294,191.77101520085938,190.7995059757182
245,1.035701036453247,2.2266879081726074,10.222838895940312,9.628675447661141,191.74547286173325,191.57775821469022
246,1.0941705703735352,2.2312402725219727,10.253939042063909,10.669209991236844,191.66624242663374,191.18250433006085
247,1.0358633995056152,2.231536865234375,10.108814404116185,9.538606101005133,191.61542840655676,191.14542176478176
248,1.0378003120422363,2.2315399646759033,10.055168811892818,9.446348940776563,191.55018377534063,191.2228471905191
249,1.0439250469207764,2.2395198345184326,10.126990501249923,10.051087060568735,191.51458110028597,192.0821081547552
250,1.0397281646728516,2.237393379211426,9.964870019643104,9.205634522807877,191.0120345330741,186.38538238699442
251,1.0820207595825195,2.2154502868652344,9.933686920639838,10.089374706710394,190.93763428447787,190.98607577087347
252,1.0428521633148193,2.2297158241271973,9.933617110355657,10.186660490987165,191.03666875864874,192.43189627170358
253,1.0404016971588135,2.229787826538086,9.861107521225437,9.994948060952224,190.97717089178974,191.95820885780054
254,1.0402977466583252,2.2329976558685303,9.88654220273246,10.05487670461854,191.08044171116896,191.83221416951034
255,1.035994052886963,2.2363269329071045,10.018520190736922,10.948455327705751,191.01571591253955,190.93050022839645
256,1.036475658416748,2.26676869392395,9.889832959270949,9.382337676577109,191.00830088922055,191.10835409687053
257,1.0425851345062256,2.234442949295044,9.915098857610888,9.791265084404504,191.02464136061394,191.30882647871584
258,1.0346653461456299,2.24261474609375,10.086826916576362,11.163629530431344,191.11479496933464,192.12438327772583
259,1.0321216583251953,2.22946834564209,10.040115279664441,9.583970691449489,191.0330822828551,191.26498128996008
260,1.0413689613342285,2.2195498943328857,10.14026210970771,10.207102823240556,191.56745843260455,191.7291438844888
261,1.0410656929016113,2.2412028312683105,10.124457458527266,9.931328194905976,191.59919080529122,191.30339949774026
262,1.0413250923156738,2.2342119216918945,10.110407917932259,10.0461650850371,191.54466414846456,191.88662970343697
263,1.037438154220581,2.238300323486328,10.26799066753108,11.57077555694043,191.40601668071832,190.57173418033818
264,1.0401217937469482,2.286367177963257,10.299946556915888,10.374435598466627,191.33250964217612,191.0971437840884
265,1.0357496738433838,2.236499786376953,10.197796855321837,9.92695831176523,191.4103281975822,191.70868578245722
266,1.0383367538452148,2.223874092102051,10.2206547609147,9.610916732505734,191.4518930676126,191.52400279717438
267,1.0433549880981445,2.232316255569458,10.316284011732247,10.74755759257999,191.48745063815377,191.66440218412745
268,1.0397844314575195,2.233517646789551,10.30749169469679,11.07570636007675,191.4504942862828,191.75481975901624
269,1.0380916595458984,2.230720281600952,10.349639465257573,10.005448397057343,191.46225773025878,191.38261572971987
270,1.0404589176177979,2.230531930923462,10.28013989210201,9.512107091684914,191.41444922168404,191.25105879874144
271,1.0226433277130127,2.237752914428711,10.021544771155618,7.345376985442062,189.61553835404084,173.31429082130796
272,1.0390632152557373,2.2349517345428467,9.98457706942253,9.67648806770623,189.5413838832323,191.14508499535216
273,1.0449864864349365,2.2342662811279297,9.859977715165158,10.324782014366694,189.65857729296732,191.74366827768785
274,1.0311191082000732,2.2327988147735596,10.186127369845972,13.635932145274777,188.9165560578253,183.67693143266848
275,1.0393800735473633,2.2412540912628174,10.301205337230616,11.077737985611659,188.8146411250006,190.68953645421044
276,1.039963722229004,2.240239143371582,10.387930499192077,10.478168352120349,188.76581432321058,191.0357347792741
277,1.0947141647338867,2.233203887939453,10.302137453115806,9.889627131817281,188.68497064875214,190.8559654395425
278,1.043525218963623,2.2306342124938965,10.22286660966011,10.282997925519798,188.6417795912386,191.3229091838812
279,1.043628215789795,2.235269069671631,10.23037670616141,10.080549362070329,188.64650770344542,191.42989685178821
280,1.040928602218628,2.233675956726074,10.268863080202555,9.896970832096379,188.6908912382112,191.69489414639912
281,1.0398190021514893,2.236711025238037,10.644433910823267,11.101085291649191,190.45744192587577,190.97979769795373
282,1.0416600704193115,2.2330119609832764,10.643997883861957,9.672127798093106,190.4558306287227,191.12897202382146
283,1.0380196571350098,2.231595754623413,10.678281818430326,10.667621360050411,190.47542670696004,191.93962906006112
284,1.1078767776489258,2.243406057357788,10.326453504524945,10.11764900622093,191.24294011491588,191.35206551222697
285,1.179748773574829,2.390237331390381,10.191035610152497,9.723559041887185,191.36153993178075,191.87553462285902
286,1.0975096225738525,2.424729347229004,10.192585466619132,10.493666916786704,191.3700694418785,191.12102988025185
287,1.0542340278625488,2.264173984527588,10.274677021089149,10.710542676517443,191.49481316252223,192.10340264597951
288,1.036881685256958,2.2524168491363525,10.358826410184744,11.124491816475736,191.42751574938413,190.64993505250044
289,1.0455937385559082,2.375154972076416,10.391917317821568,10.411458438438574,189.9010888459696,176.16562781764287
290,1.055124044418335,2.324601650238037,10.457306112811125,10.55085878199197,189.83527121728778,191.0367178595809
291,1.0421857833862305,2.2409989833831787,10.307652744605715,9.604551609595086,189.91102127667972,191.7372982918731
292,1.043473243713379,2.235229969024658,10.34915253333062,10.087125685342171,189.91705918193094,191.18935107633382
293,1.0433783531188965,2.2941884994506836,10.296634035126393,10.142436378008135,189.87365899722172,191.50562721296865
294,1.01540207862854,2.2450191974639893,10.318780372507604,10.33911238003305,188.25928187992685,175.20829433927827
295,1.0399301052093506,2.2389719486236572,10.504723151794343,11.582986834754564,188.17815004755295,191.06421629911983
296,1.0384888648986816,2.2350571155548096,10.517976505958499,10.626200458428267,188.2436081590141,191.77561099486377
297,1.0380828380584717,2.2264010906219482,10.54426649252105,10.97344254214295,188.20259283337498,191.69324938958806
298,1.0423688888549805,2.253051280975342,10.407903230916636,9.760859200431614,188.244211204132,191.06611876007054
299,1.0435960292816162,2.2427620887756348,10.37471105713622,10.079536700634408,189.79636155530633,191.68713132938632
